Sample_ID,Data_Type,Condition,Damage_Type,Vent_Holes,Fiber_Volume_Fraction,Void_Content,Fiber_Orientation_Degree,LBP_Feature_1,LBP_Feature_2,Texture_Contrast,Average_Temperature,Temperature_Variance,Defect_Density,Crack_Length_mm,Fracture_Toughness,Tensile_Strength,Structural_Integrity_Class
1,Thermograph,Mixed,None,4,0.566,0.058,3.28,0.984,0.389,0.313,26.6,1.79,0.128,2.31,31.3,372.62,Medium
2,C-scan (BVID with Holes),Damaged,BVID,5,0.601,0.05,18.99,0.42,0.538,0.627,74.07,6.47,0.154,2.983,49.43,413.52,Medium
3,C-scan (Pristine with Holes),Pristine,None,3,0.693,0.069,63.8,0.926,0.484,0.358,58.57,12.74,0.035,0.739,34.65,497.68,Medium
4,C-scan (BVID with Holes),Damaged,BVID,6,0.501,0.047,52.88,0.993,0.928,0.265,32.47,1.51,0.13,2.673,31.3,505.09,Medium
5,C-scan (Pristine with Holes),Pristine,None,2,0.502,0.01,51.37,0.378,0.352,0.699,29.69,6.09,0.018,0.413,59.72,515.48,High
6,Thermograph,Mixed,None,6,0.454,0.064,39.46,0.887,0.497,0.509,115.49,0.51,0.033,0.824,39.62,624.25,Medium
7,C-scan (BVID with Holes),Damaged,BVID,2,0.513,0.026,86.12,0.106,0.929,0.878,88.32,2.54,0.109,2.979,37.17,476.49,Medium
8,Thermograph,Mixed,None,4,0.498,0.07,16.76,0.575,0.555,0.471,109.64,13.31,0.102,1.287,33.81,527.65,Medium
9,C-scan (Pristine with Holes),Pristine,None,6,0.532,0.072,1.32,0.394,0.367,0.887,88.07,5.24,0.031,0.234,23.46,540.22,Low
10,C-scan (BVID with Holes),Damaged,BVID,6,0.546,0.032,32.02,0.45,0.106,0.278,114.52,11.08,0.188,3.322,35.87,470.54,Medium
11,Thermograph,Mixed,None,6,0.55,0.073,41.67,0.575,0.826,0.579,111.82,7.67,0.063,0.798,37.01,354.61,Medium
12,Thermograph,Mixed,None,4,0.514,0.078,8.68,0.489,0.784,0.766,102.52,7.33,0.117,2.425,33.05,852.26,Medium
13,Thermograph,Mixed,None,4,0.491,0.072,42.19,0.878,0.456,0.484,57.92,11.78,0.104,1.736,37.33,801.11,Medium
14,Thermograph,Mixed,None,6,0.635,0.068,63.13,0.111,0.739,0.89,58.33,6.73,0.113,2.001,55.85,381.79,Medium
15,C-scan (Pristine with Holes),Pristine,None,2,0.613,0.078,12.2,0.307,0.519,0.259,40.94,12.62,0.014,0.826,24.94,609.57,Low
16,Thermograph,Mixed,Thermal Anomaly,3,0.616,0.047,33.05,0.599,0.531,0.583,98.12,10.0,0.134,2.821,44.6,367.25,Medium
17,C-scan (BVID with Holes),Damaged,BVID,5,0.459,0.075,87.29,0.104,0.816,0.461,60.69,8.6,0.123,3.371,38.84,793.97,Medium
18,C-scan (BVID with Holes),Damaged,BVID,3,0.568,0.075,29.56,0.178,0.148,0.31,76.79,9.18,0.117,3.056,41.6,692.19,Medium
19,C-scan (BVID with Holes),Damaged,BVID,5,0.568,0.05,2.21,0.977,0.908,0.455,25.31,14.88,0.08,3.937,51.64,603.46,Medium
20,C-scan (Pristine with Holes),Pristine,None,3,0.477,0.065,8.37,0.582,0.945,0.454,25.42,2.06,0.017,0.965,58.68,664.29,High
21,C-scan (Pristine with Holes),Pristine,None,6,0.56,0.023,30.38,0.129,0.723,0.68,48.45,13.65,0.037,0.205,35.57,435.13,Medium
22,Thermograph,Mixed,Thermal Anomaly,3,0.555,0.035,89.62,0.916,0.506,0.699,41.55,10.15,0.048,2.211,28.23,750.86,Low
23,C-scan (BVID with Holes),Damaged,BVID,4,0.616,0.069,53.8,0.525,0.144,0.253,55.63,7.63,0.156,4.371,37.42,625.23,Medium
24,C-scan (BVID with Holes),Damaged,BVID,4,0.639,0.064,49.15,0.232,0.387,0.866,41.34,3.74,0.123,2.827,37.31,619.12,Medium
25,Thermograph,Mixed,None,5,0.473,0.019,56.47,0.661,0.601,0.731,63.93,3.92,0.12,2.367,51.44,463.77,Medium
26,Thermograph,Mixed,None,2,0.598,0.03,8.46,0.888,0.247,0.858,31.4,5.68,0.087,1.469,36.69,689.78,Medium
27,Thermograph,Mixed,Thermal Anomaly,3,0.572,0.057,0.86,0.335,0.925,0.522,103.14,9.01,0.084,1.299,26.9,716.12,Low
28,C-scan (Pristine with Holes),Pristine,None,3,0.54,0.061,25.72,0.664,0.795,0.886,66.12,6.13,0.031,0.254,32.1,733.82,Medium
29,C-scan (Pristine with Holes),Pristine,None,4,0.475,0.042,35.19,0.133,0.402,0.74,96.96,14.56,0.038,0.923,48.51,440.59,High
30,Thermograph,Mixed,Thermal Anomaly,2,0.642,0.069,66.67,0.722,0.824,0.885,66.82,3.25,0.149,2.667,33.83,513.36,Medium
31,C-scan (Pristine with Holes),Pristine,None,2,0.478,0.052,23.14,0.561,0.255,0.265,78.19,4.44,0.023,0.407,52.24,747.16,High
32,C-scan (Pristine with Holes),Pristine,None,4,0.592,0.069,65.57,0.637,0.222,0.514,93.7,4.28,0.024,0.79,29.85,500.78,Low
33,C-scan (BVID with Holes),Damaged,BVID,5,0.484,0.056,89.19,0.799,0.336,0.563,36.74,12.88,0.126,4.759,59.79,470.94,Medium
34,Thermograph,Mixed,Thermal Anomaly,5,0.587,0.066,5.84,0.748,0.136,0.354,107.32,10.96,0.104,2.463,33.35,449.9,Medium
35,C-scan (Pristine with Holes),Pristine,None,3,0.543,0.037,28.96,0.85,0.565,0.464,73.09,7.95,0.03,0.942,54.73,583.08,High
36,C-scan (BVID with Holes),Damaged,BVID,4,0.527,0.02,36.04,0.92,0.83,0.661,30.53,8.04,0.158,4.824,21.68,484.45,Low
37,C-scan (BVID with Holes),Damaged,BVID,5,0.679,0.024,52.21,0.708,0.985,0.586,28.69,0.91,0.161,4.422,44.41,617.15,Medium
38,C-scan (Pristine with Holes),Pristine,None,4,0.676,0.033,19.06,0.669,0.201,0.498,114.85,4.03,0.047,0.715,26.33,395.32,Low
39,C-scan (Pristine with Holes),Pristine,None,6,0.634,0.073,45.74,0.525,0.318,0.234,89.91,1.5,0.044,0.971,50.71,497.52,High
40,C-scan (BVID with Holes),Damaged,BVID,4,0.565,0.067,76.71,0.418,0.782,0.829,61.73,12.45,0.087,1.694,57.66,560.43,Medium
41,Thermograph,Mixed,None,5,0.518,0.043,12.29,0.193,0.86,0.526,26.24,2.46,0.15,3.314,57.29,645.77,Medium
42,Thermograph,Mixed,None,5,0.677,0.011,63.91,0.473,0.932,0.725,42.65,11.71,0.055,2.57,52.83,627.74,High
43,C-scan (BVID with Holes),Damaged,BVID,3,0.518,0.032,89.25,0.943,0.267,0.433,78.28,7.13,0.166,1.444,44.04,614.93,Medium
44,Thermograph,Mixed,None,4,0.544,0.068,6.21,0.325,0.518,0.428,87.43,6.36,0.053,1.918,32.02,374.58,Medium
45,C-scan (BVID with Holes),Damaged,BVID,6,0.592,0.016,40.61,0.319,0.484,0.62,68.55,1.39,0.182,3.341,56.17,445.58,Medium
46,Thermograph,Mixed,Thermal Anomaly,3,0.637,0.06,80.43,0.974,0.608,0.216,78.55,9.73,0.056,2.225,28.11,735.62,Low
47,Thermograph,Mixed,Thermal Anomaly,4,0.481,0.053,37.14,0.63,0.794,0.828,96.13,5.13,0.081,2.596,34.18,573.08,Medium
48,C-scan (Pristine with Holes),Pristine,None,6,0.45,0.038,28.79,0.461,0.827,0.704,25.81,14.66,0.033,0.79,35.08,891.98,Medium
49,C-scan (BVID with Holes),Damaged,BVID,3,0.567,0.058,0.69,0.474,0.133,0.479,103.9,4.23,0.183,3.621,24.74,576.26,Low
50,C-scan (BVID with Holes),Damaged,BVID,5,0.521,0.057,86.56,0.901,0.96,0.683,84.84,1.9,0.172,3.897,47.63,390.34,Medium
51,C-scan (BVID with Holes),Damaged,BVID,2,0.493,0.062,73.32,0.235,0.114,0.261,72.79,14.94,0.128,2.15,45.12,489.52,Medium
52,C-scan (Pristine with Holes),Pristine,None,3,0.453,0.05,33.21,0.758,0.397,0.631,48.55,1.18,0.036,0.518,49.76,529.44,High
53,Thermograph,Mixed,None,3,0.567,0.045,68.23,0.208,0.898,0.568,115.65,10.22,0.058,2.243,50.03,491.85,High
54,C-scan (BVID with Holes),Damaged,BVID,2,0.547,0.056,80.91,0.737,0.649,0.264,75.83,9.93,0.194,1.503,51.85,702.85,Medium
55,C-scan (BVID with Holes),Damaged,BVID,6,0.543,0.052,6.89,0.725,0.327,0.265,41.97,14.78,0.128,1.525,37.04,830.52,Medium
56,Thermograph,Mixed,None,2,0.48,0.024,15.92,0.226,0.433,0.375,31.73,5.32,0.119,2.111,39.8,620.53,Medium
57,Thermograph,Mixed,None,4,0.553,0.048,13.81,0.601,0.494,0.465,36.92,3.93,0.093,2.363,44.4,468.85,Medium
58,Thermograph,Mixed,Thermal Anomaly,4,0.53,0.019,14.38,0.252,0.369,0.292,74.03,8.15,0.056,3.374,35.01,834.05,Medium
59,C-scan (BVID with Holes),Damaged,BVID,6,0.594,0.019,55.25,0.734,0.85,0.433,113.85,10.09,0.112,3.901,40.63,405.59,Medium
60,Thermograph,Mixed,None,2,0.665,0.053,74.29,0.335,0.369,0.454,78.61,1.81,0.053,3.131,38.63,537.13,Medium
61,C-scan (Pristine with Holes),Pristine,None,2,0.52,0.035,22.86,0.186,0.261,0.241,80.86,9.13,0.021,0.823,36.46,522.08,Medium
62,Thermograph,Mixed,Thermal Anomaly,2,0.592,0.074,43.98,0.962,0.725,0.579,76.47,1.7,0.142,0.561,35.87,808.7,Medium
63,Thermograph,Mixed,None,3,0.576,0.019,29.96,0.354,0.473,0.81,31.21,6.02,0.11,2.557,43.9,539.9,Medium
64,C-scan (BVID with Holes),Damaged,BVID,2,0.479,0.046,14.57,0.399,0.218,0.713,66.98,14.91,0.107,2.965,49.18,560.18,Medium
65,Thermograph,Mixed,Thermal Anomaly,4,0.473,0.019,25.34,0.493,0.403,0.862,83.34,10.7,0.033,1.907,39.69,891.38,Medium
66,C-scan (BVID with Holes),Damaged,BVID,3,0.521,0.058,74.87,0.566,0.328,0.365,52.13,9.95,0.087,4.541,28.63,408.73,Low
67,Thermograph,Mixed,None,2,0.631,0.048,86.58,0.562,0.814,0.379,104.63,13.83,0.129,0.852,27.78,864.81,Low
68,Thermograph,Mixed,None,4,0.534,0.032,4.22,0.128,0.892,0.233,26.2,4.3,0.057,2.942,20.06,411.71,Low
69,C-scan (BVID with Holes),Damaged,BVID,4,0.522,0.063,44.79,0.481,0.976,0.725,46.0,7.66,0.159,4.01,58.46,420.69,Medium
70,Thermograph,Mixed,None,6,0.482,0.032,62.22,0.316,0.769,0.678,38.02,14.2,0.053,3.083,45.14,497.09,High
71,Thermograph,Mixed,None,6,0.66,0.024,28.73,0.484,0.669,0.365,87.8,9.92,0.045,1.46,54.75,715.88,High
72,Thermograph,Mixed,None,3,0.489,0.076,19.87,0.825,0.539,0.784,33.02,8.98,0.059,2.94,24.86,737.8,Low
73,C-scan (Pristine with Holes),Pristine,None,2,0.697,0.026,19.37,0.398,0.642,0.799,51.52,4.3,0.031,0.481,47.61,545.78,High
74,C-scan (BVID with Holes),Damaged,BVID,4,0.557,0.041,4.58,0.772,0.794,0.63,113.81,4.18,0.19,4.531,35.93,647.88,Medium
75,C-scan (Pristine with Holes),Pristine,None,4,0.591,0.07,44.24,0.302,0.878,0.606,83.91,13.53,0.039,0.885,47.08,600.36,High
76,Thermograph,Mixed,Thermal Anomaly,5,0.464,0.065,59.18,0.12,0.494,0.511,51.67,8.11,0.103,1.978,45.38,429.79,Medium
77,Thermograph,Mixed,Thermal Anomaly,6,0.64,0.02,67.83,0.179,0.915,0.741,76.55,2.11,0.056,2.791,49.13,538.83,High
78,C-scan (BVID with Holes),Damaged,BVID,2,0.674,0.035,19.61,0.784,0.894,0.315,117.43,14.14,0.132,3.967,21.41,580.5,Low
79,C-scan (BVID with Holes),Damaged,BVID,5,0.559,0.066,18.67,0.589,0.318,0.784,113.39,6.13,0.195,3.506,41.35,352.84,Medium
80,C-scan (Pristine with Holes),Pristine,None,6,0.565,0.072,73.54,0.154,0.649,0.336,97.62,4.39,0.048,0.925,24.3,749.75,Low
81,Thermograph,Mixed,None,3,0.451,0.014,43.14,0.205,0.834,0.857,89.36,8.98,0.064,2.547,50.78,865.76,High
82,Thermograph,Mixed,Thermal Anomaly,2,0.586,0.076,10.39,0.201,0.315,0.359,58.53,2.48,0.043,0.768,48.75,420.0,High
83,Thermograph,Mixed,Thermal Anomaly,3,0.569,0.039,35.25,0.519,0.416,0.317,119.03,5.2,0.148,1.648,46.71,571.74,Medium
84,Thermograph,Mixed,None,5,0.495,0.069,53.55,0.303,0.255,0.689,71.67,3.01,0.092,1.365,22.99,684.72,Low
85,C-scan (BVID with Holes),Damaged,BVID,4,0.532,0.054,67.08,0.44,0.78,0.836,97.67,14.88,0.146,4.074,26.01,820.15,Low
86,C-scan (Pristine with Holes),Pristine,None,6,0.567,0.068,29.25,0.975,0.701,0.286,29.37,4.38,0.02,0.687,46.72,877.79,High
87,Thermograph,Mixed,None,6,0.48,0.038,11.55,0.354,0.889,0.324,75.93,4.97,0.112,0.595,21.86,897.27,Low
88,Thermograph,Mixed,None,3,0.505,0.052,0.8,0.534,0.836,0.555,67.62,9.36,0.05,1.172,28.47,570.97,Low
89,Thermograph,Mixed,None,2,0.679,0.013,32.45,0.882,0.661,0.415,99.65,2.32,0.084,3.003,35.98,634.98,Medium
90,C-scan (Pristine with Holes),Pristine,None,2,0.672,0.036,32.17,0.62,0.117,0.484,54.36,7.16,0.034,0.384,54.17,492.65,High
91,Thermograph,Mixed,None,3,0.65,0.065,65.3,0.218,0.839,0.327,47.49,0.69,0.063,3.061,56.13,681.1,High
92,Thermograph,Mixed,None,3,0.659,0.037,36.27,0.55,0.91,0.207,67.09,6.84,0.081,0.6,56.67,509.85,Medium
93,Thermograph,Mixed,None,6,0.681,0.037,61.92,0.53,0.41,0.578,108.35,5.53,0.066,2.671,20.46,845.92,Low
94,C-scan (Pristine with Holes),Pristine,None,3,0.665,0.064,34.74,0.281,0.426,0.541,64.67,3.66,0.044,0.385,48.52,684.74,High
95,C-scan (Pristine with Holes),Pristine,None,5,0.615,0.08,86.76,0.691,0.88,0.848,29.57,11.98,0.015,0.612,34.63,350.19,Medium
96,C-scan (BVID with Holes),Damaged,BVID,3,0.668,0.012,23.32,0.959,0.245,0.825,34.41,13.81,0.153,1.781,37.98,850.68,Medium
97,C-scan (BVID with Holes),Damaged,BVID,5,0.468,0.075,76.45,0.965,0.425,0.37,97.17,13.6,0.096,3.106,42.76,811.4,Medium
98,C-scan (BVID with Holes),Damaged,BVID,3,0.662,0.018,69.86,0.774,0.153,0.5,111.27,7.15,0.198,1.487,48.11,683.06,Medium
99,C-scan (BVID with Holes),Damaged,BVID,4,0.55,0.028,62.55,0.769,0.198,0.764,68.9,5.79,0.174,4.925,54.17,821.71,Medium
100,C-scan (BVID with Holes),Damaged,BVID,2,0.578,0.067,84.28,0.284,0.957,0.582,116.46,10.84,0.161,2.171,55.46,668.59,Medium
101,C-scan (BVID with Holes),Damaged,BVID,2,0.577,0.078,62.38,0.374,0.149,0.279,40.68,8.16,0.153,1.163,46.34,605.37,Medium
102,C-scan (Pristine with Holes),Pristine,None,3,0.568,0.021,38.78,0.781,0.708,0.256,101.11,7.36,0.037,0.471,46.25,453.16,High
103,C-scan (Pristine with Holes),Pristine,None,4,0.626,0.019,23.81,0.178,0.244,0.866,93.27,4.34,0.043,0.83,39.03,887.23,Medium
104,C-scan (Pristine with Holes),Pristine,None,6,0.503,0.051,43.76,0.362,0.195,0.672,106.5,1.5,0.044,0.115,34.8,433.84,Medium
105,C-scan (BVID with Holes),Damaged,BVID,4,0.457,0.038,89.18,0.486,0.458,0.311,67.12,3.1,0.126,3.198,54.12,841.05,Medium
106,C-scan (Pristine with Holes),Pristine,None,6,0.648,0.079,53.38,0.79,0.535,0.82,117.92,7.36,0.046,0.576,25.58,658.16,Low
107,C-scan (Pristine with Holes),Pristine,None,4,0.47,0.013,27.56,0.405,0.921,0.872,62.11,13.03,0.029,0.956,50.23,759.04,High
108,C-scan (Pristine with Holes),Pristine,None,2,0.655,0.048,68.32,0.391,0.468,0.302,51.91,10.53,0.048,0.543,31.49,817.4,Medium
109,C-scan (Pristine with Holes),Pristine,None,6,0.582,0.027,76.33,0.84,0.779,0.36,26.09,8.29,0.048,0.129,54.75,449.83,High
110,Thermograph,Mixed,None,6,0.664,0.067,89.06,0.669,0.466,0.491,101.94,6.92,0.145,2.761,48.43,595.52,Medium
111,C-scan (BVID with Holes),Damaged,BVID,6,0.453,0.076,49.45,0.263,0.774,0.693,35.32,10.82,0.18,1.582,33.19,465.42,Medium
112,Thermograph,Mixed,Thermal Anomaly,5,0.638,0.032,24.05,0.672,0.7,0.811,49.2,13.22,0.037,3.265,49.94,818.41,High
113,Thermograph,Mixed,None,5,0.63,0.059,29.39,0.722,0.885,0.642,106.18,0.57,0.143,0.991,32.55,679.42,Medium
114,Thermograph,Mixed,Thermal Anomaly,6,0.496,0.023,1.63,0.425,0.867,0.302,113.73,0.53,0.034,1.206,58.06,824.74,High
115,C-scan (BVID with Holes),Damaged,BVID,6,0.539,0.045,1.83,0.356,0.661,0.357,119.18,0.62,0.177,4.868,32.95,422.22,Medium
116,C-scan (BVID with Holes),Damaged,BVID,2,0.505,0.014,65.08,0.352,0.802,0.37,113.92,3.45,0.143,1.595,21.88,416.23,Low
117,Thermograph,Mixed,None,4,0.47,0.028,2.11,0.122,0.825,0.856,115.59,5.46,0.075,1.137,33.71,789.53,Medium
118,C-scan (Pristine with Holes),Pristine,None,4,0.589,0.07,19.28,0.174,0.508,0.457,109.9,13.69,0.011,0.177,27.27,816.27,Low
119,Thermograph,Mixed,None,5,0.628,0.028,60.71,0.818,0.42,0.736,76.07,4.04,0.043,1.966,49.24,392.9,High
120,Thermograph,Mixed,Thermal Anomaly,6,0.652,0.079,5.4,0.399,0.29,0.492,81.74,1.04,0.072,0.543,34.39,825.46,Medium
121,Thermograph,Mixed,Thermal Anomaly,4,0.525,0.067,42.14,0.825,0.261,0.223,47.34,14.16,0.041,3.117,56.78,761.81,High
122,Thermograph,Mixed,Thermal Anomaly,6,0.559,0.042,19.2,0.276,0.213,0.73,49.99,12.86,0.049,1.672,43.53,557.69,Medium
123,C-scan (BVID with Holes),Damaged,BVID,5,0.504,0.074,80.13,0.405,0.366,0.302,67.12,2.53,0.165,4.39,27.67,780.57,Low
124,C-scan (BVID with Holes),Damaged,BVID,3,0.66,0.051,1.39,0.887,0.382,0.395,70.22,5.88,0.149,3.675,28.56,764.43,Low
125,C-scan (Pristine with Holes),Pristine,None,3,0.539,0.079,31.11,0.796,0.624,0.684,102.57,4.03,0.038,0.239,47.65,672.24,High
126,C-scan (Pristine with Holes),Pristine,None,6,0.681,0.02,66.65,0.167,0.298,0.545,44.68,4.8,0.024,0.629,42.46,533.96,Medium
127,C-scan (Pristine with Holes),Pristine,None,4,0.639,0.075,75.41,0.392,0.326,0.357,89.05,6.87,0.048,0.781,34.17,633.97,Medium
128,Thermograph,Mixed,None,2,0.612,0.074,71.14,0.244,0.458,0.216,88.52,1.76,0.097,1.48,21.7,552.19,Low
129,C-scan (BVID with Holes),Damaged,BVID,6,0.672,0.071,25.53,0.322,0.691,0.606,65.7,6.86,0.122,1.866,31.68,789.62,Medium
130,C-scan (Pristine with Holes),Pristine,None,2,0.454,0.03,20.47,0.904,0.267,0.886,85.57,6.55,0.022,0.48,38.73,740.93,Medium
131,C-scan (Pristine with Holes),Pristine,None,2,0.639,0.018,41.67,0.248,0.555,0.835,95.59,5.28,0.023,0.847,47.67,421.26,High
132,C-scan (Pristine with Holes),Pristine,None,5,0.451,0.029,24.76,0.969,0.278,0.576,75.19,8.79,0.046,0.595,30.68,637.16,Medium
133,C-scan (Pristine with Holes),Pristine,None,5,0.654,0.029,6.64,0.948,0.535,0.779,63.71,10.92,0.032,0.106,20.45,733.86,Low
134,C-scan (Pristine with Holes),Pristine,None,2,0.583,0.039,74.63,0.829,0.834,0.658,70.53,8.17,0.014,0.781,50.3,669.88,High
135,C-scan (Pristine with Holes),Pristine,None,6,0.637,0.035,22.3,0.853,0.726,0.88,63.81,3.82,0.04,0.864,34.9,815.57,Medium
136,Thermograph,Mixed,None,2,0.487,0.074,88.68,0.565,0.674,0.281,114.15,3.09,0.049,1.235,51.71,888.61,High
137,C-scan (Pristine with Holes),Pristine,None,3,0.451,0.037,78.32,0.825,0.353,0.81,79.71,14.82,0.04,0.416,25.32,408.56,Low
138,C-scan (Pristine with Holes),Pristine,None,6,0.687,0.065,40.83,0.544,0.956,0.723,97.33,5.57,0.046,0.598,25.28,542.03,Low
139,Thermograph,Mixed,None,3,0.692,0.017,3.37,0.443,0.84,0.423,113.64,13.83,0.087,1.526,45.83,822.37,Medium
140,Thermograph,Mixed,None,3,0.531,0.053,22.29,0.684,0.877,0.697,89.2,0.9,0.088,2.208,27.88,375.38,Low
141,C-scan (BVID with Holes),Damaged,BVID,4,0.522,0.049,60.82,0.173,0.559,0.384,85.79,13.09,0.123,4.758,43.23,853.53,Medium
142,C-scan (Pristine with Holes),Pristine,None,6,0.472,0.05,51.05,0.645,0.907,0.666,107.55,13.12,0.02,0.478,41.88,592.03,Medium
143,C-scan (BVID with Holes),Damaged,BVID,2,0.689,0.039,34.87,0.85,0.62,0.678,56.21,0.59,0.176,2.908,20.2,376.38,Low
144,C-scan (Pristine with Holes),Pristine,None,2,0.633,0.01,17.35,0.741,0.776,0.523,30.51,6.79,0.012,0.58,35.46,835.86,Medium
145,C-scan (Pristine with Holes),Pristine,None,6,0.596,0.03,34.14,0.57,0.45,0.251,119.9,5.75,0.029,0.474,44.73,502.08,Medium
146,C-scan (Pristine with Holes),Pristine,None,2,0.69,0.053,39.17,0.451,0.932,0.357,58.31,6.51,0.044,0.546,59.91,849.0,High
147,C-scan (BVID with Holes),Damaged,BVID,3,0.615,0.048,61.5,0.341,0.637,0.69,120.0,13.15,0.145,2.764,47.5,623.71,Medium
148,C-scan (Pristine with Holes),Pristine,None,2,0.512,0.017,39.99,0.18,0.891,0.818,94.21,14.56,0.031,0.886,37.62,590.52,Medium
149,Thermograph,Mixed,None,3,0.497,0.044,12.63,0.391,0.167,0.535,83.71,12.97,0.117,1.617,40.82,688.44,Medium
150,C-scan (Pristine with Holes),Pristine,None,3,0.557,0.073,0.93,0.846,0.467,0.465,71.61,14.48,0.043,0.913,37.68,640.92,Medium
151,C-scan (BVID with Holes),Damaged,BVID,5,0.525,0.062,50.01,0.477,0.311,0.479,43.57,2.18,0.081,2.938,39.06,610.51,Medium
152,Thermograph,Mixed,None,2,0.613,0.038,23.57,0.934,0.382,0.458,78.17,8.69,0.098,0.959,21.44,650.13,Low
153,C-scan (BVID with Holes),Damaged,BVID,6,0.509,0.056,67.07,0.635,0.145,0.698,35.2,1.26,0.115,2.395,50.23,350.94,Medium
154,C-scan (BVID with Holes),Damaged,BVID,5,0.51,0.053,42.16,0.809,0.126,0.651,34.48,5.81,0.102,2.455,37.53,530.33,Medium
155,C-scan (BVID with Holes),Damaged,BVID,6,0.567,0.077,71.45,0.769,0.21,0.374,110.87,1.2,0.177,2.573,24.85,532.09,Low
156,C-scan (BVID with Holes),Damaged,BVID,2,0.468,0.019,41.58,0.641,0.63,0.789,43.58,1.36,0.086,1.167,44.6,535.74,Medium
157,Thermograph,Mixed,Thermal Anomaly,6,0.519,0.013,54.95,0.9,0.749,0.476,86.02,0.65,0.08,3.209,25.49,736.24,Low
158,C-scan (Pristine with Holes),Pristine,None,6,0.694,0.043,62.69,0.691,0.469,0.503,58.4,8.13,0.032,0.74,56.85,878.89,High
159,C-scan (Pristine with Holes),Pristine,None,5,0.549,0.064,4.22,0.541,0.977,0.366,101.33,8.63,0.013,0.543,56.08,507.09,High
160,Thermograph,Mixed,None,5,0.697,0.024,22.14,0.172,0.572,0.644,35.81,8.07,0.063,3.223,35.63,508.29,Medium
161,Thermograph,Mixed,Thermal Anomaly,4,0.672,0.068,80.45,0.218,0.935,0.552,56.23,7.84,0.061,2.151,56.2,811.14,High
162,Thermograph,Mixed,Thermal Anomaly,4,0.559,0.051,22.76,0.571,0.309,0.328,77.44,9.48,0.063,1.091,45.28,850.15,High
163,C-scan (BVID with Holes),Damaged,BVID,6,0.507,0.037,16.04,0.74,0.131,0.71,36.13,6.22,0.115,3.016,49.07,411.38,Medium
164,C-scan (BVID with Holes),Damaged,BVID,6,0.498,0.023,56.05,0.674,0.889,0.495,63.81,8.12,0.156,1.435,31.68,557.51,Medium
165,C-scan (BVID with Holes),Damaged,BVID,4,0.684,0.025,24.36,0.749,0.933,0.458,118.35,9.98,0.116,4.104,29.29,618.06,Low
166,C-scan (Pristine with Holes),Pristine,None,5,0.483,0.08,8.22,0.748,0.784,0.233,39.63,11.17,0.024,0.528,58.1,459.35,High
167,C-scan (BVID with Holes),Damaged,BVID,5,0.563,0.022,3.08,0.672,0.692,0.246,102.4,12.34,0.199,2.248,39.28,790.14,Medium
168,C-scan (BVID with Holes),Damaged,BVID,4,0.652,0.04,20.87,0.634,0.597,0.556,65.08,5.45,0.187,1.89,42.4,785.94,Medium
169,Thermograph,Mixed,None,5,0.452,0.043,43.55,0.388,0.271,0.825,71.51,14.01,0.032,2.865,22.4,854.73,Low
170,C-scan (BVID with Holes),Damaged,BVID,4,0.596,0.041,1.37,0.367,0.569,0.79,106.38,2.39,0.116,3.525,43.51,600.06,Medium
171,C-scan (BVID with Holes),Damaged,BVID,6,0.555,0.035,41.47,0.452,0.502,0.633,38.81,6.88,0.147,2.149,51.46,648.54,Medium
172,C-scan (BVID with Holes),Damaged,BVID,4,0.56,0.075,23.45,0.999,0.439,0.35,41.04,2.19,0.135,3.781,46.61,833.79,Medium
173,Thermograph,Mixed,None,3,0.556,0.034,29.89,0.521,0.862,0.523,48.01,8.79,0.034,0.601,28.27,412.93,Low
174,C-scan (BVID with Holes),Damaged,BVID,2,0.615,0.022,51.31,0.3,0.985,0.399,63.65,10.65,0.18,4.386,40.17,514.13,Medium
175,C-scan (Pristine with Holes),Pristine,None,6,0.533,0.051,1.58,0.506,0.246,0.886,44.85,13.77,0.031,0.821,21.25,762.21,Low
176,Thermograph,Mixed,None,2,0.637,0.052,87.79,0.639,0.495,0.838,85.17,14.78,0.071,0.621,59.9,891.38,High
177,Thermograph,Mixed,Thermal Anomaly,3,0.525,0.018,64.46,0.615,0.94,0.877,64.42,13.83,0.149,1.891,46.81,662.68,Medium
178,C-scan (BVID with Holes),Damaged,BVID,2,0.549,0.02,2.74,0.959,0.588,0.213,57.26,2.59,0.122,1.16,56.44,420.01,Medium
179,C-scan (Pristine with Holes),Pristine,None,2,0.673,0.027,53.2,0.402,0.36,0.711,95.32,12.86,0.012,0.171,20.75,793.03,Low
180,C-scan (BVID with Holes),Damaged,BVID,5,0.629,0.034,41.21,0.775,0.775,0.619,32.0,11.19,0.086,2.072,40.51,360.43,Medium
181,C-scan (Pristine with Holes),Pristine,None,4,0.5,0.025,20.85,0.778,0.724,0.371,102.07,2.61,0.028,0.46,31.67,490.58,Medium
182,C-scan (Pristine with Holes),Pristine,None,4,0.557,0.037,29.43,0.335,0.628,0.881,93.28,0.69,0.044,0.906,56.13,696.12,High
183,Thermograph,Mixed,None,2,0.559,0.029,51.65,0.799,0.244,0.585,38.3,2.88,0.033,0.603,54.41,867.39,High
184,C-scan (Pristine with Holes),Pristine,None,4,0.508,0.064,89.49,0.857,0.963,0.626,110.29,6.06,0.021,0.119,45.72,435.49,High
185,C-scan (Pristine with Holes),Pristine,None,5,0.543,0.038,71.92,0.391,0.58,0.41,92.99,12.87,0.033,0.617,23.55,363.99,Low
186,Thermograph,Mixed,None,6,0.488,0.065,79.83,0.537,0.934,0.285,85.25,7.79,0.125,3.143,22.87,506.67,Low
187,Thermograph,Mixed,Thermal Anomaly,2,0.534,0.047,42.52,0.808,0.15,0.56,88.02,5.15,0.109,2.032,32.51,862.69,Medium
188,Thermograph,Mixed,Thermal Anomaly,3,0.681,0.078,53.2,0.332,0.214,0.334,47.11,0.76,0.115,2.307,31.36,359.93,Medium
189,C-scan (BVID with Holes),Damaged,BVID,2,0.624,0.048,57.75,0.199,0.43,0.366,63.22,9.62,0.163,2.577,20.69,559.21,Low
190,C-scan (Pristine with Holes),Pristine,None,2,0.665,0.075,85.36,0.57,0.725,0.574,107.95,9.86,0.038,0.247,57.58,524.73,High
191,C-scan (BVID with Holes),Damaged,BVID,4,0.564,0.064,2.75,0.794,0.438,0.788,39.91,9.67,0.148,2.524,55.26,572.74,Medium
192,C-scan (BVID with Holes),Damaged,BVID,6,0.45,0.04,71.51,0.64,0.442,0.574,55.56,9.58,0.189,4.369,24.23,488.76,Low
193,Thermograph,Mixed,None,4,0.465,0.057,44.28,0.701,0.463,0.423,74.91,14.17,0.04,2.391,22.01,434.84,Low
194,C-scan (Pristine with Holes),Pristine,None,4,0.562,0.021,7.47,0.851,0.424,0.633,67.9,7.87,0.028,0.494,21.19,495.88,Low
195,Thermograph,Mixed,None,5,0.474,0.059,16.56,0.676,0.226,0.24,84.08,5.15,0.111,1.902,52.38,509.93,Medium
196,C-scan (Pristine with Holes),Pristine,None,6,0.581,0.042,64.5,0.975,0.605,0.51,79.41,13.87,0.038,0.741,40.62,760.31,Medium
197,C-scan (Pristine with Holes),Pristine,None,5,0.683,0.02,42.01,0.62,0.103,0.209,98.42,12.01,0.05,0.985,26.01,537.22,Low
198,C-scan (BVID with Holes),Damaged,BVID,5,0.517,0.031,34.61,0.947,0.902,0.434,93.99,2.37,0.15,3.831,22.9,401.47,Low
199,C-scan (Pristine with Holes),Pristine,None,6,0.553,0.044,67.1,0.873,0.204,0.577,37.38,7.88,0.013,0.93,40.88,867.74,Medium
200,C-scan (BVID with Holes),Damaged,BVID,3,0.647,0.029,13.43,0.6,0.564,0.547,59.63,6.36,0.116,3.226,38.55,671.5,Medium
201,Thermograph,Mixed,None,5,0.608,0.051,42.29,0.992,0.615,0.537,119.55,13.07,0.114,2.884,45.48,625.11,Medium
202,C-scan (Pristine with Holes),Pristine,None,5,0.581,0.055,30.14,0.387,0.668,0.714,107.03,14.31,0.042,0.118,45.95,451.33,High
203,Thermograph,Mixed,Thermal Anomaly,2,0.606,0.037,19.56,0.282,0.599,0.733,89.07,1.64,0.065,3.171,21.18,705.02,Low
204,C-scan (BVID with Holes),Damaged,BVID,3,0.517,0.012,41.24,0.478,0.447,0.678,102.62,11.02,0.19,3.943,23.74,370.18,Low
205,C-scan (BVID with Holes),Damaged,BVID,4,0.496,0.044,57.19,0.256,0.981,0.51,82.1,11.4,0.198,4.474,26.21,511.01,Low
206,C-scan (BVID with Holes),Damaged,BVID,2,0.488,0.048,47.7,0.559,0.456,0.277,104.45,0.71,0.129,2.886,33.03,415.21,Medium
207,C-scan (Pristine with Holes),Pristine,None,4,0.59,0.013,20.7,0.906,0.408,0.629,117.06,9.82,0.028,0.661,47.25,790.3,High
208,C-scan (BVID with Holes),Damaged,BVID,5,0.698,0.071,75.95,0.867,0.817,0.457,50.82,5.38,0.091,4.861,31.99,712.84,Medium
209,Thermograph,Mixed,Thermal Anomaly,6,0.543,0.067,75.43,0.903,0.219,0.599,39.76,14.44,0.145,3.318,35.8,351.96,Medium
210,C-scan (Pristine with Holes),Pristine,None,2,0.667,0.068,9.15,0.299,0.107,0.656,106.17,0.98,0.038,0.379,48.51,424.94,High
211,C-scan (Pristine with Holes),Pristine,None,6,0.663,0.043,53.66,0.294,0.847,0.566,77.94,4.35,0.043,0.919,53.32,650.7,High
212,Thermograph,Mixed,None,4,0.688,0.057,4.38,0.194,0.375,0.711,39.43,3.7,0.038,1.373,30.27,511.55,Medium
213,Thermograph,Mixed,None,2,0.587,0.074,31.43,0.815,0.444,0.421,85.78,0.64,0.076,0.627,49.64,675.92,High
214,C-scan (Pristine with Holes),Pristine,None,6,0.534,0.033,2.62,0.347,0.397,0.287,63.58,3.36,0.046,0.555,55.77,729.03,High
215,Thermograph,Mixed,None,3,0.578,0.02,55.87,0.47,0.883,0.217,80.66,0.82,0.082,2.312,28.29,770.0,Low
216,Thermograph,Mixed,None,3,0.582,0.044,21.72,0.712,0.42,0.63,116.24,4.65,0.12,1.392,51.78,757.22,Medium
217,Thermograph,Mixed,None,6,0.505,0.03,59.07,0.369,0.856,0.87,86.9,10.21,0.042,2.931,30.24,888.39,Medium
218,C-scan (Pristine with Holes),Pristine,None,4,0.579,0.056,12.46,0.442,0.413,0.555,87.56,11.64,0.02,0.243,29.82,510.02,Low
219,Thermograph,Mixed,Thermal Anomaly,6,0.468,0.055,78.78,0.291,0.242,0.316,94.76,3.0,0.035,1.061,30.75,416.48,Medium
220,C-scan (BVID with Holes),Damaged,BVID,6,0.491,0.019,22.43,0.226,0.553,0.773,87.83,7.2,0.125,2.196,54.96,718.23,Medium
221,C-scan (BVID with Holes),Damaged,BVID,2,0.68,0.043,71.79,0.268,0.338,0.28,32.09,14.57,0.173,4.814,26.63,629.51,Low
222,C-scan (Pristine with Holes),Pristine,None,2,0.543,0.052,66.7,0.737,0.259,0.253,54.96,9.82,0.042,0.51,44.96,524.87,Medium
223,C-scan (Pristine with Holes),Pristine,None,3,0.52,0.028,24.09,0.197,0.525,0.333,88.39,10.47,0.021,0.276,45.64,621.89,High
224,C-scan (BVID with Holes),Damaged,BVID,4,0.503,0.078,56.95,0.314,0.129,0.373,118.43,7.04,0.082,2.98,58.1,716.26,Medium
225,C-scan (BVID with Holes),Damaged,BVID,6,0.567,0.04,84.4,0.29,0.649,0.428,116.26,0.83,0.124,4.049,48.68,777.92,Medium
226,C-scan (Pristine with Holes),Pristine,None,2,0.646,0.017,30.9,0.303,0.362,0.716,58.19,7.77,0.021,0.51,35.73,652.17,Medium
227,C-scan (BVID with Holes),Damaged,BVID,6,0.533,0.05,26.96,0.655,0.485,0.804,108.02,14.24,0.084,1.509,44.56,859.55,Medium
228,C-scan (Pristine with Holes),Pristine,None,4,0.501,0.028,63.01,0.223,0.106,0.204,35.88,4.55,0.02,0.921,48.55,617.15,High
229,C-scan (Pristine with Holes),Pristine,None,2,0.522,0.044,31.78,0.926,0.378,0.737,37.16,9.66,0.025,0.135,42.48,776.03,Medium
230,C-scan (Pristine with Holes),Pristine,None,2,0.584,0.042,31.47,0.821,0.397,0.223,71.87,6.13,0.025,0.349,24.79,594.44,Low
231,C-scan (BVID with Holes),Damaged,BVID,3,0.6,0.045,34.68,0.372,0.789,0.636,78.44,9.61,0.145,2.32,22.18,866.98,Low
232,C-scan (Pristine with Holes),Pristine,None,4,0.66,0.017,53.1,0.237,0.98,0.425,39.46,13.73,0.011,0.149,31.42,860.97,Medium
233,C-scan (Pristine with Holes),Pristine,None,5,0.692,0.014,48.54,0.394,0.782,0.653,66.06,12.95,0.029,0.576,55.03,872.18,High
234,C-scan (BVID with Holes),Damaged,BVID,3,0.578,0.016,13.32,0.466,0.707,0.36,28.16,4.69,0.161,1.143,34.94,876.86,Medium
235,C-scan (BVID with Holes),Damaged,BVID,6,0.557,0.048,15.06,0.771,0.68,0.201,83.93,14.51,0.146,3.086,28.54,361.38,Low
236,C-scan (Pristine with Holes),Pristine,None,5,0.639,0.071,62.33,0.632,0.434,0.593,116.76,9.18,0.015,0.555,22.21,686.89,Low
237,C-scan (Pristine with Holes),Pristine,None,3,0.464,0.072,71.31,0.568,0.304,0.894,33.22,14.59,0.038,0.332,28.73,435.9,Low
238,C-scan (Pristine with Holes),Pristine,None,4,0.64,0.021,50.73,0.3,0.618,0.698,93.7,10.84,0.022,0.836,24.82,494.68,Low
239,C-scan (BVID with Holes),Damaged,BVID,2,0.651,0.058,42.7,0.103,0.732,0.45,62.66,0.66,0.098,4.728,35.01,361.87,Medium
240,C-scan (Pristine with Holes),Pristine,None,5,0.578,0.049,59.77,0.383,0.234,0.205,44.41,11.28,0.044,0.983,56.27,468.1,High
241,Thermograph,Mixed,None,2,0.557,0.047,38.27,0.879,0.251,0.361,93.48,4.25,0.04,1.144,37.6,446.07,Medium
242,Thermograph,Mixed,None,5,0.686,0.015,56.61,0.272,0.971,0.853,44.29,4.94,0.14,2.329,53.57,820.43,Medium
243,C-scan (BVID with Holes),Damaged,BVID,5,0.662,0.014,87.03,0.419,0.747,0.312,32.92,12.04,0.154,2.303,42.29,749.8,Medium
244,C-scan (BVID with Holes),Damaged,BVID,5,0.518,0.019,80.28,0.695,0.456,0.523,93.06,4.58,0.195,4.65,59.33,842.06,Medium
245,C-scan (BVID with Holes),Damaged,BVID,3,0.522,0.016,62.47,0.309,0.162,0.377,119.24,10.85,0.11,2.888,27.0,616.03,Low
246,C-scan (Pristine with Holes),Pristine,None,3,0.524,0.076,76.9,0.976,0.134,0.417,74.59,2.12,0.046,0.245,32.04,575.02,Medium
247,Thermograph,Mixed,None,2,0.585,0.024,4.26,0.868,0.777,0.617,38.0,4.82,0.068,1.818,58.37,867.79,High
248,C-scan (BVID with Holes),Damaged,BVID,4,0.604,0.065,80.21,0.667,0.882,0.396,73.8,3.54,0.104,3.792,31.01,522.88,Medium
249,C-scan (Pristine with Holes),Pristine,None,5,0.685,0.027,36.6,0.708,0.892,0.711,72.58,0.75,0.023,0.744,23.53,851.02,Low
250,C-scan (BVID with Holes),Damaged,BVID,6,0.51,0.077,86.37,0.229,0.223,0.27,84.21,8.57,0.086,1.32,57.03,746.23,Medium
251,C-scan (Pristine with Holes),Pristine,None,2,0.687,0.051,47.95,0.345,0.947,0.679,41.76,8.62,0.046,0.929,32.29,702.23,Medium
252,C-scan (BVID with Holes),Damaged,BVID,6,0.564,0.058,56.26,0.2,0.418,0.738,70.43,4.62,0.135,3.453,54.64,576.83,Medium
253,Thermograph,Mixed,Thermal Anomaly,5,0.548,0.053,37.92,0.342,0.774,0.647,44.79,8.06,0.137,0.507,35.5,429.37,Medium
254,C-scan (Pristine with Holes),Pristine,None,5,0.648,0.065,12.2,0.539,0.27,0.617,114.8,8.59,0.021,0.656,41.19,726.41,Medium
255,Thermograph,Mixed,None,2,0.678,0.075,31.36,0.973,0.18,0.615,90.55,13.72,0.074,0.731,25.87,635.09,Low
256,C-scan (Pristine with Holes),Pristine,None,3,0.589,0.077,35.98,0.993,0.469,0.247,105.92,5.53,0.036,0.84,46.33,809.81,High
257,Thermograph,Mixed,Thermal Anomaly,6,0.613,0.041,40.91,0.789,0.583,0.723,80.49,12.88,0.098,3.219,45.39,383.85,Medium
258,C-scan (Pristine with Holes),Pristine,None,4,0.587,0.074,6.92,0.877,0.64,0.542,54.37,12.94,0.02,0.62,32.68,545.89,Medium
259,C-scan (BVID with Holes),Damaged,BVID,3,0.694,0.024,25.12,0.428,0.754,0.544,88.7,12.66,0.117,1.21,25.31,598.57,Low
260,Thermograph,Mixed,Thermal Anomaly,4,0.657,0.065,28.14,0.539,0.24,0.215,89.74,2.29,0.072,1.169,35.53,391.21,Medium
261,C-scan (Pristine with Holes),Pristine,None,6,0.525,0.052,21.9,0.164,0.71,0.645,72.04,10.05,0.048,0.488,56.12,782.8,High
262,Thermograph,Mixed,None,2,0.522,0.051,84.06,1.0,0.905,0.569,91.73,10.41,0.102,1.109,56.49,423.37,Medium
263,C-scan (Pristine with Holes),Pristine,None,2,0.522,0.02,57.65,0.73,0.396,0.202,75.95,11.79,0.02,0.729,26.27,381.34,Low
264,Thermograph,Mixed,Thermal Anomaly,4,0.609,0.048,43.67,0.548,0.48,0.845,37.47,2.4,0.06,2.413,31.04,880.51,Medium
265,C-scan (Pristine with Holes),Pristine,None,4,0.659,0.045,15.66,0.528,0.878,0.273,92.21,2.46,0.037,0.445,43.77,364.25,Medium
266,C-scan (BVID with Holes),Damaged,BVID,2,0.532,0.031,24.18,0.362,0.585,0.268,96.11,3.31,0.094,1.673,52.36,546.93,Medium
267,C-scan (BVID with Holes),Damaged,BVID,5,0.487,0.072,44.31,0.547,0.956,0.333,77.47,7.25,0.155,4.724,35.76,592.29,Medium
268,C-scan (Pristine with Holes),Pristine,None,4,0.611,0.015,64.31,0.297,0.31,0.888,70.83,14.89,0.041,0.619,42.41,428.93,Medium
269,C-scan (BVID with Holes),Damaged,BVID,3,0.535,0.051,81.88,0.128,0.599,0.44,42.77,12.67,0.084,3.396,25.69,548.53,Low
270,C-scan (Pristine with Holes),Pristine,None,4,0.455,0.064,64.25,0.91,0.283,0.829,72.55,6.49,0.041,0.517,22.79,573.96,Low
271,C-scan (BVID with Holes),Damaged,BVID,2,0.469,0.051,22.85,0.858,0.492,0.643,102.59,14.19,0.166,3.089,55.26,687.27,Medium
272,C-scan (BVID with Holes),Damaged,BVID,2,0.65,0.051,89.13,0.949,0.184,0.341,82.9,11.04,0.181,3.705,32.7,607.69,Medium
273,Thermograph,Mixed,None,5,0.642,0.046,15.58,0.49,0.535,0.442,117.8,12.05,0.055,2.81,53.05,536.82,High
274,C-scan (BVID with Holes),Damaged,BVID,4,0.542,0.061,81.11,0.573,0.706,0.559,55.24,0.64,0.171,3.73,45.11,510.17,Medium
275,Thermograph,Mixed,None,3,0.682,0.065,9.72,0.964,0.645,0.697,25.08,10.59,0.14,1.225,43.65,482.92,Medium
276,C-scan (Pristine with Holes),Pristine,None,5,0.574,0.072,80.95,0.111,0.62,0.696,74.4,7.02,0.028,0.752,23.67,624.55,Low
277,Thermograph,Mixed,Thermal Anomaly,5,0.507,0.039,42.57,0.166,0.237,0.755,30.83,12.81,0.103,2.256,43.14,603.55,Medium
278,C-scan (BVID with Holes),Damaged,BVID,2,0.646,0.028,12.9,0.744,0.498,0.787,107.24,1.91,0.155,4.168,40.21,582.86,Medium
279,Thermograph,Mixed,Thermal Anomaly,6,0.525,0.047,28.08,0.911,0.131,0.212,63.99,6.31,0.104,2.305,42.63,855.14,Medium
280,C-scan (Pristine with Holes),Pristine,None,5,0.68,0.028,60.66,0.267,0.951,0.569,73.21,13.2,0.041,0.499,58.12,397.3,High
281,Thermograph,Mixed,Thermal Anomaly,2,0.635,0.021,77.5,0.853,0.884,0.856,62.05,12.66,0.07,3.325,56.4,455.11,High
282,Thermograph,Mixed,Thermal Anomaly,4,0.631,0.072,15.25,0.327,0.221,0.41,107.99,12.29,0.106,2.459,20.79,828.25,Low
283,C-scan (Pristine with Holes),Pristine,None,2,0.542,0.077,6.92,0.589,0.751,0.526,63.31,4.4,0.012,0.207,32.45,492.55,Medium
284,C-scan (Pristine with Holes),Pristine,None,2,0.453,0.039,5.77,0.828,0.642,0.805,50.97,4.79,0.01,0.501,54.65,646.75,High
285,Thermograph,Mixed,Thermal Anomaly,3,0.471,0.073,74.22,0.823,0.956,0.845,52.2,7.72,0.11,3.193,44.25,356.9,Medium
286,C-scan (Pristine with Holes),Pristine,None,5,0.588,0.059,36.8,0.178,0.885,0.506,59.03,13.61,0.017,0.533,22.21,895.34,Low
287,C-scan (Pristine with Holes),Pristine,None,4,0.523,0.026,75.98,0.118,0.624,0.244,65.89,11.63,0.014,0.731,32.44,673.83,Medium
288,Thermograph,Mixed,None,2,0.646,0.022,79.31,0.307,0.126,0.275,78.01,4.97,0.058,1.571,36.68,599.27,Medium
289,C-scan (Pristine with Holes),Pristine,None,5,0.581,0.076,65.65,0.759,0.741,0.488,102.55,5.17,0.011,0.428,49.79,463.8,High
290,C-scan (Pristine with Holes),Pristine,None,3,0.55,0.034,79.65,0.511,0.9,0.554,71.83,8.19,0.021,0.62,50.79,636.61,High
291,C-scan (Pristine with Holes),Pristine,None,2,0.667,0.03,55.77,0.342,0.991,0.885,31.78,3.64,0.011,0.836,43.49,373.69,Medium
292,C-scan (Pristine with Holes),Pristine,None,2,0.573,0.028,9.76,0.367,0.736,0.598,100.08,2.21,0.047,0.924,33.11,676.97,Medium
293,C-scan (Pristine with Holes),Pristine,None,2,0.694,0.078,73.5,0.807,0.933,0.878,60.46,11.48,0.032,0.38,36.72,450.14,Medium
294,C-scan (BVID with Holes),Damaged,BVID,2,0.638,0.02,28.53,0.312,0.926,0.821,63.34,2.35,0.083,2.948,45.87,453.95,Medium
295,C-scan (Pristine with Holes),Pristine,None,2,0.56,0.067,43.75,0.868,0.898,0.459,106.07,8.43,0.015,0.383,32.42,671.71,Medium
296,C-scan (BVID with Holes),Damaged,BVID,5,0.644,0.08,27.39,0.438,0.477,0.563,92.52,10.14,0.152,4.835,40.09,485.25,Medium
297,C-scan (BVID with Holes),Damaged,BVID,4,0.582,0.054,37.58,0.915,0.996,0.545,33.71,10.66,0.126,1.78,53.76,677.52,Medium
298,Thermograph,Mixed,Thermal Anomaly,5,0.62,0.017,22.01,0.567,0.244,0.356,68.97,13.1,0.123,2.689,36.15,823.96,Medium
299,C-scan (BVID with Holes),Damaged,BVID,6,0.625,0.048,85.4,0.468,0.373,0.768,96.95,14.73,0.136,3.64,59.54,825.46,Medium
300,C-scan (BVID with Holes),Damaged,BVID,2,0.665,0.015,48.55,0.993,0.411,0.507,26.95,1.1,0.138,2.134,59.52,527.17,Medium
301,Thermograph,Mixed,Thermal Anomaly,5,0.567,0.058,26.78,0.482,0.176,0.55,40.62,1.22,0.142,1.226,28.91,461.29,Low
302,C-scan (BVID with Holes),Damaged,BVID,6,0.514,0.039,49.21,0.204,0.943,0.475,93.68,4.96,0.163,1.671,37.56,444.53,Medium
303,C-scan (Pristine with Holes),Pristine,None,6,0.465,0.072,4.43,0.459,0.642,0.593,79.19,10.02,0.016,0.803,24.18,523.73,Low
304,C-scan (Pristine with Holes),Pristine,None,5,0.674,0.059,15.73,0.654,0.824,0.555,63.73,6.03,0.039,0.583,54.76,807.85,High
305,C-scan (BVID with Holes),Damaged,BVID,5,0.47,0.069,89.58,0.445,0.175,0.232,67.28,10.51,0.198,1.158,55.17,466.52,Medium
306,C-scan (BVID with Holes),Damaged,BVID,4,0.547,0.046,48.91,0.406,0.625,0.598,35.34,4.57,0.176,4.957,48.45,378.12,Medium
307,Thermograph,Mixed,None,6,0.511,0.026,52.8,0.25,0.708,0.691,42.51,12.55,0.097,0.777,38.03,811.08,Medium
308,C-scan (BVID with Holes),Damaged,BVID,5,0.556,0.038,48.29,0.269,0.499,0.778,91.73,2.49,0.199,4.742,23.3,410.73,Low
309,Thermograph,Mixed,None,4,0.609,0.03,5.35,0.619,0.179,0.349,114.73,1.85,0.092,3.369,58.73,899.98,Medium
310,Thermograph,Mixed,None,3,0.507,0.038,57.81,0.87,0.218,0.274,91.81,5.81,0.039,2.67,37.75,856.63,Medium
311,Thermograph,Mixed,Thermal Anomaly,2,0.542,0.04,84.87,0.717,0.649,0.563,76.1,10.19,0.034,0.626,32.39,734.79,Medium
312,C-scan (Pristine with Holes),Pristine,None,6,0.532,0.013,47.37,0.811,0.797,0.614,43.29,3.45,0.014,0.106,27.72,719.33,Low
313,Thermograph,Mixed,Thermal Anomaly,5,0.653,0.017,52.71,0.116,0.111,0.6,85.98,1.3,0.064,2.519,27.0,426.57,Low
314,Thermograph,Mixed,None,6,0.532,0.015,20.08,0.441,0.983,0.804,91.0,1.26,0.102,1.096,55.94,867.21,Medium
315,Thermograph,Mixed,Thermal Anomaly,2,0.61,0.01,7.28,0.451,0.591,0.597,101.51,7.57,0.055,2.732,26.04,842.36,Low
316,Thermograph,Mixed,Thermal Anomaly,4,0.567,0.013,20.0,0.923,0.33,0.552,50.56,9.99,0.136,3.164,43.45,535.82,Medium
317,C-scan (BVID with Holes),Damaged,BVID,3,0.649,0.029,38.48,0.158,0.97,0.848,65.12,3.11,0.108,2.219,21.75,623.97,Low
318,C-scan (BVID with Holes),Damaged,BVID,2,0.552,0.079,57.71,0.426,0.619,0.355,89.18,11.14,0.088,2.115,44.75,447.85,Medium
319,C-scan (BVID with Holes),Damaged,BVID,2,0.492,0.041,33.12,0.156,0.946,0.642,76.28,10.9,0.152,1.422,24.55,809.7,Low
320,C-scan (Pristine with Holes),Pristine,None,4,0.593,0.058,16.69,0.642,0.709,0.808,101.92,10.3,0.014,0.757,40.47,608.87,Medium
321,Thermograph,Mixed,None,2,0.544,0.079,47.07,0.218,0.954,0.551,32.71,0.68,0.078,0.907,24.39,560.53,Low
322,C-scan (Pristine with Holes),Pristine,None,4,0.595,0.013,3.8,0.784,0.705,0.736,83.26,7.96,0.048,0.141,54.65,383.94,High
323,C-scan (BVID with Holes),Damaged,BVID,2,0.617,0.07,22.27,0.226,0.341,0.36,97.16,11.05,0.132,2.643,23.71,681.35,Low
324,Thermograph,Mixed,Thermal Anomaly,5,0.632,0.038,74.8,0.855,0.676,0.342,71.8,12.23,0.053,3.224,43.42,541.25,Medium
325,C-scan (BVID with Holes),Damaged,BVID,3,0.636,0.031,83.52,0.655,0.418,0.291,108.22,0.55,0.164,1.466,58.59,582.39,Medium
326,C-scan (Pristine with Holes),Pristine,None,2,0.57,0.054,65.46,0.373,0.189,0.519,84.23,14.51,0.015,0.944,32.44,429.03,Medium
327,C-scan (Pristine with Holes),Pristine,None,4,0.478,0.018,18.71,0.224,0.842,0.385,36.3,12.42,0.033,0.788,34.57,456.96,Medium
328,C-scan (BVID with Holes),Damaged,BVID,2,0.557,0.014,58.12,0.345,0.967,0.207,58.77,9.81,0.161,4.957,44.38,403.17,Medium
329,C-scan (BVID with Holes),Damaged,BVID,2,0.661,0.029,26.79,0.988,0.647,0.585,34.94,12.46,0.157,3.833,36.5,437.98,Medium
330,C-scan (Pristine with Holes),Pristine,None,3,0.545,0.051,55.68,0.171,0.24,0.698,89.17,11.71,0.018,0.522,24.51,554.31,Low
331,Thermograph,Mixed,None,4,0.522,0.058,77.19,0.551,0.63,0.282,65.1,7.7,0.065,2.576,53.88,599.38,High
332,C-scan (BVID with Holes),Damaged,BVID,6,0.694,0.074,47.62,0.18,0.112,0.714,37.25,12.38,0.092,4.494,58.5,540.6,Medium
333,Thermograph,Mixed,Thermal Anomaly,2,0.642,0.057,61.49,0.752,0.316,0.617,114.96,7.74,0.071,1.343,20.82,741.81,Low
334,Thermograph,Mixed,None,3,0.486,0.035,2.91,0.598,0.482,0.648,27.23,12.53,0.032,0.521,38.64,377.14,Medium
335,Thermograph,Mixed,Thermal Anomaly,3,0.49,0.067,4.2,0.165,0.402,0.783,89.33,0.8,0.111,0.997,20.55,837.82,Low
336,C-scan (BVID with Holes),Damaged,BVID,6,0.637,0.042,62.49,0.15,0.201,0.693,52.69,1.11,0.111,3.317,32.71,611.87,Medium
337,C-scan (Pristine with Holes),Pristine,None,4,0.652,0.037,56.6,0.535,0.274,0.334,37.48,13.88,0.036,0.622,36.61,582.02,Medium
338,Thermograph,Mixed,Thermal Anomaly,6,0.679,0.044,53.53,0.178,0.196,0.527,102.87,8.07,0.111,0.658,28.94,447.82,Low
339,C-scan (BVID with Holes),Damaged,BVID,4,0.452,0.013,74.55,0.918,0.71,0.42,103.81,5.67,0.135,3.619,34.1,350.34,Medium
340,Thermograph,Mixed,Thermal Anomaly,4,0.468,0.046,3.24,0.778,0.332,0.804,103.22,1.65,0.15,1.433,48.74,387.19,Medium
341,C-scan (BVID with Holes),Damaged,BVID,5,0.507,0.011,62.13,0.906,0.506,0.402,87.54,2.48,0.163,4.249,41.57,813.78,Medium
342,Thermograph,Mixed,None,2,0.488,0.054,54.84,0.442,0.55,0.393,70.75,7.66,0.13,2.279,34.47,589.25,Medium
343,C-scan (BVID with Holes),Damaged,BVID,4,0.671,0.066,57.76,0.499,0.562,0.418,45.25,1.61,0.138,1.05,28.28,496.97,Low
344,C-scan (Pristine with Holes),Pristine,None,3,0.685,0.075,15.94,0.417,0.432,0.451,45.26,11.26,0.027,0.707,59.95,671.68,High
345,Thermograph,Mixed,Thermal Anomaly,6,0.681,0.047,56.36,0.366,0.313,0.409,96.4,13.61,0.09,2.304,49.22,498.12,Medium
346,C-scan (Pristine with Holes),Pristine,None,3,0.469,0.029,77.23,0.403,0.385,0.862,116.91,8.11,0.029,0.265,40.05,446.96,Medium
347,C-scan (Pristine with Holes),Pristine,None,3,0.642,0.058,37.36,0.969,0.854,0.434,55.35,11.39,0.046,0.104,52.8,845.78,High
348,C-scan (BVID with Holes),Damaged,BVID,6,0.576,0.062,60.83,0.996,0.761,0.759,119.98,11.63,0.169,3.527,41.9,652.78,Medium
349,C-scan (Pristine with Holes),Pristine,None,5,0.482,0.039,76.01,0.346,0.285,0.247,72.55,4.83,0.042,0.271,44.82,519.12,Medium
350,Thermograph,Mixed,None,2,0.518,0.037,85.3,0.526,0.626,0.249,37.56,7.17,0.074,2.973,56.94,671.8,High
351,C-scan (Pristine with Holes),Pristine,None,2,0.513,0.073,47.19,0.324,0.219,0.55,60.32,10.89,0.018,0.983,44.04,466.38,Medium
352,C-scan (Pristine with Holes),Pristine,None,3,0.624,0.018,60.4,0.298,0.953,0.363,90.58,5.6,0.037,0.248,47.9,696.98,High
353,C-scan (Pristine with Holes),Pristine,None,4,0.479,0.018,60.13,0.891,0.401,0.706,76.33,7.66,0.026,0.737,22.8,468.09,Low
354,C-scan (BVID with Holes),Damaged,BVID,2,0.498,0.015,51.1,0.251,0.907,0.201,48.17,5.14,0.091,2.85,20.21,422.63,Low
355,Thermograph,Mixed,Thermal Anomaly,2,0.655,0.029,83.93,0.615,0.383,0.867,79.74,14.25,0.138,1.772,28.05,844.21,Low
356,Thermograph,Mixed,Thermal Anomaly,4,0.526,0.018,88.06,0.425,0.248,0.635,89.44,14.0,0.131,2.112,48.4,785.01,Medium
357,C-scan (Pristine with Holes),Pristine,None,5,0.651,0.079,3.66,0.406,0.954,0.538,95.29,12.65,0.014,0.515,48.65,645.82,High
358,C-scan (Pristine with Holes),Pristine,None,6,0.609,0.051,61.59,0.303,0.551,0.6,111.61,2.73,0.019,0.277,36.06,766.22,Medium
359,Thermograph,Mixed,None,3,0.67,0.033,64.43,0.879,0.776,0.747,119.31,7.7,0.142,2.138,20.74,561.61,Low
360,Thermograph,Mixed,None,2,0.684,0.062,76.43,0.53,0.51,0.265,100.91,10.01,0.042,1.305,53.39,636.34,High
361,C-scan (Pristine with Holes),Pristine,None,2,0.643,0.024,83.89,0.471,0.262,0.286,93.32,14.63,0.01,0.795,25.87,600.44,Low
362,C-scan (Pristine with Holes),Pristine,None,3,0.544,0.014,36.24,0.433,0.554,0.53,37.71,2.74,0.042,0.239,35.9,397.82,Medium
363,Thermograph,Mixed,None,2,0.632,0.016,52.11,0.299,0.381,0.658,100.95,14.8,0.095,1.946,57.44,746.14,Medium
364,C-scan (BVID with Holes),Damaged,BVID,2,0.648,0.011,12.36,0.385,0.792,0.319,39.38,10.74,0.126,4.839,30.86,427.8,Medium
365,C-scan (Pristine with Holes),Pristine,None,3,0.62,0.066,47.19,0.49,0.758,0.895,84.84,4.77,0.036,0.977,55.38,378.24,High
366,C-scan (BVID with Holes),Damaged,BVID,4,0.485,0.018,82.62,0.379,0.329,0.863,65.23,4.02,0.096,3.141,48.3,506.29,Medium
367,Thermograph,Mixed,None,5,0.659,0.056,27.45,0.398,0.219,0.818,36.81,6.65,0.145,3.155,29.83,744.18,Low
368,C-scan (BVID with Holes),Damaged,BVID,3,0.487,0.071,22.79,0.319,0.906,0.877,86.64,2.26,0.097,3.95,53.07,352.11,Medium
369,Thermograph,Mixed,None,6,0.648,0.011,53.99,0.317,0.543,0.668,68.85,4.3,0.08,2.161,22.99,398.97,Low
370,C-scan (Pristine with Holes),Pristine,None,4,0.493,0.03,32.69,0.133,0.583,0.424,63.77,9.67,0.036,0.165,53.33,610.05,High
371,C-scan (BVID with Holes),Damaged,BVID,6,0.568,0.033,23.31,0.214,0.657,0.327,78.0,12.2,0.178,2.347,51.21,438.18,Medium
372,Thermograph,Mixed,None,6,0.677,0.011,48.08,0.451,0.476,0.603,28.11,14.76,0.126,2.959,50.95,892.86,Medium
373,C-scan (BVID with Holes),Damaged,BVID,2,0.572,0.053,45.74,0.858,0.26,0.73,77.2,11.47,0.193,1.979,54.26,744.44,Medium
374,Thermograph,Mixed,None,6,0.588,0.055,47.48,0.597,0.84,0.413,68.07,7.54,0.144,0.629,42.38,482.05,Medium
375,C-scan (BVID with Holes),Damaged,BVID,2,0.511,0.047,30.76,0.566,0.755,0.382,92.04,13.54,0.192,1.032,33.08,616.93,Medium
376,C-scan (BVID with Holes),Damaged,BVID,6,0.684,0.064,39.79,0.206,0.952,0.714,27.31,8.85,0.12,3.862,47.31,871.45,Medium
377,C-scan (Pristine with Holes),Pristine,None,4,0.511,0.066,40.69,0.845,0.986,0.452,40.66,4.97,0.04,0.683,31.64,523.96,Medium
378,C-scan (BVID with Holes),Damaged,BVID,3,0.505,0.05,63.48,0.814,0.675,0.347,35.85,6.43,0.199,4.59,39.94,847.3,Medium
379,Thermograph,Mixed,None,6,0.5,0.04,23.41,0.567,0.51,0.641,64.34,1.16,0.133,2.829,40.46,614.49,Medium
380,C-scan (Pristine with Holes),Pristine,None,5,0.579,0.021,2.55,0.669,0.142,0.721,33.49,8.28,0.046,0.167,48.49,871.26,High
381,Thermograph,Mixed,None,5,0.506,0.074,48.68,0.8,0.744,0.686,106.98,12.19,0.109,0.584,41.31,658.22,Medium
382,C-scan (Pristine with Holes),Pristine,None,6,0.607,0.031,57.24,0.278,0.989,0.245,36.47,13.08,0.031,0.599,31.31,650.76,Medium
383,Thermograph,Mixed,None,3,0.567,0.02,51.04,0.106,0.566,0.606,108.64,10.75,0.133,1.464,41.22,845.24,Medium
384,C-scan (BVID with Holes),Damaged,BVID,3,0.541,0.051,8.64,0.12,0.811,0.438,105.13,13.42,0.096,2.737,39.34,708.84,Medium
385,C-scan (Pristine with Holes),Pristine,None,6,0.603,0.032,62.23,0.949,0.471,0.288,32.37,1.06,0.036,0.311,47.42,829.14,High
386,C-scan (Pristine with Holes),Pristine,None,3,0.645,0.047,62.37,0.319,0.381,0.814,71.73,13.77,0.047,0.628,39.33,463.26,Medium
387,Thermograph,Mixed,Thermal Anomaly,3,0.461,0.017,41.3,0.404,0.182,0.677,86.27,0.58,0.107,3.144,44.2,652.73,Medium
388,C-scan (BVID with Holes),Damaged,BVID,6,0.593,0.061,50.7,0.45,0.781,0.573,46.79,14.82,0.106,4.113,59.75,819.98,Medium
389,C-scan (Pristine with Holes),Pristine,None,2,0.603,0.057,23.92,0.624,0.665,0.515,27.77,1.31,0.021,0.837,41.13,873.31,Medium
390,Thermograph,Mixed,None,5,0.677,0.075,79.16,0.355,0.22,0.777,118.91,7.81,0.115,3.204,52.38,582.75,Medium
391,C-scan (BVID with Holes),Damaged,BVID,2,0.631,0.055,19.83,0.375,0.652,0.868,57.18,7.78,0.155,2.317,29.48,627.09,Low
392,C-scan (BVID with Holes),Damaged,BVID,2,0.628,0.072,89.24,0.121,0.836,0.644,81.83,9.71,0.089,4.451,41.96,468.33,Medium
393,C-scan (Pristine with Holes),Pristine,None,6,0.616,0.073,65.55,0.369,0.886,0.474,100.82,7.92,0.016,0.69,43.07,748.06,Medium
394,Thermograph,Mixed,None,6,0.698,0.039,16.18,0.238,0.47,0.84,54.86,13.51,0.149,0.747,55.29,803.97,Medium
395,C-scan (BVID with Holes),Damaged,BVID,3,0.559,0.036,73.14,0.793,0.451,0.452,62.52,3.72,0.198,1.973,25.47,385.36,Low
396,Thermograph,Mixed,None,6,0.582,0.069,46.56,0.724,0.981,0.214,108.87,10.09,0.058,3.093,54.71,406.09,High
397,C-scan (BVID with Holes),Damaged,BVID,2,0.532,0.069,40.73,0.652,0.783,0.385,116.14,9.18,0.142,3.442,36.28,555.58,Medium
398,C-scan (Pristine with Holes),Pristine,None,2,0.504,0.059,68.04,0.96,0.676,0.866,64.47,10.06,0.014,0.296,20.23,758.19,Low
399,C-scan (BVID with Holes),Damaged,BVID,6,0.598,0.023,14.38,0.338,0.114,0.419,101.27,8.93,0.094,2.877,47.0,371.52,Medium
400,C-scan (Pristine with Holes),Pristine,None,5,0.54,0.041,23.59,0.279,0.26,0.745,51.99,10.8,0.03,0.246,37.74,710.47,Medium
401,Thermograph,Mixed,Thermal Anomaly,2,0.563,0.038,75.3,0.627,0.429,0.796,77.56,12.97,0.148,2.791,31.24,809.19,Medium
402,C-scan (BVID with Holes),Damaged,BVID,4,0.688,0.04,34.8,0.174,0.845,0.602,54.56,11.18,0.139,1.289,54.0,874.52,Medium
403,C-scan (Pristine with Holes),Pristine,None,3,0.585,0.064,47.74,0.599,0.292,0.45,102.15,2.35,0.047,0.234,26.03,350.31,Low
404,C-scan (Pristine with Holes),Pristine,None,4,0.608,0.062,89.17,0.197,0.156,0.557,39.61,6.59,0.015,0.838,26.53,801.62,Low
405,C-scan (Pristine with Holes),Pristine,None,5,0.575,0.048,48.81,0.552,0.833,0.644,118.3,8.95,0.041,0.123,45.98,869.47,High
406,C-scan (Pristine with Holes),Pristine,None,6,0.603,0.08,89.5,0.152,0.75,0.374,41.18,5.63,0.046,0.231,23.48,364.54,Low
407,C-scan (BVID with Holes),Damaged,BVID,4,0.524,0.06,81.04,0.987,0.29,0.854,100.91,9.57,0.124,3.39,44.68,386.51,Medium
408,C-scan (Pristine with Holes),Pristine,None,6,0.67,0.027,35.82,0.313,0.871,0.246,104.69,4.34,0.028,0.23,41.64,497.11,Medium
409,Thermograph,Mixed,Thermal Anomaly,2,0.656,0.058,38.69,0.56,0.454,0.666,56.04,2.72,0.062,2.494,55.59,649.23,High
410,C-scan (Pristine with Holes),Pristine,None,6,0.651,0.072,26.43,0.418,0.549,0.474,91.91,8.76,0.047,0.694,26.15,512.44,Low
411,C-scan (BVID with Holes),Damaged,BVID,3,0.667,0.043,55.86,0.506,0.912,0.398,99.6,11.72,0.106,2.995,53.28,567.49,Medium
412,C-scan (BVID with Holes),Damaged,BVID,4,0.483,0.078,24.91,0.109,0.494,0.871,33.24,3.08,0.145,3.341,30.23,826.89,Medium
413,C-scan (BVID with Holes),Damaged,BVID,3,0.602,0.03,44.01,0.684,0.451,0.707,104.97,9.22,0.124,3.864,32.56,706.79,Medium
414,C-scan (Pristine with Holes),Pristine,None,5,0.565,0.046,13.26,0.313,0.486,0.244,50.11,13.02,0.026,0.277,43.3,512.02,Medium
415,Thermograph,Mixed,None,6,0.622,0.06,12.86,0.719,0.551,0.338,99.12,7.43,0.103,2.89,25.46,560.45,Low
416,C-scan (Pristine with Holes),Pristine,None,6,0.602,0.079,0.69,0.493,0.23,0.507,73.92,6.64,0.042,0.22,56.23,509.39,High
417,Thermograph,Mixed,None,5,0.697,0.011,76.74,0.241,0.978,0.498,83.52,6.15,0.061,1.564,58.47,621.91,High
418,C-scan (BVID with Holes),Damaged,BVID,5,0.662,0.016,15.89,0.892,0.196,0.719,58.57,14.36,0.167,3.55,29.23,745.76,Low
419,Thermograph,Mixed,Thermal Anomaly,3,0.538,0.029,44.42,0.626,0.114,0.812,97.25,8.24,0.08,2.987,55.57,391.28,Medium
420,C-scan (BVID with Holes),Damaged,BVID,6,0.595,0.078,65.46,0.874,0.248,0.729,65.86,12.57,0.18,1.658,40.51,633.82,Medium
421,C-scan (Pristine with Holes),Pristine,None,4,0.456,0.015,12.59,0.813,0.766,0.43,116.87,1.22,0.039,0.828,56.62,739.89,High
422,Thermograph,Mixed,None,5,0.518,0.039,20.14,0.985,0.751,0.338,66.12,6.79,0.145,2.162,53.3,662.82,Medium
423,C-scan (BVID with Holes),Damaged,BVID,2,0.697,0.042,16.99,0.31,0.133,0.777,67.63,6.09,0.107,2.118,49.14,764.79,Medium
424,C-scan (Pristine with Holes),Pristine,None,6,0.558,0.016,44.55,0.29,0.111,0.612,94.6,13.76,0.025,0.778,24.01,749.31,Low
425,C-scan (Pristine with Holes),Pristine,None,2,0.652,0.056,51.79,0.515,0.452,0.832,37.33,4.86,0.028,0.391,23.26,877.95,Low
426,Thermograph,Mixed,None,4,0.496,0.025,44.13,0.364,0.208,0.521,90.77,3.96,0.035,2.78,50.08,470.14,High
427,C-scan (BVID with Holes),Damaged,BVID,4,0.477,0.022,31.98,0.151,0.159,0.873,114.94,5.33,0.095,1.328,48.73,485.02,Medium
428,Thermograph,Mixed,None,6,0.596,0.06,85.78,0.68,0.555,0.745,33.34,4.24,0.112,1.759,21.89,608.86,Low
429,Thermograph,Mixed,None,6,0.577,0.01,28.06,0.859,0.201,0.87,98.68,13.81,0.138,3.146,22.05,675.35,Low
430,Thermograph,Mixed,Thermal Anomaly,6,0.631,0.051,51.8,0.524,0.635,0.586,28.53,1.27,0.053,1.518,34.41,774.24,Medium
431,Thermograph,Mixed,None,3,0.658,0.074,88.84,0.115,0.377,0.855,85.38,11.82,0.065,1.054,21.01,683.26,Low
432,C-scan (BVID with Holes),Damaged,BVID,5,0.533,0.049,27.91,0.706,0.198,0.465,93.4,7.23,0.117,1.551,29.29,653.03,Low
433,Thermograph,Mixed,None,5,0.616,0.048,29.85,0.981,0.231,0.809,31.87,8.29,0.132,1.912,35.27,553.66,Medium
434,Thermograph,Mixed,Thermal Anomaly,6,0.461,0.035,7.34,0.634,0.753,0.672,102.0,7.85,0.066,1.298,47.91,440.18,High
435,C-scan (BVID with Holes),Damaged,BVID,4,0.65,0.045,63.35,0.513,0.849,0.292,106.58,6.0,0.14,1.158,30.05,858.24,Medium
436,C-scan (Pristine with Holes),Pristine,None,2,0.666,0.051,72.35,0.198,0.503,0.216,32.7,2.17,0.038,0.321,32.99,448.03,Medium
437,C-scan (Pristine with Holes),Pristine,None,4,0.452,0.034,40.69,0.87,0.498,0.328,62.48,10.29,0.043,0.66,33.12,412.47,Medium
438,Thermograph,Mixed,Thermal Anomaly,3,0.624,0.05,44.44,0.578,0.618,0.4,110.99,11.49,0.08,2.406,28.25,620.56,Low
439,Thermograph,Mixed,Thermal Anomaly,2,0.595,0.03,78.37,0.437,0.278,0.241,44.82,12.53,0.064,1.676,36.41,600.74,Medium
440,Thermograph,Mixed,None,5,0.554,0.037,89.49,0.38,0.172,0.9,72.49,13.17,0.05,1.605,46.64,858.83,High
441,C-scan (Pristine with Holes),Pristine,None,4,0.628,0.08,19.09,0.215,0.59,0.43,91.28,1.29,0.022,0.927,26.32,837.43,Low
442,C-scan (BVID with Holes),Damaged,BVID,5,0.684,0.026,20.41,0.371,0.336,0.222,96.49,2.5,0.148,3.191,35.5,736.2,Medium
443,C-scan (BVID with Holes),Damaged,BVID,3,0.495,0.074,66.22,0.824,0.466,0.285,90.41,2.83,0.081,4.499,21.67,773.33,Low
444,Thermograph,Mixed,Thermal Anomaly,4,0.592,0.078,8.38,0.445,0.649,0.48,94.09,14.48,0.077,1.725,41.36,879.89,Medium
445,C-scan (BVID with Holes),Damaged,BVID,2,0.491,0.042,63.27,0.45,0.201,0.367,90.62,3.54,0.093,2.872,55.46,713.82,Medium
446,C-scan (BVID with Holes),Damaged,BVID,6,0.546,0.052,37.88,0.603,0.429,0.509,109.7,12.95,0.146,1.213,36.83,824.58,Medium
447,C-scan (Pristine with Holes),Pristine,None,5,0.578,0.026,14.13,0.857,0.991,0.893,63.59,5.43,0.042,0.238,23.11,531.08,Low
448,Thermograph,Mixed,None,6,0.534,0.056,21.46,0.184,0.37,0.326,70.64,5.94,0.116,2.943,52.9,871.17,Medium
449,C-scan (BVID with Holes),Damaged,BVID,6,0.665,0.036,34.12,0.463,0.951,0.583,60.86,2.09,0.178,2.942,57.39,678.41,Medium
450,C-scan (Pristine with Holes),Pristine,None,3,0.654,0.012,12.76,0.772,0.101,0.458,91.93,13.32,0.027,0.17,47.02,895.23,High
451,C-scan (BVID with Holes),Damaged,BVID,3,0.459,0.033,68.31,0.72,0.27,0.497,39.45,5.6,0.184,1.149,22.35,783.37,Low
452,Thermograph,Mixed,Thermal Anomaly,3,0.611,0.015,11.29,0.846,0.616,0.477,112.84,8.8,0.108,2.686,34.0,727.67,Medium
453,C-scan (BVID with Holes),Damaged,BVID,3,0.628,0.029,32.79,0.275,0.721,0.85,64.93,0.8,0.145,4.665,39.53,790.38,Medium
454,C-scan (Pristine with Holes),Pristine,None,6,0.685,0.039,79.48,0.769,0.911,0.376,88.51,9.23,0.048,0.809,45.24,883.6,High
455,Thermograph,Mixed,Thermal Anomaly,3,0.581,0.074,85.07,0.374,0.17,0.443,57.07,10.98,0.131,2.698,35.23,755.65,Medium
456,Thermograph,Mixed,None,6,0.475,0.029,15.29,0.805,0.265,0.662,119.82,14.82,0.138,3.195,26.06,819.48,Low
457,C-scan (Pristine with Holes),Pristine,None,6,0.487,0.058,21.71,0.459,0.997,0.723,25.18,9.42,0.04,0.615,58.15,395.26,High
458,C-scan (Pristine with Holes),Pristine,None,3,0.53,0.016,24.5,0.731,0.235,0.544,33.1,12.48,0.012,0.716,35.52,463.63,Medium
459,Thermograph,Mixed,None,3,0.453,0.062,7.25,0.156,0.133,0.56,27.88,2.66,0.117,2.674,54.31,754.71,Medium
460,C-scan (BVID with Holes),Damaged,BVID,2,0.685,0.021,60.37,0.562,0.723,0.728,68.16,13.3,0.131,1.827,41.22,560.62,Medium
461,C-scan (Pristine with Holes),Pristine,None,4,0.535,0.016,33.25,0.179,0.989,0.428,51.69,2.45,0.011,0.657,25.55,611.59,Low
462,C-scan (BVID with Holes),Damaged,BVID,5,0.586,0.052,58.92,0.877,0.483,0.481,77.91,4.58,0.183,3.2,35.9,510.89,Medium
463,Thermograph,Mixed,Thermal Anomaly,3,0.643,0.046,42.04,0.132,0.683,0.288,107.99,12.77,0.072,0.595,30.19,775.25,Medium
464,C-scan (BVID with Holes),Damaged,BVID,6,0.64,0.019,8.6,0.229,0.283,0.241,69.76,1.18,0.141,1.546,24.35,468.04,Low
465,Thermograph,Mixed,Thermal Anomaly,5,0.516,0.078,50.93,0.688,0.636,0.236,48.04,1.95,0.128,2.49,59.59,766.75,Medium
466,C-scan (BVID with Holes),Damaged,BVID,2,0.689,0.036,39.46,0.361,0.523,0.876,71.54,11.34,0.133,3.882,59.33,411.83,Medium
467,C-scan (BVID with Holes),Damaged,BVID,3,0.673,0.03,78.6,0.3,0.73,0.78,113.42,2.69,0.102,1.239,41.99,444.2,Medium
468,C-scan (BVID with Holes),Damaged,BVID,5,0.65,0.023,63.64,0.127,0.125,0.86,112.32,8.25,0.138,3.136,56.4,660.32,Medium
469,C-scan (BVID with Holes),Damaged,BVID,4,0.584,0.047,59.42,0.709,0.412,0.861,115.92,4.22,0.085,2.868,56.95,625.31,Medium
470,Thermograph,Mixed,Thermal Anomaly,4,0.506,0.06,27.81,0.615,0.668,0.765,112.27,11.02,0.052,3.252,37.31,883.58,Medium
471,C-scan (BVID with Holes),Damaged,BVID,4,0.588,0.038,70.14,0.276,0.198,0.571,31.29,2.68,0.088,4.377,25.19,643.53,Low
472,C-scan (BVID with Holes),Damaged,BVID,4,0.601,0.062,9.35,0.484,0.311,0.758,52.61,14.19,0.083,4.872,44.94,713.83,Medium
473,Thermograph,Mixed,Thermal Anomaly,6,0.672,0.024,53.27,0.505,0.216,0.259,72.45,3.85,0.087,1.535,56.28,582.93,Medium
474,C-scan (BVID with Holes),Damaged,BVID,4,0.66,0.026,55.04,0.455,0.878,0.886,109.88,11.44,0.084,2.88,30.85,654.81,Medium
475,C-scan (Pristine with Holes),Pristine,None,4,0.632,0.067,6.92,0.643,0.886,0.471,28.81,7.75,0.028,0.913,59.46,558.53,High
476,C-scan (BVID with Holes),Damaged,BVID,4,0.487,0.079,8.05,0.769,0.439,0.883,34.87,5.29,0.179,1.492,21.06,764.94,Low
477,C-scan (Pristine with Holes),Pristine,None,6,0.548,0.029,66.29,0.681,0.483,0.78,66.82,0.96,0.03,0.589,37.29,653.45,Medium
478,C-scan (BVID with Holes),Damaged,BVID,4,0.462,0.055,11.99,0.769,0.106,0.845,100.68,7.06,0.136,3.542,25.66,892.4,Low
479,Thermograph,Mixed,Thermal Anomaly,4,0.485,0.015,58.4,0.464,0.481,0.865,45.52,12.04,0.092,2.847,44.28,425.39,Medium
480,Thermograph,Mixed,Thermal Anomaly,4,0.644,0.012,67.01,0.924,0.355,0.346,49.72,12.03,0.03,2.801,40.36,604.6,Medium
481,C-scan (BVID with Holes),Damaged,BVID,2,0.485,0.06,67.57,0.633,0.88,0.576,106.07,14.73,0.166,1.287,58.45,412.56,Medium
482,Thermograph,Mixed,Thermal Anomaly,3,0.64,0.022,75.4,0.874,0.4,0.427,73.79,9.72,0.101,2.914,47.8,603.74,Medium
483,Thermograph,Mixed,None,6,0.652,0.066,57.95,0.141,0.469,0.822,68.31,7.56,0.144,2.688,43.57,375.1,Medium
484,C-scan (Pristine with Holes),Pristine,None,6,0.574,0.071,40.5,0.18,0.549,0.5,100.77,10.4,0.016,0.603,54.48,573.02,High
485,C-scan (BVID with Holes),Damaged,BVID,5,0.651,0.047,16.78,0.61,0.152,0.23,72.54,1.86,0.111,2.285,33.38,885.88,Medium
486,C-scan (BVID with Holes),Damaged,BVID,4,0.639,0.039,60.39,0.69,0.139,0.674,104.26,6.86,0.157,3.304,59.58,725.49,Medium
487,Thermograph,Mixed,Thermal Anomaly,3,0.53,0.073,43.04,0.958,0.211,0.487,80.95,2.56,0.039,2.533,47.6,350.37,High
488,Thermograph,Mixed,Thermal Anomaly,2,0.538,0.052,60.72,0.906,0.972,0.461,47.26,4.6,0.147,2.432,50.7,631.2,Medium
489,Thermograph,Mixed,None,6,0.627,0.033,21.98,0.466,0.869,0.573,83.74,3.58,0.032,2.66,23.03,522.55,Low
490,Thermograph,Mixed,None,3,0.653,0.023,40.31,0.57,0.671,0.845,45.85,6.46,0.069,0.695,53.15,351.7,High
491,C-scan (Pristine with Holes),Pristine,None,2,0.683,0.078,81.49,0.476,0.933,0.748,31.16,9.98,0.033,0.351,31.29,687.96,Medium
492,C-scan (BVID with Holes),Damaged,BVID,5,0.575,0.027,45.87,0.292,0.236,0.876,78.75,12.1,0.088,1.826,53.88,582.07,Medium
493,C-scan (Pristine with Holes),Pristine,None,2,0.682,0.065,53.0,0.729,0.233,0.579,105.62,12.27,0.017,0.361,30.57,366.21,Medium
494,C-scan (Pristine with Holes),Pristine,None,2,0.554,0.078,32.41,0.587,0.88,0.64,111.91,8.14,0.041,0.854,57.32,808.45,High
495,Thermograph,Mixed,None,5,0.613,0.045,1.35,0.977,0.518,0.69,71.52,0.64,0.096,1.371,40.65,625.8,Medium
496,C-scan (Pristine with Holes),Pristine,None,5,0.623,0.074,13.82,0.502,0.106,0.27,102.62,2.83,0.041,0.886,41.13,438.79,Medium
497,Thermograph,Mixed,Thermal Anomaly,3,0.532,0.045,83.92,0.81,0.183,0.224,35.29,10.08,0.039,2.768,46.92,369.3,High
498,C-scan (Pristine with Holes),Pristine,None,5,0.539,0.08,63.64,0.992,0.133,0.596,50.8,6.19,0.04,0.693,20.77,437.36,Low
499,Thermograph,Mixed,None,5,0.596,0.018,41.28,0.506,0.206,0.833,101.12,2.01,0.15,2.045,36.97,359.79,Medium
500,C-scan (Pristine with Holes),Pristine,None,2,0.594,0.074,88.92,0.242,0.97,0.535,95.23,12.17,0.048,0.449,48.36,690.88,High
501,C-scan (Pristine with Holes),Pristine,None,4,0.47,0.07,84.57,0.264,0.242,0.468,73.78,4.35,0.015,0.56,23.67,717.62,Low
502,C-scan (Pristine with Holes),Pristine,None,4,0.558,0.063,74.04,0.694,0.722,0.455,85.16,9.45,0.031,0.803,38.52,446.6,Medium
503,Thermograph,Mixed,None,6,0.548,0.027,82.89,0.647,0.787,0.623,52.96,14.92,0.133,1.97,30.24,560.9,Medium
504,C-scan (BVID with Holes),Damaged,BVID,2,0.687,0.051,89.97,0.285,0.701,0.293,83.44,8.73,0.086,4.412,48.07,620.26,Medium
505,Thermograph,Mixed,None,6,0.475,0.059,50.69,0.92,0.414,0.434,36.92,4.65,0.142,2.143,29.22,805.01,Low
506,Thermograph,Mixed,None,4,0.657,0.033,82.77,0.446,0.403,0.88,47.9,5.7,0.084,1.13,33.65,800.12,Medium
507,C-scan (Pristine with Holes),Pristine,None,6,0.616,0.06,5.54,0.725,0.434,0.422,114.65,5.8,0.017,0.716,52.71,871.34,High
508,C-scan (Pristine with Holes),Pristine,None,6,0.665,0.021,19.62,0.963,0.496,0.785,90.94,10.91,0.038,0.647,43.32,612.98,Medium
509,C-scan (BVID with Holes),Damaged,BVID,5,0.644,0.029,47.79,0.996,0.387,0.709,88.7,11.18,0.091,3.17,31.91,561.21,Medium
510,C-scan (BVID with Holes),Damaged,BVID,3,0.461,0.029,24.84,0.796,0.356,0.786,105.18,10.61,0.177,1.889,42.32,655.38,Medium
511,Thermograph,Mixed,None,4,0.604,0.075,34.07,0.531,0.995,0.381,112.66,8.95,0.097,2.093,40.17,474.26,Medium
512,C-scan (Pristine with Holes),Pristine,None,5,0.526,0.074,23.59,0.129,0.333,0.501,29.73,3.86,0.028,0.494,39.73,895.94,Medium
513,Thermograph,Mixed,None,6,0.461,0.074,68.98,0.547,0.314,0.492,56.08,14.43,0.102,3.339,46.09,627.9,Medium
514,C-scan (Pristine with Holes),Pristine,None,2,0.667,0.066,8.66,0.533,0.262,0.423,76.13,3.05,0.027,0.119,32.77,443.49,Medium
515,Thermograph,Mixed,Thermal Anomaly,5,0.483,0.04,83.27,0.964,0.887,0.233,94.44,3.05,0.11,2.658,56.0,629.28,Medium
516,Thermograph,Mixed,None,3,0.504,0.036,5.43,0.725,0.912,0.271,66.6,13.06,0.059,1.318,28.59,628.59,Low
517,C-scan (BVID with Holes),Damaged,BVID,2,0.676,0.015,45.7,0.936,0.275,0.591,40.11,3.14,0.196,2.256,50.82,410.74,Medium
518,C-scan (BVID with Holes),Damaged,BVID,4,0.652,0.056,45.47,0.955,0.953,0.66,72.0,5.86,0.174,1.818,35.57,456.28,Medium
519,Thermograph,Mixed,None,5,0.514,0.078,17.39,0.646,0.992,0.259,106.9,11.16,0.066,3.358,45.26,783.3,High
520,Thermograph,Mixed,Thermal Anomaly,3,0.508,0.023,4.46,0.839,0.271,0.636,98.01,11.38,0.055,2.533,44.21,634.66,Medium
521,C-scan (BVID with Holes),Damaged,BVID,5,0.646,0.071,5.02,0.421,0.192,0.303,79.08,12.6,0.089,3.56,22.55,710.04,Low
522,C-scan (Pristine with Holes),Pristine,None,3,0.47,0.022,36.35,0.957,0.862,0.767,26.95,1.09,0.018,0.85,46.54,695.88,High
523,C-scan (Pristine with Holes),Pristine,None,2,0.564,0.02,40.96,0.367,0.969,0.553,78.84,3.45,0.044,0.771,41.69,358.42,Medium
524,C-scan (Pristine with Holes),Pristine,None,5,0.47,0.058,5.34,0.22,0.549,0.667,103.32,4.1,0.019,0.941,27.15,648.48,Low
525,Thermograph,Mixed,None,3,0.678,0.075,78.53,0.177,0.218,0.474,30.01,1.85,0.08,3.216,43.41,871.59,Medium
526,Thermograph,Mixed,None,5,0.479,0.025,78.51,0.617,0.791,0.445,119.22,14.45,0.143,3.382,54.95,453.1,Medium
527,Thermograph,Mixed,None,6,0.468,0.017,33.95,0.959,0.793,0.77,78.28,1.87,0.079,2.114,38.64,461.97,Medium
528,C-scan (BVID with Holes),Damaged,BVID,3,0.536,0.064,12.05,0.544,0.818,0.678,77.14,14.56,0.175,1.16,22.97,489.02,Low
529,C-scan (BVID with Holes),Damaged,BVID,4,0.471,0.048,47.05,0.975,0.151,0.885,87.67,1.9,0.141,4.176,50.79,458.35,Medium
530,C-scan (Pristine with Holes),Pristine,None,5,0.524,0.045,2.93,0.552,0.123,0.499,25.18,4.79,0.043,0.324,31.35,566.77,Medium
531,Thermograph,Mixed,Thermal Anomaly,2,0.625,0.012,64.11,0.723,0.646,0.833,95.8,4.64,0.131,3.439,24.44,448.84,Low
532,C-scan (Pristine with Holes),Pristine,None,2,0.494,0.072,33.39,0.362,0.557,0.406,44.48,10.96,0.028,0.338,42.38,835.91,Medium
533,C-scan (Pristine with Holes),Pristine,None,3,0.466,0.046,74.09,0.92,0.902,0.755,27.73,12.41,0.01,0.46,42.96,574.31,Medium
534,C-scan (Pristine with Holes),Pristine,None,5,0.594,0.067,32.77,0.134,0.549,0.418,57.08,14.56,0.027,0.578,45.04,600.43,High
535,Thermograph,Mixed,None,2,0.546,0.075,18.46,0.247,0.553,0.483,102.25,6.32,0.094,2.251,45.34,723.16,Medium
536,Thermograph,Mixed,Thermal Anomaly,2,0.562,0.068,64.2,0.179,0.568,0.259,117.07,9.45,0.126,0.933,28.17,365.56,Low
537,C-scan (BVID with Holes),Damaged,BVID,5,0.501,0.036,1.64,0.499,0.268,0.262,43.42,13.15,0.128,4.75,43.46,577.18,Medium
538,C-scan (BVID with Holes),Damaged,BVID,3,0.593,0.053,80.18,0.254,0.978,0.278,49.98,0.56,0.17,3.07,30.51,546.34,Medium
539,C-scan (BVID with Holes),Damaged,BVID,5,0.611,0.065,28.45,0.802,0.111,0.52,65.9,5.12,0.197,2.917,27.67,413.89,Low
540,Thermograph,Mixed,None,6,0.459,0.02,8.69,0.864,0.626,0.297,44.91,10.54,0.055,1.355,57.0,654.85,High
541,Thermograph,Mixed,None,3,0.598,0.078,41.5,0.773,0.896,0.298,37.19,4.94,0.092,1.426,47.98,363.77,Medium
542,C-scan (Pristine with Holes),Pristine,None,6,0.66,0.074,79.12,0.668,0.382,0.84,56.66,11.23,0.033,0.554,51.14,495.17,High
543,Thermograph,Mixed,None,4,0.499,0.042,56.82,0.18,0.545,0.234,84.12,12.57,0.109,2.456,57.71,447.74,Medium
544,Thermograph,Mixed,None,5,0.625,0.037,60.78,0.473,0.614,0.666,43.45,8.28,0.064,3.185,41.6,845.92,Medium
545,C-scan (BVID with Holes),Damaged,BVID,6,0.674,0.066,31.05,0.531,0.614,0.825,37.65,8.86,0.132,2.804,29.76,597.32,Low
546,Thermograph,Mixed,Thermal Anomaly,4,0.536,0.045,77.05,0.987,0.775,0.581,48.68,13.93,0.045,1.032,38.37,474.97,Medium
547,C-scan (BVID with Holes),Damaged,BVID,6,0.639,0.071,28.25,0.831,0.735,0.658,36.4,14.19,0.096,2.226,57.92,517.06,Medium
548,Thermograph,Mixed,None,5,0.597,0.054,40.87,0.982,0.809,0.414,57.73,4.16,0.032,2.635,20.36,754.69,Low
549,C-scan (Pristine with Holes),Pristine,None,2,0.452,0.065,4.36,0.541,0.858,0.613,82.67,1.81,0.035,0.744,40.81,511.37,Medium
550,Thermograph,Mixed,None,6,0.628,0.045,64.62,0.202,0.692,0.321,106.57,1.14,0.117,2.562,42.8,613.11,Medium
551,Thermograph,Mixed,None,2,0.461,0.026,62.75,0.95,1.0,0.406,118.97,3.58,0.042,2.871,56.04,579.73,High
552,C-scan (BVID with Holes),Damaged,BVID,2,0.671,0.07,12.91,0.183,0.985,0.389,108.8,8.96,0.178,1.648,26.53,795.2,Low
553,C-scan (BVID with Holes),Damaged,BVID,5,0.522,0.054,27.51,0.685,0.247,0.533,42.04,2.44,0.177,1.364,38.04,822.43,Medium
554,C-scan (BVID with Holes),Damaged,BVID,2,0.503,0.04,51.21,0.4,0.301,0.447,80.16,1.09,0.142,3.318,37.85,476.19,Medium
555,C-scan (Pristine with Holes),Pristine,None,4,0.503,0.079,6.78,0.802,0.187,0.462,108.63,12.21,0.034,0.181,29.55,665.83,Low
556,C-scan (Pristine with Holes),Pristine,None,6,0.543,0.06,36.35,0.953,0.136,0.839,55.55,0.98,0.016,0.843,44.58,416.59,Medium
557,Thermograph,Mixed,Thermal Anomaly,3,0.505,0.058,37.35,0.327,0.966,0.661,66.86,8.36,0.088,1.55,43.93,394.18,Medium
558,Thermograph,Mixed,None,4,0.583,0.055,17.45,0.833,0.169,0.345,99.12,14.25,0.143,2.964,37.1,521.65,Medium
559,C-scan (Pristine with Holes),Pristine,None,6,0.539,0.05,59.43,0.174,0.196,0.742,41.28,9.47,0.024,0.76,20.48,811.87,Low
560,C-scan (Pristine with Holes),Pristine,None,6,0.458,0.01,41.81,0.899,0.692,0.358,101.5,13.38,0.013,0.178,49.97,576.54,High
561,Thermograph,Mixed,Thermal Anomaly,5,0.688,0.078,46.11,0.831,0.435,0.868,104.47,14.02,0.082,1.962,58.39,644.72,Medium
562,Thermograph,Mixed,Thermal Anomaly,3,0.639,0.056,67.15,0.615,0.68,0.639,78.78,1.32,0.119,1.323,34.49,725.44,Medium
563,C-scan (Pristine with Holes),Pristine,None,4,0.489,0.076,15.52,0.513,0.889,0.686,118.86,5.25,0.035,0.696,23.76,672.27,Low
564,C-scan (BVID with Holes),Damaged,BVID,3,0.508,0.018,82.92,0.278,0.671,0.813,55.19,11.71,0.091,2.799,39.9,382.06,Medium
565,Thermograph,Mixed,Thermal Anomaly,3,0.473,0.042,8.7,0.114,0.904,0.68,57.09,2.78,0.042,1.566,45.09,641.73,High
566,Thermograph,Mixed,Thermal Anomaly,6,0.513,0.029,84.69,0.739,0.99,0.403,68.61,2.81,0.049,2.913,57.9,836.76,High
567,C-scan (Pristine with Holes),Pristine,None,4,0.511,0.078,73.62,0.443,0.982,0.429,36.05,6.98,0.019,0.52,44.72,595.38,Medium
568,Thermograph,Mixed,Thermal Anomaly,4,0.547,0.032,81.66,0.604,0.219,0.325,52.52,6.23,0.033,3.096,58.21,870.83,High
569,Thermograph,Mixed,None,2,0.583,0.058,17.16,0.465,0.578,0.515,92.19,4.58,0.147,0.681,56.57,496.17,Medium
570,Thermograph,Mixed,None,5,0.598,0.044,19.76,0.306,0.655,0.764,51.7,8.97,0.098,1.897,30.16,632.88,Medium
571,C-scan (BVID with Holes),Damaged,BVID,6,0.554,0.045,8.49,0.199,0.538,0.294,103.19,3.42,0.157,3.005,58.48,637.29,Medium
572,Thermograph,Mixed,Thermal Anomaly,2,0.543,0.023,26.86,0.535,0.237,0.502,47.19,12.05,0.075,1.429,45.95,654.87,High
573,C-scan (Pristine with Holes),Pristine,None,5,0.666,0.057,4.62,0.868,0.944,0.5,115.61,13.45,0.041,0.12,26.21,424.92,Low
574,C-scan (BVID with Holes),Damaged,BVID,5,0.673,0.075,52.41,0.888,0.257,0.26,38.52,5.43,0.128,2.253,21.93,710.05,Low
575,C-scan (Pristine with Holes),Pristine,None,3,0.676,0.051,37.83,0.348,0.596,0.446,66.85,4.56,0.018,0.565,46.7,764.52,High
576,Thermograph,Mixed,None,5,0.472,0.076,75.54,0.471,0.964,0.417,28.5,8.86,0.042,2.661,35.86,416.02,Medium
577,C-scan (Pristine with Holes),Pristine,None,3,0.539,0.07,24.03,0.275,0.639,0.401,29.81,12.11,0.02,0.513,26.58,773.68,Low
578,Thermograph,Mixed,None,2,0.488,0.038,56.48,0.363,0.781,0.502,96.0,1.2,0.032,2.227,45.55,615.78,High
579,C-scan (BVID with Holes),Damaged,BVID,4,0.512,0.08,34.43,0.729,0.91,0.322,99.84,2.61,0.134,1.4,58.26,787.05,Medium
580,C-scan (Pristine with Holes),Pristine,None,4,0.636,0.061,37.04,0.482,0.47,0.349,43.19,8.44,0.036,0.167,28.41,642.01,Low
581,Thermograph,Mixed,None,3,0.573,0.038,48.18,0.438,0.273,0.547,65.08,4.59,0.049,1.2,43.88,409.47,Medium
582,C-scan (BVID with Holes),Damaged,BVID,3,0.555,0.018,6.85,0.823,0.56,0.65,63.74,14.93,0.137,2.046,55.48,574.48,Medium
583,C-scan (Pristine with Holes),Pristine,None,3,0.68,0.069,24.69,0.152,0.123,0.717,111.49,1.17,0.042,0.904,34.23,764.06,Medium
584,C-scan (BVID with Holes),Damaged,BVID,4,0.647,0.029,58.57,0.967,0.683,0.66,119.0,1.45,0.14,1.641,33.0,364.1,Medium
585,Thermograph,Mixed,Thermal Anomaly,6,0.54,0.055,66.57,0.588,0.436,0.326,35.51,0.95,0.087,2.462,33.01,708.75,Medium
586,Thermograph,Mixed,Thermal Anomaly,5,0.619,0.04,63.79,0.113,0.537,0.322,102.83,0.95,0.119,3.314,35.95,761.11,Medium
587,Thermograph,Mixed,Thermal Anomaly,3,0.455,0.079,60.36,0.572,0.672,0.769,119.42,11.62,0.04,1.432,22.29,895.2,Low
588,Thermograph,Mixed,Thermal Anomaly,3,0.642,0.079,41.5,0.587,0.18,0.882,83.14,14.68,0.124,1.109,37.66,642.56,Medium
589,C-scan (Pristine with Holes),Pristine,None,2,0.576,0.013,82.81,0.686,0.54,0.691,42.55,12.67,0.049,0.678,21.15,788.91,Low
590,Thermograph,Mixed,None,3,0.51,0.077,84.51,0.869,0.794,0.503,118.44,12.87,0.099,2.924,29.07,635.37,Low
591,C-scan (Pristine with Holes),Pristine,None,3,0.697,0.04,45.1,0.955,0.866,0.553,96.36,4.06,0.028,0.872,46.31,374.05,High
592,C-scan (BVID with Holes),Damaged,BVID,5,0.483,0.029,83.17,0.422,0.897,0.633,92.0,7.25,0.189,2.086,54.32,894.96,Medium
593,C-scan (BVID with Holes),Damaged,BVID,3,0.636,0.013,30.75,0.556,0.539,0.637,117.46,4.0,0.162,3.453,45.03,769.23,Medium
594,Thermograph,Mixed,Thermal Anomaly,5,0.669,0.025,85.04,0.997,0.511,0.606,39.28,2.96,0.089,1.369,45.09,776.19,Medium
595,Thermograph,Mixed,Thermal Anomaly,6,0.686,0.023,36.41,0.159,0.131,0.693,109.34,8.4,0.074,0.943,36.15,700.9,Medium
596,Thermograph,Mixed,None,5,0.607,0.073,69.52,0.823,0.569,0.412,89.45,4.11,0.051,0.873,42.14,644.84,Medium
597,C-scan (Pristine with Holes),Pristine,None,4,0.634,0.076,36.07,0.827,0.903,0.673,96.4,6.09,0.046,0.852,26.13,613.5,Low
598,C-scan (Pristine with Holes),Pristine,None,5,0.543,0.043,10.08,0.177,0.373,0.7,36.24,6.05,0.024,0.486,54.87,402.28,High
599,C-scan (BVID with Holes),Damaged,BVID,4,0.535,0.062,49.4,0.262,0.926,0.5,94.75,14.8,0.088,3.713,29.43,544.15,Low
600,C-scan (BVID with Holes),Damaged,BVID,4,0.561,0.074,78.15,0.848,0.882,0.451,90.42,12.79,0.163,3.138,54.9,837.54,Medium
601,C-scan (BVID with Holes),Damaged,BVID,4,0.622,0.022,48.53,0.347,0.399,0.247,90.52,9.67,0.195,4.531,52.96,409.67,Medium
602,C-scan (BVID with Holes),Damaged,BVID,3,0.557,0.017,66.04,0.753,0.968,0.546,100.25,3.13,0.167,4.414,59.51,879.64,Medium
603,C-scan (Pristine with Holes),Pristine,None,2,0.665,0.014,53.2,0.585,0.378,0.296,43.33,6.96,0.042,0.285,57.41,782.51,High
604,C-scan (Pristine with Holes),Pristine,None,6,0.639,0.029,36.13,0.274,0.964,0.62,42.33,12.2,0.017,0.391,52.66,617.9,High
605,Thermograph,Mixed,Thermal Anomaly,6,0.62,0.061,29.53,0.595,0.154,0.258,43.42,6.77,0.121,2.631,59.7,363.67,Medium
606,C-scan (BVID with Holes),Damaged,BVID,5,0.559,0.071,45.07,0.523,0.413,0.497,49.51,8.21,0.083,4.427,22.72,519.76,Low
607,C-scan (BVID with Holes),Damaged,BVID,6,0.463,0.072,66.24,0.642,0.4,0.353,26.74,4.14,0.188,2.254,33.91,710.16,Medium
608,C-scan (Pristine with Holes),Pristine,None,6,0.538,0.07,78.57,0.487,0.15,0.203,25.59,10.09,0.023,0.91,57.01,732.62,High
609,C-scan (BVID with Holes),Damaged,BVID,6,0.49,0.043,65.15,0.645,0.145,0.605,63.94,4.92,0.195,1.002,20.4,456.78,Low
610,C-scan (Pristine with Holes),Pristine,None,2,0.559,0.024,44.32,0.96,0.235,0.291,87.63,1.8,0.036,0.215,36.29,747.29,Medium
611,C-scan (Pristine with Holes),Pristine,None,4,0.616,0.055,36.01,0.868,0.807,0.545,60.8,5.12,0.04,0.243,40.37,536.96,Medium
612,C-scan (Pristine with Holes),Pristine,None,5,0.683,0.067,38.23,0.841,0.893,0.264,26.3,9.95,0.049,0.25,30.4,671.14,Medium
613,C-scan (Pristine with Holes),Pristine,None,6,0.492,0.014,5.68,0.355,0.144,0.242,34.52,8.13,0.024,0.116,21.92,791.33,Low
614,C-scan (Pristine with Holes),Pristine,None,3,0.637,0.05,5.03,0.823,0.651,0.713,41.05,6.22,0.027,0.84,29.23,776.56,Low
615,C-scan (Pristine with Holes),Pristine,None,6,0.514,0.04,39.08,0.504,0.703,0.873,53.01,8.04,0.047,0.675,46.43,601.13,High
616,Thermograph,Mixed,Thermal Anomaly,6,0.459,0.017,0.15,0.295,0.952,0.829,35.72,4.0,0.107,3.29,30.64,594.19,Medium
617,C-scan (BVID with Holes),Damaged,BVID,5,0.675,0.074,34.15,0.16,0.261,0.84,50.94,3.77,0.12,1.535,35.33,862.18,Medium
618,C-scan (Pristine with Holes),Pristine,None,3,0.46,0.073,6.4,0.547,0.655,0.882,48.69,4.49,0.014,0.302,38.18,502.81,Medium
619,C-scan (Pristine with Holes),Pristine,None,4,0.581,0.031,62.8,0.656,0.346,0.439,77.16,2.15,0.02,0.5,31.96,385.47,Medium
620,C-scan (Pristine with Holes),Pristine,None,6,0.592,0.02,39.84,0.587,0.638,0.763,70.76,14.11,0.018,0.454,30.83,761.91,Medium
621,C-scan (BVID with Holes),Damaged,BVID,6,0.636,0.013,80.69,0.478,0.391,0.828,56.58,7.93,0.158,4.182,41.87,678.19,Medium
622,C-scan (BVID with Holes),Damaged,BVID,6,0.618,0.045,32.89,0.673,0.737,0.593,92.05,5.79,0.155,4.31,21.32,785.87,Low
623,C-scan (Pristine with Holes),Pristine,None,4,0.647,0.016,53.38,0.397,0.232,0.705,61.13,11.43,0.042,0.743,57.68,571.48,High
624,C-scan (Pristine with Holes),Pristine,None,2,0.671,0.044,10.0,0.762,0.116,0.238,29.86,4.01,0.029,0.919,37.17,522.1,Medium
625,C-scan (BVID with Holes),Damaged,BVID,5,0.582,0.037,61.93,0.739,0.763,0.443,105.34,2.92,0.166,3.359,32.93,519.56,Medium
626,Thermograph,Mixed,None,2,0.521,0.051,51.42,0.676,0.628,0.561,115.22,12.39,0.067,2.231,50.58,470.12,High
627,Thermograph,Mixed,Thermal Anomaly,5,0.569,0.043,7.19,0.177,0.829,0.375,43.77,13.73,0.05,2.244,46.84,390.96,High
628,C-scan (Pristine with Holes),Pristine,None,4,0.64,0.015,59.06,0.982,0.632,0.251,42.77,5.37,0.035,0.438,23.73,742.92,Low
629,C-scan (Pristine with Holes),Pristine,None,4,0.508,0.064,59.87,0.336,0.721,0.423,88.77,4.33,0.036,0.375,50.23,896.7,High
630,C-scan (Pristine with Holes),Pristine,None,3,0.546,0.018,17.07,0.568,0.373,0.858,30.03,10.59,0.03,0.739,24.01,354.73,Low
631,C-scan (Pristine with Holes),Pristine,None,6,0.566,0.066,26.48,0.389,0.96,0.611,71.65,4.82,0.035,0.806,25.13,484.31,Low
632,C-scan (BVID with Holes),Damaged,BVID,6,0.518,0.038,58.69,0.547,0.167,0.362,95.69,14.11,0.122,4.091,21.74,354.16,Low
633,Thermograph,Mixed,Thermal Anomaly,5,0.495,0.021,0.99,0.967,0.399,0.847,110.51,4.41,0.042,1.806,28.01,747.46,Low
634,Thermograph,Mixed,None,5,0.473,0.042,76.21,0.939,0.151,0.536,87.59,7.55,0.104,0.811,43.08,873.12,Medium
635,C-scan (BVID with Holes),Damaged,BVID,3,0.468,0.03,74.12,0.419,0.657,0.205,116.6,3.96,0.094,4.928,57.76,647.29,Medium
636,C-scan (BVID with Holes),Damaged,BVID,5,0.692,0.073,59.52,0.976,0.723,0.374,29.64,12.07,0.144,4.935,57.77,586.8,Medium
637,Thermograph,Mixed,Thermal Anomaly,2,0.492,0.031,64.18,0.905,0.127,0.572,113.28,1.69,0.035,2.202,48.92,878.29,High
638,C-scan (Pristine with Holes),Pristine,None,6,0.523,0.066,70.19,0.688,0.654,0.473,105.11,10.14,0.027,0.224,38.29,392.97,Medium
639,Thermograph,Mixed,Thermal Anomaly,6,0.631,0.042,76.81,0.879,0.509,0.254,70.76,11.56,0.097,3.457,27.96,754.74,Low
640,C-scan (BVID with Holes),Damaged,BVID,5,0.6,0.053,83.56,0.589,0.496,0.821,47.14,5.42,0.128,3.515,27.57,693.3,Low
641,C-scan (Pristine with Holes),Pristine,None,4,0.578,0.052,65.48,0.306,0.743,0.779,70.05,1.35,0.025,0.293,54.91,631.24,High
642,C-scan (BVID with Holes),Damaged,BVID,5,0.592,0.05,77.71,0.509,0.499,0.865,36.03,9.44,0.148,1.948,54.68,383.92,Medium
643,Thermograph,Mixed,Thermal Anomaly,6,0.509,0.064,85.97,0.875,0.64,0.315,67.41,14.48,0.126,0.68,25.98,408.53,Low
644,C-scan (Pristine with Holes),Pristine,None,2,0.48,0.015,9.7,0.116,0.178,0.786,33.46,11.9,0.031,0.16,27.1,560.09,Low
645,C-scan (BVID with Holes),Damaged,BVID,4,0.553,0.051,53.94,0.558,0.867,0.742,63.02,3.38,0.111,2.896,52.47,825.63,Medium
646,C-scan (Pristine with Holes),Pristine,None,5,0.666,0.07,68.44,0.539,0.309,0.605,79.47,1.26,0.033,0.783,39.14,848.81,Medium
647,C-scan (Pristine with Holes),Pristine,None,2,0.533,0.046,82.67,0.719,0.931,0.735,119.53,5.45,0.034,0.256,52.33,614.21,High
648,Thermograph,Mixed,Thermal Anomaly,5,0.451,0.02,3.52,0.27,0.742,0.725,42.62,8.97,0.113,1.894,50.45,537.09,Medium
649,Thermograph,Mixed,Thermal Anomaly,4,0.61,0.011,24.38,0.882,0.914,0.201,104.11,4.74,0.046,2.849,42.8,752.42,Medium
650,Thermograph,Mixed,None,4,0.632,0.049,11.32,0.21,0.982,0.336,40.8,7.67,0.039,0.562,45.17,386.22,High
651,C-scan (BVID with Holes),Damaged,BVID,3,0.529,0.041,40.6,0.504,0.376,0.607,73.7,3.8,0.183,4.755,59.23,764.51,Medium
652,Thermograph,Mixed,Thermal Anomaly,6,0.654,0.022,71.2,0.962,0.771,0.47,104.3,3.61,0.112,1.54,28.08,878.16,Low
653,C-scan (BVID with Holes),Damaged,BVID,2,0.587,0.039,66.34,0.349,0.945,0.636,95.56,6.06,0.142,3.966,48.88,438.93,Medium
654,Thermograph,Mixed,None,2,0.61,0.079,89.09,0.436,0.182,0.802,114.24,0.54,0.096,3.441,58.45,627.9,Medium
655,Thermograph,Mixed,None,2,0.513,0.078,11.26,0.193,0.761,0.753,86.58,12.04,0.085,3.001,43.76,573.07,Medium
656,C-scan (Pristine with Holes),Pristine,None,6,0.532,0.034,8.9,0.498,0.287,0.734,53.25,8.79,0.041,0.62,56.13,509.01,High
657,C-scan (Pristine with Holes),Pristine,None,2,0.578,0.03,28.53,0.238,0.63,0.546,71.44,13.34,0.024,0.526,36.37,555.93,Medium
658,C-scan (BVID with Holes),Damaged,BVID,4,0.698,0.045,88.41,0.82,0.282,0.507,58.03,11.24,0.173,4.347,38.53,572.97,Medium
659,Thermograph,Mixed,Thermal Anomaly,2,0.502,0.015,43.08,0.481,0.65,0.782,75.74,0.99,0.084,0.862,40.24,446.67,Medium
660,C-scan (Pristine with Holes),Pristine,None,6,0.61,0.011,12.32,0.179,0.75,0.897,97.45,6.0,0.015,0.385,41.19,383.29,Medium
661,Thermograph,Mixed,None,4,0.565,0.013,42.12,0.271,0.101,0.303,29.61,12.16,0.038,0.953,40.57,764.81,Medium
662,Thermograph,Mixed,Thermal Anomaly,5,0.659,0.079,9.97,0.707,0.22,0.71,51.45,2.74,0.114,2.014,50.8,393.58,Medium
663,Thermograph,Mixed,Thermal Anomaly,2,0.629,0.061,65.53,0.885,0.88,0.609,55.56,8.46,0.124,3.242,36.79,623.04,Medium
664,Thermograph,Mixed,None,6,0.502,0.028,15.88,0.729,0.636,0.894,101.97,9.44,0.077,2.054,20.74,825.39,Low
665,C-scan (Pristine with Holes),Pristine,None,2,0.475,0.068,43.86,0.589,0.806,0.237,110.49,8.11,0.036,0.12,56.24,672.99,High
666,C-scan (BVID with Holes),Damaged,BVID,3,0.485,0.036,8.56,0.174,0.796,0.4,107.43,7.02,0.126,2.459,35.47,637.36,Medium
667,C-scan (BVID with Holes),Damaged,BVID,4,0.51,0.013,17.79,0.45,0.343,0.376,55.12,10.87,0.163,3.068,48.94,661.83,Medium
668,C-scan (BVID with Holes),Damaged,BVID,6,0.503,0.055,33.04,0.498,0.589,0.694,79.81,1.87,0.127,3.9,47.76,726.1,Medium
669,C-scan (Pristine with Holes),Pristine,None,6,0.503,0.029,82.13,0.592,0.314,0.708,48.49,11.04,0.039,0.71,24.72,590.69,Low
670,C-scan (Pristine with Holes),Pristine,None,4,0.492,0.064,1.63,0.726,0.158,0.236,41.5,12.15,0.018,0.455,28.16,538.09,Low
671,C-scan (Pristine with Holes),Pristine,None,3,0.602,0.034,75.83,0.533,0.372,0.406,90.5,11.54,0.031,0.928,47.35,692.41,High
672,C-scan (BVID with Holes),Damaged,BVID,6,0.59,0.076,85.06,0.659,0.49,0.384,90.37,8.12,0.173,2.899,45.63,680.17,Medium
673,C-scan (Pristine with Holes),Pristine,None,3,0.515,0.036,86.08,0.303,0.335,0.472,108.51,14.09,0.036,0.24,49.91,679.43,High
674,C-scan (BVID with Holes),Damaged,BVID,5,0.67,0.036,85.77,0.12,0.779,0.492,35.46,9.68,0.142,2.548,52.86,847.69,Medium
675,C-scan (Pristine with Holes),Pristine,None,4,0.532,0.07,7.64,0.307,0.281,0.515,76.49,10.03,0.011,0.518,39.3,521.26,Medium
676,Thermograph,Mixed,None,2,0.511,0.01,61.77,0.947,0.343,0.614,117.9,7.17,0.068,2.573,29.7,816.08,Low
677,C-scan (BVID with Holes),Damaged,BVID,5,0.564,0.072,0.67,0.789,0.756,0.245,51.08,11.49,0.145,1.521,29.21,697.88,Low
678,C-scan (Pristine with Holes),Pristine,None,6,0.596,0.07,32.39,0.288,0.144,0.875,103.9,13.86,0.034,0.823,48.28,407.49,High
679,C-scan (BVID with Holes),Damaged,BVID,3,0.458,0.019,1.96,0.854,0.717,0.644,26.46,5.32,0.109,4.774,26.85,384.83,Low
680,C-scan (Pristine with Holes),Pristine,None,5,0.571,0.055,0.55,0.383,0.102,0.403,66.34,9.66,0.013,0.233,27.26,539.91,Low
681,C-scan (BVID with Holes),Damaged,BVID,2,0.547,0.023,82.6,0.453,0.182,0.502,100.93,1.67,0.194,1.959,30.76,419.47,Medium
682,C-scan (BVID with Holes),Damaged,BVID,6,0.564,0.015,67.15,0.711,0.352,0.597,114.25,9.26,0.154,4.518,20.51,690.57,Low
683,Thermograph,Mixed,None,4,0.451,0.046,46.97,0.157,0.698,0.867,79.94,3.3,0.097,1.779,51.02,534.83,Medium
684,C-scan (BVID with Holes),Damaged,BVID,2,0.492,0.052,0.08,0.368,0.652,0.281,53.17,1.31,0.187,1.911,55.19,594.26,Medium
685,Thermograph,Mixed,None,5,0.508,0.033,81.26,0.815,0.962,0.206,77.02,4.03,0.085,2.872,55.19,768.17,Medium
686,C-scan (BVID with Holes),Damaged,BVID,3,0.497,0.061,40.73,0.651,0.3,0.897,42.37,7.95,0.153,4.303,48.45,372.17,Medium
687,Thermograph,Mixed,None,5,0.469,0.076,84.38,0.298,0.53,0.675,101.44,4.19,0.104,1.877,41.57,451.67,Medium
688,C-scan (BVID with Holes),Damaged,BVID,6,0.471,0.059,43.4,0.522,0.32,0.786,81.88,0.69,0.156,4.647,51.49,365.29,Medium
689,Thermograph,Mixed,None,6,0.652,0.011,5.4,0.37,0.635,0.731,94.69,6.02,0.113,0.934,20.85,528.66,Low
690,C-scan (BVID with Holes),Damaged,BVID,3,0.679,0.078,3.17,0.364,0.474,0.478,30.69,14.19,0.148,3.051,20.5,556.45,Low
691,C-scan (Pristine with Holes),Pristine,None,6,0.68,0.032,43.64,0.179,0.572,0.756,63.49,12.52,0.036,0.27,40.03,744.81,Medium
692,C-scan (Pristine with Holes),Pristine,None,2,0.687,0.042,38.56,0.725,0.856,0.566,117.45,10.77,0.021,0.557,48.98,492.17,High
693,C-scan (BVID with Holes),Damaged,BVID,5,0.607,0.04,50.72,0.228,0.747,0.394,92.0,5.81,0.091,4.05,21.16,404.54,Low
694,C-scan (Pristine with Holes),Pristine,None,4,0.457,0.07,16.42,0.223,0.204,0.643,89.48,1.55,0.033,0.442,48.09,424.99,High
695,C-scan (Pristine with Holes),Pristine,None,3,0.667,0.063,43.27,0.413,0.197,0.613,61.41,13.66,0.032,0.466,50.61,700.41,High
696,C-scan (Pristine with Holes),Pristine,None,4,0.69,0.023,57.21,0.494,0.176,0.745,92.33,12.91,0.017,0.186,57.91,780.02,High
697,C-scan (BVID with Holes),Damaged,BVID,3,0.585,0.014,53.19,0.12,0.482,0.39,30.27,13.82,0.137,1.111,39.73,713.0,Medium
698,C-scan (Pristine with Holes),Pristine,None,4,0.646,0.075,0.53,0.362,0.384,0.802,112.33,9.21,0.047,0.33,27.76,786.38,Low
699,C-scan (Pristine with Holes),Pristine,None,5,0.576,0.057,13.51,0.762,0.773,0.205,28.53,12.83,0.05,0.545,46.71,387.5,High
700,C-scan (BVID with Holes),Damaged,BVID,6,0.622,0.039,44.05,0.251,0.789,0.32,79.85,6.1,0.084,1.668,43.14,615.31,Medium
701,Thermograph,Mixed,Thermal Anomaly,6,0.517,0.078,71.49,0.295,0.309,0.222,51.02,9.92,0.116,3.23,22.1,758.01,Low
702,C-scan (Pristine with Holes),Pristine,None,2,0.463,0.021,78.93,0.766,0.411,0.401,80.47,8.13,0.021,0.597,57.48,768.9,High
703,C-scan (Pristine with Holes),Pristine,None,4,0.467,0.078,75.39,0.795,0.803,0.425,54.14,7.75,0.04,0.67,46.33,402.86,High
704,C-scan (Pristine with Holes),Pristine,None,4,0.652,0.031,29.33,0.573,0.247,0.522,51.05,9.19,0.027,0.702,37.06,756.64,Medium
705,C-scan (BVID with Holes),Damaged,BVID,6,0.534,0.016,27.86,0.214,0.372,0.374,102.32,2.27,0.143,1.121,32.66,805.59,Medium
706,Thermograph,Mixed,Thermal Anomaly,2,0.692,0.018,89.11,0.704,0.349,0.311,55.18,11.6,0.101,2.29,51.7,402.7,Medium
707,C-scan (BVID with Holes),Damaged,BVID,5,0.671,0.025,38.26,0.29,0.387,0.462,82.28,9.01,0.106,4.123,52.05,754.5,Medium
708,Thermograph,Mixed,None,3,0.631,0.032,69.64,0.886,0.756,0.895,108.3,14.91,0.136,0.905,48.09,823.67,Medium
709,C-scan (BVID with Holes),Damaged,BVID,2,0.581,0.079,39.36,0.125,0.425,0.377,80.33,5.63,0.153,1.989,45.99,350.16,Medium
710,Thermograph,Mixed,None,6,0.645,0.02,64.58,0.938,0.954,0.647,112.82,3.51,0.034,2.379,27.73,863.23,Low
711,Thermograph,Mixed,Thermal Anomaly,4,0.678,0.078,47.69,0.139,0.584,0.681,67.17,7.74,0.116,2.652,53.63,593.52,Medium
712,C-scan (Pristine with Holes),Pristine,None,2,0.535,0.074,77.17,0.293,0.275,0.276,112.09,1.76,0.015,0.638,56.59,370.91,High
713,C-scan (Pristine with Holes),Pristine,None,4,0.612,0.021,86.25,0.119,0.596,0.766,103.93,4.99,0.042,0.448,40.1,723.22,Medium
714,C-scan (Pristine with Holes),Pristine,None,3,0.459,0.016,36.82,0.882,0.47,0.292,30.05,12.51,0.02,0.682,44.55,600.87,Medium
715,C-scan (BVID with Holes),Damaged,BVID,3,0.584,0.075,6.71,0.315,0.352,0.356,43.32,10.65,0.191,4.795,59.39,562.72,Medium
716,Thermograph,Mixed,Thermal Anomaly,5,0.571,0.034,71.45,0.98,0.253,0.806,111.0,10.25,0.12,0.667,47.05,463.63,Medium
717,Thermograph,Mixed,Thermal Anomaly,6,0.548,0.014,62.44,0.425,0.184,0.761,90.56,6.76,0.098,0.738,57.82,813.93,Medium
718,C-scan (Pristine with Holes),Pristine,None,3,0.604,0.024,39.88,0.959,0.149,0.439,67.58,2.39,0.019,0.105,41.82,614.38,Medium
719,Thermograph,Mixed,None,5,0.547,0.063,76.21,0.639,0.655,0.767,99.26,14.37,0.144,3.453,56.01,556.51,Medium
720,C-scan (BVID with Holes),Damaged,BVID,4,0.558,0.062,80.7,0.628,0.839,0.834,64.89,7.29,0.192,3.847,49.86,417.85,Medium
721,C-scan (Pristine with Holes),Pristine,None,4,0.518,0.058,86.36,0.866,0.401,0.522,46.82,8.52,0.025,0.31,48.57,635.14,High
722,C-scan (BVID with Holes),Damaged,BVID,3,0.689,0.033,18.68,0.527,0.531,0.563,42.94,4.76,0.09,4.789,52.1,597.76,Medium
723,C-scan (BVID with Holes),Damaged,BVID,6,0.516,0.072,74.2,0.608,0.895,0.283,104.88,5.36,0.108,4.732,34.46,530.23,Medium
724,Thermograph,Mixed,Thermal Anomaly,6,0.622,0.064,54.65,0.312,0.221,0.353,98.04,12.35,0.101,2.424,57.06,473.56,Medium
725,C-scan (Pristine with Holes),Pristine,None,6,0.527,0.02,74.87,0.742,0.351,0.56,81.99,1.42,0.046,0.574,35.94,654.4,Medium
726,Thermograph,Mixed,Thermal Anomaly,3,0.64,0.022,32.29,0.892,0.918,0.793,84.5,11.03,0.07,1.885,21.24,382.6,Low
727,C-scan (BVID with Holes),Damaged,BVID,4,0.484,0.063,49.57,0.351,0.672,0.368,118.69,3.58,0.084,4.157,33.6,861.51,Medium
728,C-scan (Pristine with Holes),Pristine,None,2,0.484,0.06,17.45,0.276,0.92,0.562,116.1,4.62,0.02,0.296,22.67,476.33,Low
729,C-scan (BVID with Holes),Damaged,BVID,6,0.598,0.024,23.37,0.672,0.504,0.787,99.9,8.37,0.172,4.931,47.62,559.22,Medium
730,C-scan (Pristine with Holes),Pristine,None,6,0.619,0.026,80.5,0.881,0.421,0.398,90.07,0.67,0.04,0.791,48.44,821.5,High
731,C-scan (BVID with Holes),Damaged,BVID,6,0.544,0.024,64.67,0.49,0.71,0.769,40.86,5.83,0.117,1.55,58.83,494.29,Medium
732,C-scan (BVID with Holes),Damaged,BVID,3,0.618,0.027,62.04,0.168,0.988,0.327,112.06,6.94,0.123,3.865,28.45,477.59,Low
733,C-scan (BVID with Holes),Damaged,BVID,3,0.542,0.017,39.02,0.885,0.509,0.892,91.45,9.9,0.104,2.863,41.2,747.4,Medium
734,C-scan (BVID with Holes),Damaged,BVID,3,0.655,0.054,55.53,0.763,0.651,0.514,40.42,13.45,0.167,3.695,57.01,576.81,Medium
735,Thermograph,Mixed,Thermal Anomaly,6,0.544,0.059,31.22,0.861,0.541,0.773,47.79,10.72,0.108,1.578,56.21,387.92,Medium
736,C-scan (Pristine with Holes),Pristine,None,2,0.563,0.058,27.5,0.375,0.157,0.362,101.0,4.9,0.022,0.467,36.19,793.25,Medium
737,Thermograph,Mixed,Thermal Anomaly,5,0.459,0.079,15.81,0.49,0.334,0.539,92.15,12.32,0.058,0.869,50.58,578.6,High
738,C-scan (BVID with Holes),Damaged,BVID,3,0.596,0.076,15.68,0.56,0.94,0.665,28.22,6.66,0.198,4.581,51.64,371.48,Medium
739,Thermograph,Mixed,Thermal Anomaly,6,0.521,0.066,7.52,0.775,0.85,0.33,102.74,7.21,0.121,1.415,48.21,871.3,Medium
740,Thermograph,Mixed,Thermal Anomaly,5,0.638,0.019,72.22,0.745,0.143,0.71,98.84,4.37,0.059,2.946,50.07,719.4,High
741,C-scan (BVID with Holes),Damaged,BVID,5,0.499,0.048,12.52,0.952,0.765,0.404,35.61,4.44,0.175,2.662,45.47,542.82,Medium
742,C-scan (BVID with Holes),Damaged,BVID,4,0.533,0.023,51.24,0.906,0.297,0.806,32.62,8.55,0.131,1.175,34.71,622.3,Medium
743,Thermograph,Mixed,Thermal Anomaly,6,0.481,0.054,7.57,0.873,0.723,0.452,65.88,12.17,0.088,2.394,52.74,529.2,Medium
744,Thermograph,Mixed,Thermal Anomaly,2,0.643,0.019,12.07,0.364,0.357,0.531,102.2,7.7,0.149,1.216,33.59,611.25,Medium
745,Thermograph,Mixed,Thermal Anomaly,3,0.643,0.073,74.01,0.698,0.241,0.586,54.46,13.79,0.144,1.28,49.38,818.84,Medium
746,C-scan (BVID with Holes),Damaged,BVID,3,0.622,0.034,32.1,0.605,0.791,0.204,90.96,9.22,0.168,3.302,35.66,752.69,Medium
747,Thermograph,Mixed,Thermal Anomaly,6,0.519,0.053,82.12,0.848,0.1,0.318,81.81,1.66,0.145,2.606,35.85,532.12,Medium
748,C-scan (BVID with Holes),Damaged,BVID,5,0.473,0.048,43.02,0.66,0.786,0.34,106.23,2.79,0.146,4.088,38.52,387.33,Medium
749,C-scan (Pristine with Holes),Pristine,None,3,0.543,0.063,17.96,0.284,0.759,0.396,66.7,10.73,0.02,0.283,51.82,532.17,High
750,Thermograph,Mixed,Thermal Anomaly,5,0.636,0.049,0.34,0.26,0.127,0.835,38.05,11.92,0.097,2.456,27.28,487.16,Low
751,C-scan (Pristine with Holes),Pristine,None,5,0.503,0.022,56.81,0.775,0.326,0.754,27.49,11.56,0.019,0.689,40.02,413.06,Medium
752,C-scan (BVID with Holes),Damaged,BVID,5,0.561,0.079,41.9,0.156,0.651,0.749,101.59,9.75,0.103,3.054,54.67,489.4,Medium
753,Thermograph,Mixed,None,4,0.505,0.022,88.24,0.685,0.74,0.279,115.71,13.15,0.124,2.858,22.11,873.32,Low
754,C-scan (Pristine with Holes),Pristine,None,6,0.692,0.03,56.29,0.121,0.674,0.525,62.01,1.28,0.01,0.127,51.16,839.72,High
755,Thermograph,Mixed,None,3,0.691,0.064,30.98,0.486,0.579,0.747,104.51,10.66,0.072,1.799,43.5,792.87,Medium
756,C-scan (Pristine with Holes),Pristine,None,5,0.669,0.046,28.69,0.174,0.141,0.781,76.26,7.4,0.027,0.502,42.16,590.19,Medium
757,C-scan (Pristine with Holes),Pristine,None,4,0.613,0.073,40.89,0.206,0.105,0.782,73.41,0.54,0.029,0.287,51.46,458.25,High
758,C-scan (BVID with Holes),Damaged,BVID,2,0.542,0.022,59.95,0.458,0.908,0.554,51.29,6.22,0.12,3.727,44.52,595.32,Medium
759,C-scan (Pristine with Holes),Pristine,None,6,0.681,0.044,10.23,0.753,0.667,0.613,95.39,7.21,0.03,0.205,26.05,522.18,Low
760,C-scan (Pristine with Holes),Pristine,None,3,0.512,0.05,82.59,0.338,0.274,0.207,25.37,10.35,0.02,0.153,58.85,789.41,High
761,Thermograph,Mixed,None,6,0.537,0.014,65.89,0.621,0.516,0.294,77.67,9.22,0.074,1.386,44.29,663.02,Medium
762,C-scan (Pristine with Holes),Pristine,None,3,0.686,0.076,36.02,0.267,0.653,0.246,42.05,2.84,0.011,0.778,27.93,898.93,Low
763,Thermograph,Mixed,Thermal Anomaly,6,0.577,0.033,15.11,0.136,0.936,0.339,66.27,1.33,0.119,0.925,27.61,479.34,Low
764,C-scan (Pristine with Holes),Pristine,None,2,0.564,0.053,43.52,0.621,0.244,0.769,69.31,11.58,0.03,0.375,56.23,352.5,High
765,C-scan (Pristine with Holes),Pristine,None,5,0.61,0.022,64.07,0.777,0.315,0.607,98.46,13.49,0.024,0.566,43.38,660.44,Medium
766,Thermograph,Mixed,None,6,0.463,0.044,30.53,0.339,0.432,0.884,110.68,10.64,0.108,2.55,35.25,394.62,Medium
767,C-scan (BVID with Holes),Damaged,BVID,5,0.642,0.044,77.78,0.981,0.673,0.269,76.29,13.45,0.194,4.626,26.21,537.88,Low
768,Thermograph,Mixed,None,3,0.473,0.039,26.59,0.728,0.103,0.493,41.46,2.54,0.038,2.484,39.67,839.03,Medium
769,C-scan (Pristine with Holes),Pristine,None,4,0.482,0.032,69.95,0.843,0.331,0.854,79.3,11.46,0.012,0.719,30.45,527.09,Medium
770,Thermograph,Mixed,None,2,0.468,0.024,11.68,0.588,0.764,0.742,75.53,8.95,0.098,2.672,31.11,606.65,Medium
771,Thermograph,Mixed,Thermal Anomaly,4,0.498,0.032,1.76,0.565,0.884,0.219,79.56,13.3,0.042,1.579,47.23,865.71,High
772,C-scan (Pristine with Holes),Pristine,None,4,0.678,0.075,24.88,0.507,0.892,0.658,37.08,8.16,0.04,0.675,57.83,884.0,High
773,C-scan (BVID with Holes),Damaged,BVID,4,0.637,0.061,31.38,0.59,0.954,0.26,31.55,2.19,0.138,4.094,33.8,465.96,Medium
774,Thermograph,Mixed,Thermal Anomaly,2,0.617,0.033,9.71,0.571,0.287,0.29,79.01,3.26,0.113,1.414,42.14,677.74,Medium
775,C-scan (BVID with Holes),Damaged,BVID,6,0.575,0.044,32.37,0.677,0.333,0.57,91.9,4.09,0.159,1.474,45.06,757.13,Medium
776,C-scan (Pristine with Holes),Pristine,None,4,0.611,0.056,43.76,0.144,0.309,0.812,50.02,14.0,0.045,0.562,53.35,484.05,High
777,C-scan (BVID with Holes),Damaged,BVID,2,0.692,0.076,36.28,0.557,0.835,0.428,112.51,6.01,0.172,1.713,59.9,773.02,Medium
778,C-scan (BVID with Holes),Damaged,BVID,6,0.455,0.061,49.54,0.326,0.391,0.467,96.51,7.39,0.198,2.81,51.7,563.65,Medium
779,Thermograph,Mixed,Thermal Anomaly,2,0.583,0.046,12.85,0.333,0.297,0.541,112.41,13.46,0.108,3.16,51.54,698.95,Medium
780,Thermograph,Mixed,None,4,0.686,0.078,24.4,0.896,0.709,0.868,81.45,3.14,0.058,2.74,30.02,463.7,Medium
781,Thermograph,Mixed,None,5,0.629,0.023,2.09,0.38,0.432,0.895,93.95,11.28,0.129,1.052,42.03,679.76,Medium
782,C-scan (Pristine with Holes),Pristine,None,3,0.674,0.043,13.15,0.897,0.363,0.583,47.91,1.69,0.029,0.109,34.58,780.78,Medium
783,Thermograph,Mixed,Thermal Anomaly,6,0.662,0.072,89.07,0.757,0.957,0.336,27.29,13.94,0.053,2.92,38.54,726.82,Medium
784,C-scan (Pristine with Holes),Pristine,None,5,0.676,0.054,62.78,0.437,0.705,0.203,52.39,12.44,0.017,0.562,28.92,712.62,Low
785,Thermograph,Mixed,None,4,0.646,0.018,39.59,0.223,0.57,0.482,56.52,12.98,0.073,1.343,21.59,663.92,Low
786,C-scan (Pristine with Holes),Pristine,None,2,0.519,0.049,20.03,0.591,0.399,0.79,62.78,14.3,0.017,0.569,55.22,590.34,High
787,C-scan (Pristine with Holes),Pristine,None,5,0.668,0.033,73.73,0.821,0.847,0.662,42.81,5.65,0.04,0.469,34.54,835.9,Medium
788,C-scan (BVID with Holes),Damaged,BVID,4,0.653,0.057,71.51,0.609,0.958,0.669,73.06,8.26,0.155,4.42,34.0,761.7,Medium
789,C-scan (Pristine with Holes),Pristine,None,6,0.579,0.07,35.67,0.861,0.467,0.575,27.81,1.58,0.033,0.709,36.73,746.94,Medium
790,Thermograph,Mixed,None,2,0.669,0.032,32.14,0.996,0.775,0.298,54.45,2.27,0.068,0.769,39.17,382.09,Medium
791,C-scan (Pristine with Holes),Pristine,None,3,0.646,0.04,88.38,0.569,0.521,0.382,75.67,0.88,0.047,0.201,45.9,896.35,High
792,Thermograph,Mixed,None,2,0.557,0.067,61.78,0.944,0.301,0.511,91.97,1.27,0.14,1.407,56.95,490.87,Medium
793,C-scan (BVID with Holes),Damaged,BVID,5,0.604,0.057,52.57,0.697,0.857,0.22,43.02,0.52,0.133,3.615,55.62,401.91,Medium
794,C-scan (BVID with Holes),Damaged,BVID,6,0.513,0.03,82.83,0.447,0.33,0.722,50.98,12.05,0.159,3.981,44.23,798.87,Medium
795,C-scan (BVID with Holes),Damaged,BVID,4,0.523,0.051,36.46,0.812,0.514,0.464,107.03,7.5,0.086,3.838,30.68,869.71,Medium
796,Thermograph,Mixed,None,5,0.693,0.01,47.7,0.274,0.975,0.827,59.18,12.03,0.08,1.989,39.63,357.14,Medium
797,C-scan (Pristine with Holes),Pristine,None,3,0.65,0.02,0.82,0.164,0.446,0.679,97.36,4.46,0.021,0.439,23.28,410.86,Low
798,C-scan (Pristine with Holes),Pristine,None,4,0.583,0.066,73.92,0.31,0.395,0.694,75.31,7.38,0.038,0.764,58.14,726.79,High
799,C-scan (BVID with Holes),Damaged,BVID,6,0.619,0.077,64.15,0.842,0.116,0.763,114.76,8.43,0.122,2.907,31.12,779.51,Medium
800,Thermograph,Mixed,None,4,0.492,0.047,71.44,0.544,0.437,0.574,28.42,12.92,0.072,0.607,35.54,723.97,Medium
801,Thermograph,Mixed,Thermal Anomaly,5,0.469,0.017,44.39,0.257,0.615,0.554,90.5,12.91,0.069,1.777,42.65,648.8,Medium
802,C-scan (Pristine with Holes),Pristine,None,3,0.682,0.016,17.85,0.746,0.532,0.568,64.2,2.47,0.022,0.737,44.08,602.79,Medium
803,C-scan (Pristine with Holes),Pristine,None,2,0.475,0.071,46.25,0.729,0.426,0.622,77.23,0.82,0.034,0.576,20.23,612.31,Low
804,Thermograph,Mixed,None,6,0.645,0.01,13.93,0.163,0.5,0.611,100.75,11.78,0.08,3.311,27.9,488.93,Low
805,C-scan (Pristine with Holes),Pristine,None,3,0.544,0.014,64.15,0.406,0.22,0.644,98.29,13.27,0.043,0.534,27.94,414.49,Low
806,C-scan (BVID with Holes),Damaged,BVID,6,0.556,0.014,45.25,0.555,0.411,0.582,89.48,5.24,0.17,2.686,55.83,352.44,Medium
807,C-scan (Pristine with Holes),Pristine,None,5,0.691,0.072,29.8,0.689,0.757,0.822,71.8,5.52,0.018,0.336,25.05,662.7,Low
808,C-scan (Pristine with Holes),Pristine,None,2,0.573,0.04,7.1,0.891,0.588,0.562,102.05,3.23,0.013,0.57,25.59,401.58,Low
809,C-scan (BVID with Holes),Damaged,BVID,3,0.509,0.029,84.42,0.897,0.816,0.337,93.13,6.42,0.082,2.55,36.46,588.98,Medium
810,C-scan (Pristine with Holes),Pristine,None,5,0.623,0.056,75.85,0.434,0.852,0.353,55.26,2.37,0.022,0.352,38.25,517.0,Medium
811,C-scan (Pristine with Holes),Pristine,None,2,0.671,0.022,86.44,0.654,0.241,0.729,85.6,6.45,0.034,0.501,22.27,556.48,Low
812,Thermograph,Mixed,None,2,0.526,0.063,79.45,0.297,0.494,0.612,38.16,6.47,0.034,2.971,50.13,492.65,High
813,C-scan (BVID with Holes),Damaged,BVID,3,0.584,0.011,0.14,0.758,0.243,0.277,113.99,10.55,0.105,1.122,37.97,870.22,Medium
814,C-scan (Pristine with Holes),Pristine,None,6,0.469,0.011,88.23,0.688,0.976,0.694,97.5,0.9,0.022,0.142,33.94,432.0,Medium
815,C-scan (BVID with Holes),Damaged,BVID,4,0.631,0.031,72.29,0.992,0.901,0.323,115.97,14.18,0.142,1.307,31.18,894.52,Medium
816,Thermograph,Mixed,Thermal Anomaly,2,0.697,0.057,60.2,0.13,0.959,0.504,37.36,2.34,0.111,2.572,53.38,438.0,Medium
817,C-scan (BVID with Holes),Damaged,BVID,6,0.605,0.053,27.64,0.581,0.554,0.588,65.82,8.04,0.13,4.327,40.78,526.01,Medium
818,C-scan (Pristine with Holes),Pristine,None,6,0.504,0.049,19.08,0.731,0.587,0.532,51.11,13.42,0.028,0.944,50.49,562.63,High
819,Thermograph,Mixed,Thermal Anomaly,5,0.518,0.048,29.92,0.785,0.798,0.809,103.24,6.61,0.085,3.212,43.83,889.28,Medium
820,C-scan (BVID with Holes),Damaged,BVID,3,0.606,0.035,81.29,0.809,0.725,0.576,55.53,11.76,0.15,1.185,37.15,420.24,Medium
821,Thermograph,Mixed,None,6,0.491,0.015,6.92,0.244,0.493,0.208,90.81,3.13,0.123,2.157,21.18,543.07,Low
822,Thermograph,Mixed,Thermal Anomaly,4,0.643,0.076,1.73,0.481,0.175,0.461,119.63,1.05,0.071,0.631,47.06,780.47,High
823,Thermograph,Mixed,Thermal Anomaly,2,0.616,0.046,9.15,0.599,0.392,0.312,87.73,10.33,0.142,3.091,58.41,662.38,Medium
824,C-scan (BVID with Holes),Damaged,BVID,3,0.665,0.057,87.51,0.639,0.65,0.231,95.76,12.77,0.084,4.749,35.22,775.79,Medium
825,C-scan (Pristine with Holes),Pristine,None,4,0.481,0.016,50.83,0.679,0.997,0.724,36.16,7.83,0.047,0.779,20.64,730.37,Low
826,C-scan (Pristine with Holes),Pristine,None,3,0.55,0.022,11.65,0.768,0.987,0.291,50.0,6.32,0.038,0.501,33.94,479.6,Medium
827,Thermograph,Mixed,Thermal Anomaly,5,0.615,0.036,75.97,0.67,0.512,0.28,38.02,1.01,0.144,0.991,22.12,679.54,Low
828,Thermograph,Mixed,None,2,0.663,0.03,13.41,0.138,0.854,0.264,52.9,7.97,0.127,2.819,25.72,702.99,Low
829,Thermograph,Mixed,Thermal Anomaly,2,0.625,0.037,77.06,0.616,0.721,0.242,40.47,3.57,0.119,2.668,29.88,733.51,Low
830,Thermograph,Mixed,Thermal Anomaly,3,0.512,0.03,21.91,0.539,0.392,0.315,117.41,8.27,0.057,1.371,33.41,722.55,Medium
831,Thermograph,Mixed,None,5,0.569,0.04,13.58,0.863,0.442,0.641,63.16,14.06,0.055,3.3,52.77,548.52,High
832,Thermograph,Mixed,None,4,0.475,0.031,74.66,0.874,0.516,0.702,47.89,1.68,0.067,2.024,29.63,751.74,Low
833,C-scan (Pristine with Holes),Pristine,None,4,0.696,0.017,44.44,0.81,0.982,0.458,54.47,1.81,0.035,0.809,53.03,742.6,High
834,C-scan (Pristine with Holes),Pristine,None,6,0.609,0.075,46.12,0.521,0.387,0.668,40.74,13.27,0.047,0.494,34.9,844.92,Medium
835,C-scan (BVID with Holes),Damaged,BVID,5,0.561,0.041,24.96,0.729,0.9,0.817,62.05,12.04,0.18,4.553,23.81,436.05,Low
836,C-scan (BVID with Holes),Damaged,BVID,2,0.555,0.034,30.74,0.336,0.184,0.574,53.72,12.68,0.184,3.536,38.67,460.38,Medium
837,Thermograph,Mixed,Thermal Anomaly,6,0.532,0.011,20.34,0.336,0.556,0.436,53.24,9.88,0.145,1.054,49.89,854.81,Medium
838,C-scan (BVID with Holes),Damaged,BVID,4,0.505,0.072,84.08,0.657,0.229,0.599,109.84,9.94,0.108,4.295,23.4,502.01,Low
839,C-scan (Pristine with Holes),Pristine,None,4,0.573,0.033,48.89,0.348,0.724,0.879,102.15,14.85,0.026,0.996,52.4,632.05,High
840,C-scan (Pristine with Holes),Pristine,None,6,0.468,0.035,8.65,0.41,0.9,0.891,75.3,12.4,0.026,0.427,24.96,722.66,Low
841,C-scan (BVID with Holes),Damaged,BVID,3,0.646,0.041,70.72,0.584,0.997,0.79,50.9,8.25,0.108,2.877,39.54,749.19,Medium
842,Thermograph,Mixed,Thermal Anomaly,6,0.598,0.018,50.54,0.507,0.851,0.668,39.64,10.15,0.039,2.156,37.48,441.55,Medium
843,C-scan (Pristine with Holes),Pristine,None,5,0.69,0.064,3.33,0.844,0.19,0.428,80.8,1.11,0.02,0.561,26.47,827.91,Low
844,C-scan (Pristine with Holes),Pristine,None,5,0.648,0.077,21.92,0.592,0.994,0.63,62.37,1.61,0.021,0.861,42.05,872.49,Medium
845,Thermograph,Mixed,None,6,0.517,0.034,72.29,0.935,0.856,0.386,90.91,6.76,0.135,3.104,32.76,795.25,Medium
846,C-scan (BVID with Holes),Damaged,BVID,4,0.517,0.074,45.08,0.294,0.202,0.322,92.77,1.97,0.101,4.335,51.07,508.84,Medium
847,C-scan (Pristine with Holes),Pristine,None,5,0.605,0.053,29.87,0.142,0.235,0.562,85.2,3.07,0.027,0.629,50.75,389.58,High
848,C-scan (BVID with Holes),Damaged,BVID,6,0.592,0.063,40.01,0.438,0.357,0.711,72.86,3.24,0.16,4.671,41.38,498.43,Medium
849,Thermograph,Mixed,None,5,0.55,0.066,67.64,0.487,0.343,0.562,29.4,14.15,0.084,2.659,58.22,468.62,Medium
850,Thermograph,Mixed,None,3,0.524,0.019,19.09,0.164,0.25,0.567,35.04,10.23,0.067,2.082,40.36,872.57,Medium
851,Thermograph,Mixed,None,6,0.622,0.048,30.72,0.956,0.319,0.238,42.87,8.29,0.083,0.774,43.67,454.52,Medium
852,C-scan (Pristine with Holes),Pristine,None,5,0.631,0.065,21.53,0.353,0.216,0.545,57.89,10.41,0.048,0.357,59.86,641.79,High
853,Thermograph,Mixed,Thermal Anomaly,5,0.543,0.053,45.4,0.556,0.383,0.614,40.63,12.94,0.118,1.103,27.84,631.31,Low
854,Thermograph,Mixed,None,3,0.645,0.077,48.39,0.486,0.866,0.547,37.04,13.91,0.094,1.127,35.53,545.91,Medium
855,Thermograph,Mixed,Thermal Anomaly,5,0.494,0.056,77.51,0.152,0.113,0.879,82.56,14.92,0.15,2.048,37.47,403.26,Medium
856,C-scan (BVID with Holes),Damaged,BVID,6,0.548,0.06,31.04,0.335,0.181,0.361,32.05,10.07,0.109,3.809,21.04,710.88,Low
857,Thermograph,Mixed,Thermal Anomaly,2,0.678,0.036,19.93,0.436,0.224,0.434,103.22,10.61,0.133,1.459,34.58,531.94,Medium
858,C-scan (Pristine with Holes),Pristine,None,5,0.616,0.04,22.49,0.85,0.816,0.784,54.88,14.02,0.023,0.298,26.2,592.34,Low
859,C-scan (Pristine with Holes),Pristine,None,2,0.699,0.053,20.3,0.99,0.462,0.324,71.41,3.02,0.046,0.821,31.02,410.72,Medium
860,C-scan (BVID with Holes),Damaged,BVID,6,0.638,0.058,73.16,0.88,0.916,0.548,65.71,14.93,0.185,4.286,31.27,580.78,Medium
861,Thermograph,Mixed,Thermal Anomaly,5,0.496,0.025,53.0,0.698,0.951,0.857,36.67,11.05,0.059,2.999,39.21,581.84,Medium
862,C-scan (Pristine with Holes),Pristine,None,3,0.611,0.049,67.98,0.27,0.415,0.699,38.54,10.49,0.03,0.599,35.91,414.67,Medium
863,Thermograph,Mixed,None,2,0.566,0.08,22.04,0.813,0.881,0.497,35.08,7.08,0.064,2.871,28.46,573.4,Low
864,C-scan (BVID with Holes),Damaged,BVID,4,0.621,0.027,16.29,0.111,0.624,0.612,43.24,9.43,0.087,3.195,41.21,590.22,Medium
865,C-scan (BVID with Holes),Damaged,BVID,5,0.577,0.06,0.15,0.982,0.967,0.669,118.92,10.24,0.147,2.873,48.01,423.79,Medium
866,C-scan (Pristine with Holes),Pristine,None,3,0.533,0.048,31.32,0.592,0.467,0.606,32.35,9.77,0.049,0.854,56.98,708.69,High
867,C-scan (Pristine with Holes),Pristine,None,3,0.592,0.03,49.97,0.494,0.195,0.703,29.84,7.13,0.04,0.435,54.86,889.32,High
868,C-scan (BVID with Holes),Damaged,BVID,3,0.692,0.034,22.28,0.43,0.102,0.585,46.26,12.03,0.101,1.33,50.79,603.16,Medium
869,Thermograph,Mixed,Thermal Anomaly,5,0.696,0.028,46.97,0.614,0.621,0.875,98.02,9.1,0.072,3.346,48.65,512.72,High
870,Thermograph,Mixed,None,2,0.467,0.077,20.64,0.803,0.589,0.779,100.13,3.39,0.036,3.438,24.34,759.15,Low
871,C-scan (BVID with Holes),Damaged,BVID,5,0.533,0.07,51.1,0.524,0.364,0.571,51.31,14.07,0.188,4.325,36.89,386.27,Medium
872,C-scan (Pristine with Holes),Pristine,None,4,0.533,0.052,22.03,0.154,0.478,0.667,56.29,7.51,0.026,0.127,50.31,503.89,High
873,C-scan (Pristine with Holes),Pristine,None,4,0.626,0.065,9.82,0.896,0.993,0.73,87.91,3.46,0.025,0.339,56.51,705.0,High
874,Thermograph,Mixed,Thermal Anomaly,2,0.585,0.022,45.0,0.667,0.268,0.368,106.99,12.23,0.049,3.363,56.07,787.46,High
875,C-scan (Pristine with Holes),Pristine,None,6,0.597,0.022,57.9,0.329,0.993,0.814,114.42,12.09,0.033,0.814,58.36,509.23,High
876,C-scan (BVID with Holes),Damaged,BVID,2,0.592,0.02,46.97,0.147,0.73,0.501,72.23,5.95,0.197,4.462,29.72,861.6,Low
877,C-scan (Pristine with Holes),Pristine,None,6,0.513,0.06,79.98,0.195,0.487,0.312,44.69,4.85,0.036,0.659,40.03,692.63,Medium
878,Thermograph,Mixed,Thermal Anomaly,3,0.496,0.036,19.46,0.708,0.902,0.793,109.43,4.93,0.107,1.044,23.48,838.44,Low
879,C-scan (BVID with Holes),Damaged,BVID,5,0.62,0.068,46.31,0.738,0.499,0.23,80.68,1.24,0.199,1.165,24.56,556.43,Low
880,Thermograph,Mixed,None,2,0.568,0.041,65.1,0.356,0.553,0.537,106.48,10.89,0.145,2.366,34.04,368.97,Medium
881,Thermograph,Mixed,Thermal Anomaly,5,0.633,0.023,28.32,0.914,0.826,0.564,57.75,4.67,0.056,2.912,26.78,477.26,Low
882,C-scan (BVID with Holes),Damaged,BVID,5,0.463,0.05,5.1,0.398,0.882,0.875,78.71,7.74,0.091,4.616,41.58,529.35,Medium
883,C-scan (BVID with Holes),Damaged,BVID,5,0.649,0.068,66.32,0.486,0.355,0.315,30.12,10.23,0.192,4.216,55.51,391.62,Medium
884,Thermograph,Mixed,None,5,0.52,0.01,17.15,0.667,0.435,0.892,35.12,9.94,0.052,2.481,23.22,446.08,Low
885,C-scan (Pristine with Holes),Pristine,None,4,0.608,0.033,17.01,0.475,0.117,0.649,55.59,7.23,0.03,0.656,48.09,534.98,High
886,C-scan (Pristine with Holes),Pristine,None,5,0.496,0.012,54.13,0.376,0.7,0.376,107.85,8.2,0.014,0.484,45.8,834.54,High
887,C-scan (BVID with Holes),Damaged,BVID,4,0.497,0.027,29.73,0.657,0.8,0.749,51.66,7.7,0.166,3.152,22.01,413.59,Low
888,Thermograph,Mixed,None,3,0.614,0.065,16.32,0.178,0.2,0.779,119.79,4.35,0.146,1.521,33.45,600.86,Medium
889,C-scan (BVID with Holes),Damaged,BVID,4,0.618,0.013,53.06,0.885,0.692,0.463,80.79,6.95,0.093,1.658,33.89,744.28,Medium
890,C-scan (Pristine with Holes),Pristine,None,2,0.696,0.07,86.95,0.194,0.218,0.595,97.54,1.0,0.024,0.608,50.77,889.53,High
891,C-scan (Pristine with Holes),Pristine,None,5,0.487,0.061,41.76,0.697,0.213,0.272,64.46,11.64,0.012,0.266,25.26,564.53,Low
892,C-scan (BVID with Holes),Damaged,BVID,4,0.501,0.028,22.9,0.119,0.157,0.204,86.9,13.11,0.122,1.882,26.59,543.3,Low
893,C-scan (Pristine with Holes),Pristine,None,5,0.577,0.069,30.12,0.998,0.332,0.445,113.3,4.69,0.036,0.412,39.01,828.93,Medium
894,C-scan (Pristine with Holes),Pristine,None,4,0.526,0.017,78.29,0.882,0.656,0.519,106.33,1.56,0.047,0.668,36.98,877.04,Medium
895,Thermograph,Mixed,Thermal Anomaly,4,0.662,0.052,8.45,0.341,0.634,0.394,119.89,2.78,0.033,2.824,23.35,610.31,Low
896,C-scan (Pristine with Holes),Pristine,None,5,0.479,0.012,79.69,0.159,0.587,0.876,91.46,1.97,0.03,0.475,51.51,607.53,High
897,Thermograph,Mixed,Thermal Anomaly,6,0.59,0.022,54.7,0.366,0.195,0.628,44.13,3.39,0.049,1.643,50.19,591.0,High
898,Thermograph,Mixed,None,3,0.513,0.057,66.14,0.979,0.904,0.416,86.16,5.52,0.054,1.358,36.39,876.63,Medium
899,Thermograph,Mixed,None,2,0.695,0.042,77.99,0.998,0.411,0.204,58.1,3.43,0.094,0.769,47.9,397.44,Medium
900,C-scan (BVID with Holes),Damaged,BVID,3,0.622,0.044,20.67,0.436,0.86,0.383,45.8,10.11,0.158,3.143,29.43,827.46,Low
901,Thermograph,Mixed,None,4,0.567,0.045,67.08,0.919,0.921,0.761,57.67,8.54,0.078,1.427,38.96,495.49,Medium
902,C-scan (BVID with Holes),Damaged,BVID,4,0.579,0.035,30.88,0.753,0.921,0.812,118.57,8.8,0.163,3.59,34.92,588.44,Medium
903,Thermograph,Mixed,Thermal Anomaly,2,0.687,0.035,22.07,0.325,0.81,0.652,71.93,14.62,0.128,1.944,20.01,389.35,Low
904,C-scan (Pristine with Holes),Pristine,None,5,0.618,0.071,72.12,0.746,0.777,0.798,69.61,13.02,0.022,0.409,37.27,814.88,Medium
905,C-scan (Pristine with Holes),Pristine,None,4,0.473,0.066,12.09,0.21,0.299,0.537,29.31,6.64,0.036,0.6,53.54,395.4,High
906,C-scan (Pristine with Holes),Pristine,None,4,0.514,0.072,63.52,0.924,0.604,0.386,51.79,9.91,0.023,0.171,59.56,746.73,High
907,Thermograph,Mixed,Thermal Anomaly,6,0.494,0.069,69.15,0.897,0.968,0.705,73.05,3.74,0.089,2.422,31.48,875.95,Medium
908,C-scan (BVID with Holes),Damaged,BVID,5,0.617,0.019,39.3,0.476,0.599,0.659,55.73,5.31,0.167,3.858,49.46,796.99,Medium
909,C-scan (Pristine with Holes),Pristine,None,2,0.698,0.067,39.22,0.843,0.697,0.747,114.53,14.41,0.028,0.79,24.71,642.97,Low
910,C-scan (BVID with Holes),Damaged,BVID,6,0.658,0.046,42.64,0.27,0.969,0.475,103.77,0.8,0.104,2.364,29.02,523.79,Low
911,C-scan (BVID with Holes),Damaged,BVID,3,0.49,0.014,46.82,0.736,0.937,0.535,51.65,2.51,0.189,4.042,33.52,441.17,Medium
912,C-scan (BVID with Holes),Damaged,BVID,4,0.671,0.041,29.8,0.82,0.666,0.247,72.32,5.72,0.186,3.08,25.17,376.55,Low
913,Thermograph,Mixed,Thermal Anomaly,2,0.483,0.07,7.7,0.277,0.386,0.68,112.67,5.42,0.039,2.405,31.88,564.73,Medium
914,Thermograph,Mixed,None,2,0.648,0.019,1.54,0.236,0.1,0.489,42.74,6.11,0.103,2.608,37.6,797.0,Medium
915,C-scan (Pristine with Holes),Pristine,None,3,0.474,0.072,27.94,0.138,0.255,0.883,52.82,9.64,0.04,0.39,57.5,672.33,High
916,Thermograph,Mixed,None,6,0.648,0.03,12.1,0.918,0.964,0.351,97.7,1.75,0.042,3.052,53.55,421.56,High
917,C-scan (BVID with Holes),Damaged,BVID,2,0.612,0.046,28.01,0.676,0.105,0.628,108.05,7.04,0.144,2.972,32.39,432.43,Medium
918,C-scan (Pristine with Holes),Pristine,None,2,0.557,0.056,9.28,0.359,0.985,0.477,95.79,12.43,0.034,0.805,21.52,573.06,Low
919,C-scan (BVID with Holes),Damaged,BVID,3,0.495,0.051,20.61,0.177,0.591,0.324,85.24,8.06,0.181,1.697,55.58,681.08,Medium
920,C-scan (Pristine with Holes),Pristine,None,5,0.516,0.015,42.51,0.992,0.106,0.276,49.07,5.04,0.016,0.645,57.06,860.39,High
921,Thermograph,Mixed,Thermal Anomaly,3,0.552,0.051,25.15,0.303,0.729,0.784,105.83,9.71,0.141,2.952,54.14,694.67,Medium
922,Thermograph,Mixed,None,5,0.593,0.034,41.54,0.86,0.398,0.794,35.01,7.98,0.125,3.316,44.52,894.39,Medium
923,Thermograph,Mixed,None,2,0.507,0.058,75.09,0.858,0.911,0.767,96.17,7.37,0.062,2.018,21.88,512.78,Low
924,C-scan (BVID with Holes),Damaged,BVID,4,0.536,0.025,84.72,0.392,0.692,0.399,55.46,2.06,0.181,1.441,35.41,838.55,Medium
925,Thermograph,Mixed,None,4,0.536,0.032,34.71,0.226,0.998,0.698,65.24,3.67,0.053,1.442,29.49,400.08,Low
926,C-scan (Pristine with Holes),Pristine,None,5,0.628,0.038,78.87,0.708,0.926,0.244,39.92,14.05,0.017,0.805,57.02,884.67,High
927,C-scan (BVID with Holes),Damaged,BVID,5,0.523,0.03,56.74,0.871,0.939,0.52,45.61,2.0,0.154,3.85,52.0,817.0,Medium
928,Thermograph,Mixed,None,6,0.675,0.076,3.73,0.306,0.729,0.49,72.46,11.46,0.094,2.968,41.45,551.32,Medium
929,Thermograph,Mixed,Thermal Anomaly,6,0.625,0.072,76.31,0.219,0.287,0.87,118.02,9.87,0.04,2.107,40.49,579.02,Medium
930,C-scan (Pristine with Holes),Pristine,None,3,0.492,0.04,59.21,0.438,0.168,0.328,37.7,12.24,0.05,0.139,45.84,801.77,High
931,C-scan (BVID with Holes),Damaged,BVID,3,0.51,0.079,73.42,0.99,0.625,0.487,79.42,14.4,0.099,2.516,33.59,411.62,Medium
932,C-scan (BVID with Holes),Damaged,BVID,5,0.597,0.074,6.81,0.678,0.956,0.424,65.94,1.34,0.122,4.627,30.29,417.32,Medium
933,Thermograph,Mixed,None,2,0.534,0.053,4.21,0.235,0.295,0.258,51.05,4.68,0.067,0.8,33.67,545.76,Medium
934,C-scan (BVID with Holes),Damaged,BVID,5,0.572,0.061,55.59,0.422,0.183,0.283,47.84,13.88,0.133,2.315,20.81,387.46,Low
935,C-scan (BVID with Holes),Damaged,BVID,2,0.577,0.026,53.43,0.11,0.99,0.319,47.65,11.49,0.183,1.886,32.3,536.41,Medium
936,C-scan (Pristine with Holes),Pristine,None,4,0.576,0.05,76.97,0.722,0.506,0.55,101.34,4.65,0.035,0.817,24.97,392.28,Low
937,Thermograph,Mixed,None,4,0.529,0.069,63.43,0.745,0.761,0.816,54.63,8.48,0.035,2.727,27.76,785.24,Low
938,Thermograph,Mixed,Thermal Anomaly,2,0.472,0.029,80.27,0.363,1.0,0.674,44.35,8.97,0.07,2.54,46.23,757.68,High
939,Thermograph,Mixed,Thermal Anomaly,2,0.507,0.079,3.81,0.858,0.483,0.237,97.35,6.3,0.121,1.173,46.91,373.66,Medium
940,C-scan (BVID with Holes),Damaged,BVID,2,0.674,0.03,1.26,0.879,0.887,0.626,68.43,11.52,0.116,3.075,57.43,809.04,Medium
941,C-scan (BVID with Holes),Damaged,BVID,4,0.628,0.028,79.54,0.397,0.242,0.279,38.36,9.44,0.14,1.992,39.54,488.45,Medium
942,C-scan (BVID with Holes),Damaged,BVID,3,0.544,0.075,31.2,0.819,0.667,0.694,61.58,9.0,0.175,1.945,22.32,692.26,Low
943,Thermograph,Mixed,None,6,0.691,0.076,48.99,0.21,0.647,0.587,102.38,2.97,0.052,2.307,30.71,852.18,Medium
944,C-scan (BVID with Holes),Damaged,BVID,3,0.583,0.072,46.11,0.385,0.574,0.393,79.77,6.42,0.085,4.738,46.4,789.35,Medium
945,C-scan (BVID with Holes),Damaged,BVID,2,0.509,0.015,81.97,0.602,0.523,0.49,94.08,13.32,0.149,4.928,37.44,596.7,Medium
946,Thermograph,Mixed,Thermal Anomaly,4,0.664,0.033,56.25,0.702,0.134,0.439,51.01,8.29,0.095,3.449,53.27,655.1,Medium
947,Thermograph,Mixed,None,3,0.568,0.038,68.65,0.992,0.864,0.81,63.63,13.67,0.042,2.075,29.66,482.39,Low
948,C-scan (BVID with Holes),Damaged,BVID,5,0.531,0.057,25.98,0.786,0.454,0.216,106.84,14.14,0.137,2.445,35.99,879.25,Medium
949,C-scan (Pristine with Holes),Pristine,None,4,0.614,0.054,30.71,0.116,0.98,0.365,50.21,9.4,0.036,0.749,31.77,646.1,Medium
950,Thermograph,Mixed,Thermal Anomaly,3,0.548,0.011,47.11,0.71,0.492,0.827,37.05,2.92,0.096,2.626,24.25,774.39,Low
951,Thermograph,Mixed,None,2,0.482,0.029,74.94,0.895,0.668,0.507,35.75,7.58,0.068,0.521,56.42,820.59,High
952,C-scan (BVID with Holes),Damaged,BVID,4,0.525,0.057,22.86,0.196,0.731,0.443,101.51,1.6,0.137,3.142,44.26,357.86,Medium
953,C-scan (Pristine with Holes),Pristine,None,5,0.517,0.012,65.48,0.776,0.73,0.438,79.49,11.0,0.022,0.962,56.42,407.6,High
954,Thermograph,Mixed,None,3,0.6,0.051,50.48,0.332,0.302,0.68,91.0,4.15,0.137,2.457,35.62,418.37,Medium
955,C-scan (BVID with Holes),Damaged,BVID,6,0.602,0.022,84.69,0.757,0.725,0.557,76.48,7.08,0.114,4.677,56.42,724.11,Medium
956,C-scan (BVID with Holes),Damaged,BVID,4,0.523,0.058,0.27,0.406,0.348,0.214,27.25,10.93,0.115,1.251,57.1,893.33,Medium
957,Thermograph,Mixed,Thermal Anomaly,3,0.512,0.027,48.84,0.978,0.551,0.216,81.44,1.91,0.106,3.442,44.11,639.0,Medium
958,C-scan (BVID with Holes),Damaged,BVID,6,0.493,0.016,22.56,0.82,0.295,0.854,90.48,7.73,0.168,1.981,28.42,502.94,Low
959,C-scan (BVID with Holes),Damaged,BVID,5,0.599,0.052,7.28,0.335,0.498,0.277,37.5,2.85,0.094,4.082,44.71,847.61,Medium
960,C-scan (BVID with Holes),Damaged,BVID,5,0.509,0.072,45.37,0.883,0.495,0.557,39.18,3.9,0.182,2.115,50.6,865.07,Medium
961,C-scan (BVID with Holes),Damaged,BVID,4,0.642,0.045,8.09,0.231,0.916,0.64,118.55,9.56,0.115,1.931,48.38,546.52,Medium
962,Thermograph,Mixed,None,5,0.51,0.025,1.1,0.945,0.321,0.286,88.98,2.68,0.068,1.669,34.08,575.17,Medium
963,C-scan (Pristine with Holes),Pristine,None,2,0.574,0.079,50.6,0.754,0.279,0.436,39.75,13.37,0.013,0.235,32.31,550.26,Medium
964,C-scan (Pristine with Holes),Pristine,None,6,0.623,0.016,65.21,0.464,0.509,0.46,88.55,7.75,0.033,0.39,47.84,864.57,High
965,C-scan (BVID with Holes),Damaged,BVID,5,0.553,0.069,52.94,0.362,0.678,0.814,88.07,4.4,0.158,2.481,58.56,376.22,Medium
966,Thermograph,Mixed,Thermal Anomaly,6,0.479,0.027,57.17,0.458,0.286,0.63,57.56,14.76,0.094,3.276,51.0,597.68,Medium
967,Thermograph,Mixed,Thermal Anomaly,5,0.491,0.041,16.59,0.169,0.847,0.248,29.54,8.14,0.143,0.54,51.57,478.56,Medium
968,C-scan (Pristine with Holes),Pristine,None,3,0.512,0.041,47.65,0.784,0.328,0.233,33.64,2.14,0.028,0.246,23.51,451.76,Low
969,C-scan (BVID with Holes),Damaged,BVID,5,0.541,0.016,15.83,0.827,0.959,0.572,93.44,10.67,0.124,4.699,57.23,701.41,Medium
970,C-scan (BVID with Holes),Damaged,BVID,5,0.48,0.013,28.13,0.23,0.913,0.252,75.21,1.42,0.124,2.168,52.55,545.02,Medium
971,C-scan (BVID with Holes),Damaged,BVID,4,0.46,0.032,24.37,0.934,0.222,0.22,26.14,12.86,0.134,3.92,26.81,732.33,Low
972,C-scan (BVID with Holes),Damaged,BVID,6,0.594,0.047,49.08,0.574,0.591,0.415,29.39,8.09,0.157,4.434,34.78,850.72,Medium
973,C-scan (Pristine with Holes),Pristine,None,5,0.542,0.016,40.0,0.631,0.553,0.473,105.97,10.14,0.049,0.576,56.45,743.51,High
974,C-scan (Pristine with Holes),Pristine,None,4,0.557,0.059,85.6,0.769,0.718,0.804,114.62,7.88,0.046,0.929,20.28,825.22,Low
975,C-scan (Pristine with Holes),Pristine,None,4,0.59,0.039,16.74,0.188,0.932,0.51,85.87,12.46,0.028,0.329,24.46,537.04,Low
976,C-scan (Pristine with Holes),Pristine,None,3,0.62,0.046,3.68,0.691,0.238,0.515,102.61,5.03,0.036,0.99,28.52,395.5,Low
977,Thermograph,Mixed,Thermal Anomaly,2,0.678,0.018,14.59,0.807,0.872,0.79,35.31,8.59,0.057,1.425,27.49,891.36,Low
978,Thermograph,Mixed,Thermal Anomaly,3,0.685,0.062,63.36,0.43,0.628,0.683,77.39,14.17,0.111,1.088,58.38,796.1,Medium
979,C-scan (Pristine with Holes),Pristine,None,5,0.546,0.059,7.63,0.561,0.248,0.765,52.52,2.33,0.012,0.121,21.56,888.45,Low
980,Thermograph,Mixed,None,5,0.564,0.044,1.03,0.566,0.525,0.552,110.02,3.81,0.14,2.697,42.07,364.67,Medium
981,Thermograph,Mixed,Thermal Anomaly,5,0.587,0.076,83.22,0.424,0.323,0.257,46.91,3.85,0.034,2.587,40.89,352.99,Medium
982,C-scan (Pristine with Holes),Pristine,None,3,0.466,0.06,48.96,0.633,0.277,0.257,49.44,12.69,0.047,0.844,31.36,646.23,Medium
983,Thermograph,Mixed,Thermal Anomaly,5,0.592,0.054,34.93,0.64,0.751,0.414,92.89,2.1,0.103,3.179,33.27,358.1,Medium
984,C-scan (BVID with Holes),Damaged,BVID,5,0.554,0.074,5.92,0.912,0.28,0.228,26.25,6.1,0.173,3.026,23.44,816.58,Low
985,Thermograph,Mixed,None,2,0.528,0.044,40.52,0.17,0.684,0.414,64.16,4.82,0.113,3.116,30.07,810.11,Medium
986,Thermograph,Mixed,None,2,0.655,0.058,35.54,0.222,0.155,0.687,113.89,11.34,0.078,0.638,48.07,410.23,High
987,C-scan (BVID with Holes),Damaged,BVID,4,0.553,0.027,1.21,0.326,0.346,0.672,66.97,9.56,0.085,1.384,49.33,766.85,Medium
988,C-scan (BVID with Holes),Damaged,BVID,3,0.496,0.077,63.78,0.276,0.648,0.691,29.92,8.11,0.185,4.022,38.63,404.25,Medium
989,C-scan (BVID with Holes),Damaged,BVID,5,0.459,0.014,72.47,0.554,0.795,0.733,109.91,9.56,0.185,4.8,22.26,515.77,Low
990,C-scan (BVID with Holes),Damaged,BVID,4,0.598,0.016,24.56,0.253,0.168,0.722,58.72,7.65,0.192,3.581,30.15,510.0,Medium
991,Thermograph,Mixed,Thermal Anomaly,3,0.538,0.051,23.12,0.772,0.584,0.778,82.84,14.95,0.038,1.27,39.57,695.47,Medium
992,C-scan (Pristine with Holes),Pristine,None,3,0.521,0.026,7.47,0.991,0.108,0.555,105.33,14.07,0.033,0.693,35.87,686.12,Medium
993,C-scan (Pristine with Holes),Pristine,None,2,0.68,0.019,8.14,0.912,0.632,0.312,50.63,8.94,0.018,0.298,59.21,814.51,High
994,C-scan (Pristine with Holes),Pristine,None,5,0.614,0.044,62.77,0.843,0.789,0.847,51.02,12.23,0.03,0.42,48.11,424.46,High
995,Thermograph,Mixed,None,2,0.506,0.024,10.72,0.876,0.25,0.28,113.43,13.45,0.058,1.695,51.7,716.34,High
996,Thermograph,Mixed,None,3,0.69,0.041,86.97,0.294,0.626,0.21,90.3,6.69,0.073,1.496,56.1,357.66,High
997,C-scan (BVID with Holes),Damaged,BVID,3,0.67,0.035,3.28,0.868,0.942,0.781,103.24,6.41,0.129,1.971,27.26,869.77,Low
998,Thermograph,Mixed,Thermal Anomaly,2,0.524,0.011,6.36,0.511,0.735,0.259,45.07,10.47,0.113,1.803,57.43,855.3,Medium
999,C-scan (BVID with Holes),Damaged,BVID,5,0.516,0.062,86.52,0.406,0.826,0.496,107.09,2.97,0.138,3.173,40.84,835.14,Medium
1000,C-scan (Pristine with Holes),Pristine,None,3,0.452,0.033,22.83,0.371,0.541,0.746,111.55,5.68,0.047,0.709,53.22,866.56,High
1001,Thermograph,Mixed,Thermal Anomaly,2,0.521,0.015,71.82,0.648,0.173,0.877,32.9,9.63,0.034,3.489,32.61,362.23,Medium
1002,Thermograph,Mixed,None,6,0.558,0.029,54.45,0.348,0.437,0.711,69.34,2.72,0.05,2.825,30.4,352.22,Medium
1003,C-scan (Pristine with Holes),Pristine,None,4,0.625,0.061,72.35,0.648,0.582,0.703,57.0,9.68,0.025,0.893,46.11,884.91,High
1004,C-scan (Pristine with Holes),Pristine,None,5,0.536,0.019,36.09,0.94,0.84,0.572,92.82,13.28,0.015,0.5,47.01,488.93,High
1005,Thermograph,Mixed,None,3,0.52,0.02,47.87,0.191,0.788,0.374,74.55,6.67,0.14,3.323,29.72,686.6,Low
1006,Thermograph,Mixed,Thermal Anomaly,5,0.528,0.017,31.81,0.943,0.633,0.649,103.12,12.82,0.12,2.81,27.2,417.65,Low
1007,Thermograph,Mixed,Thermal Anomaly,2,0.581,0.048,26.65,0.36,0.602,0.326,85.99,3.91,0.04,2.635,44.87,589.44,Medium
1008,C-scan (BVID with Holes),Damaged,BVID,5,0.515,0.03,19.54,0.484,0.429,0.302,28.08,8.19,0.164,1.321,48.65,887.89,Medium
1009,C-scan (BVID with Holes),Damaged,BVID,2,0.576,0.018,42.47,0.163,0.709,0.341,95.39,12.14,0.149,2.028,29.81,889.67,Low
1010,C-scan (BVID with Holes),Damaged,BVID,3,0.508,0.064,43.88,0.736,0.591,0.622,49.82,12.72,0.125,1.229,23.62,571.92,Low
1011,C-scan (BVID with Holes),Damaged,BVID,4,0.463,0.029,53.83,0.3,0.819,0.873,80.8,2.08,0.128,3.272,22.09,517.99,Low
1012,Thermograph,Mixed,None,2,0.602,0.026,36.0,0.356,0.358,0.759,29.39,2.01,0.073,1.806,20.25,477.95,Low
1013,C-scan (Pristine with Holes),Pristine,None,6,0.664,0.011,40.02,0.727,0.887,0.338,95.87,9.33,0.03,0.774,33.88,385.05,Medium
1014,Thermograph,Mixed,None,4,0.506,0.034,26.65,0.609,0.42,0.432,90.01,14.39,0.122,3.29,58.88,404.3,Medium
1015,Thermograph,Mixed,Thermal Anomaly,2,0.582,0.014,15.18,0.416,0.373,0.818,31.98,0.76,0.043,1.495,28.95,605.32,Low
1016,Thermograph,Mixed,None,2,0.488,0.056,84.09,0.861,0.849,0.475,72.33,14.6,0.125,3.016,27.29,680.03,Low
1017,C-scan (Pristine with Holes),Pristine,None,6,0.667,0.039,68.84,0.238,0.933,0.444,65.68,9.04,0.044,0.642,28.05,437.33,Low
1018,Thermograph,Mixed,None,6,0.542,0.025,26.91,0.612,0.844,0.489,68.59,9.69,0.087,2.758,43.39,355.54,Medium
1019,Thermograph,Mixed,Thermal Anomaly,2,0.526,0.051,55.23,0.483,0.343,0.562,82.31,13.96,0.083,0.878,22.81,471.73,Low
1020,Thermograph,Mixed,None,5,0.563,0.054,55.68,0.93,0.886,0.86,88.71,10.51,0.123,0.933,31.08,562.5,Medium
1021,C-scan (BVID with Holes),Damaged,BVID,2,0.478,0.07,38.62,0.628,0.668,0.472,116.1,10.84,0.161,4.177,59.01,883.7,Medium
1022,C-scan (Pristine with Holes),Pristine,None,6,0.482,0.058,54.12,0.148,0.83,0.36,31.01,8.61,0.034,0.318,37.74,411.7,Medium
1023,C-scan (BVID with Holes),Damaged,BVID,4,0.559,0.05,74.34,0.793,0.912,0.815,64.58,4.03,0.188,3.363,37.85,597.78,Medium
1024,C-scan (BVID with Holes),Damaged,BVID,2,0.659,0.077,31.67,0.994,0.592,0.688,114.45,7.46,0.166,3.393,32.54,634.71,Medium
1025,C-scan (Pristine with Holes),Pristine,None,2,0.505,0.08,87.8,0.399,0.219,0.208,66.54,12.34,0.034,0.712,31.51,740.44,Medium
1026,C-scan (BVID with Holes),Damaged,BVID,4,0.606,0.02,75.82,0.626,0.705,0.759,36.77,7.05,0.197,1.493,59.53,608.55,Medium
1027,Thermograph,Mixed,None,3,0.496,0.06,6.38,0.894,0.578,0.722,81.88,5.36,0.057,0.726,43.5,465.53,Medium
1028,Thermograph,Mixed,None,2,0.491,0.065,69.1,0.68,0.867,0.846,59.35,10.22,0.142,0.923,50.36,704.99,Medium
1029,C-scan (Pristine with Holes),Pristine,None,4,0.555,0.032,40.66,0.755,0.627,0.601,114.03,1.54,0.044,0.321,47.51,538.72,High
1030,Thermograph,Mixed,Thermal Anomaly,3,0.491,0.038,5.09,0.597,0.765,0.667,111.64,14.94,0.117,0.529,36.87,559.83,Medium
1031,Thermograph,Mixed,Thermal Anomaly,2,0.543,0.024,67.72,0.571,0.429,0.686,87.74,13.85,0.09,2.926,45.38,734.64,Medium
1032,Thermograph,Mixed,None,6,0.626,0.014,38.75,0.809,0.286,0.652,36.81,4.15,0.061,1.271,42.37,639.12,Medium
1033,C-scan (BVID with Holes),Damaged,BVID,4,0.667,0.071,82.98,0.77,0.408,0.571,73.52,11.3,0.133,4.5,38.69,462.9,Medium
1034,C-scan (Pristine with Holes),Pristine,None,4,0.505,0.015,38.9,0.449,0.211,0.365,82.23,5.98,0.045,0.209,31.79,582.82,Medium
1035,C-scan (Pristine with Holes),Pristine,None,5,0.597,0.029,47.0,0.358,0.676,0.257,91.87,8.75,0.018,0.622,50.52,474.54,High
1036,Thermograph,Mixed,None,5,0.517,0.042,5.76,0.821,0.164,0.646,86.94,7.87,0.128,0.543,57.73,529.02,Medium
1037,C-scan (Pristine with Holes),Pristine,None,6,0.692,0.018,69.58,0.49,0.863,0.843,114.69,6.76,0.012,0.779,52.98,780.51,High
1038,Thermograph,Mixed,None,6,0.68,0.055,39.33,0.691,0.675,0.344,66.86,8.26,0.059,2.963,36.51,671.95,Medium
1039,Thermograph,Mixed,Thermal Anomaly,4,0.466,0.03,56.25,0.998,0.289,0.354,86.05,7.41,0.086,1.837,28.92,898.06,Low
1040,C-scan (Pristine with Holes),Pristine,None,5,0.628,0.049,27.57,0.714,0.316,0.301,53.15,3.73,0.027,0.624,25.13,435.0,Low
1041,C-scan (BVID with Holes),Damaged,BVID,5,0.684,0.054,84.3,0.459,0.294,0.885,45.78,10.11,0.13,4.636,56.0,652.29,Medium
1042,Thermograph,Mixed,None,4,0.459,0.011,0.39,0.478,0.808,0.65,63.0,13.93,0.035,3.451,39.22,552.7,Medium
1043,C-scan (Pristine with Holes),Pristine,None,2,0.531,0.068,49.66,0.163,0.674,0.762,97.42,0.87,0.027,0.371,38.2,793.49,Medium
1044,Thermograph,Mixed,None,3,0.521,0.013,17.61,0.641,0.459,0.47,97.56,7.08,0.057,0.509,28.16,743.3,Low
1045,C-scan (BVID with Holes),Damaged,BVID,6,0.539,0.039,45.87,0.685,0.251,0.404,40.23,3.85,0.137,1.991,29.64,627.04,Low
1046,Thermograph,Mixed,None,5,0.504,0.07,36.92,0.201,0.202,0.323,56.05,5.78,0.058,0.504,37.06,674.72,Medium
1047,C-scan (BVID with Holes),Damaged,BVID,6,0.553,0.01,34.43,0.107,0.998,0.682,54.5,2.86,0.181,1.242,34.6,388.55,Medium
1048,C-scan (Pristine with Holes),Pristine,None,5,0.574,0.05,12.18,0.219,0.906,0.791,25.19,10.43,0.046,0.933,55.33,685.71,High
1049,Thermograph,Mixed,None,2,0.625,0.046,20.24,0.462,0.427,0.209,105.8,7.89,0.056,1.211,25.96,661.25,Low
1050,Thermograph,Mixed,None,4,0.607,0.049,56.19,0.781,0.417,0.413,90.08,12.34,0.146,2.07,46.27,353.45,Medium
1051,C-scan (Pristine with Holes),Pristine,None,2,0.574,0.079,66.76,0.544,0.249,0.73,116.82,14.17,0.027,0.557,57.93,515.89,High
1052,C-scan (Pristine with Holes),Pristine,None,2,0.511,0.025,43.73,0.357,0.333,0.794,59.27,14.81,0.034,0.415,30.62,480.34,Medium
1053,Thermograph,Mixed,Thermal Anomaly,5,0.534,0.029,54.7,0.331,0.418,0.816,34.96,9.47,0.133,2.885,33.92,892.59,Medium
1054,C-scan (Pristine with Holes),Pristine,None,2,0.635,0.065,50.45,0.693,0.307,0.752,34.37,14.71,0.021,0.806,52.13,726.27,High
1055,C-scan (Pristine with Holes),Pristine,None,5,0.562,0.078,85.19,0.891,0.99,0.588,81.97,4.99,0.042,0.615,58.29,663.1,High
1056,C-scan (BVID with Holes),Damaged,BVID,6,0.474,0.047,33.74,0.815,0.522,0.422,67.32,10.71,0.091,4.935,52.23,419.32,Medium
1057,C-scan (Pristine with Holes),Pristine,None,2,0.624,0.02,29.51,0.614,0.73,0.541,107.02,12.53,0.032,0.211,58.55,381.9,High
1058,C-scan (BVID with Holes),Damaged,BVID,6,0.469,0.014,13.81,0.479,0.103,0.622,79.12,13.73,0.142,4.56,27.66,595.81,Low
1059,C-scan (BVID with Holes),Damaged,BVID,5,0.608,0.047,79.99,0.686,0.745,0.486,89.65,8.06,0.138,3.678,56.06,434.58,Medium
1060,C-scan (Pristine with Holes),Pristine,None,5,0.651,0.051,12.67,0.939,0.83,0.359,69.2,2.86,0.042,0.36,33.51,474.86,Medium
1061,C-scan (Pristine with Holes),Pristine,None,6,0.618,0.068,43.21,0.231,0.932,0.504,62.85,9.92,0.033,0.207,39.22,752.73,Medium
1062,C-scan (Pristine with Holes),Pristine,None,2,0.534,0.028,28.66,0.971,0.563,0.422,84.11,4.58,0.041,0.471,22.53,603.79,Low
1063,Thermograph,Mixed,Thermal Anomaly,2,0.52,0.077,33.51,0.716,0.371,0.835,64.01,13.12,0.131,3.352,54.79,808.94,Medium
1064,Thermograph,Mixed,Thermal Anomaly,2,0.666,0.077,37.77,0.323,0.178,0.766,77.87,10.9,0.111,1.716,44.58,741.27,Medium
1065,Thermograph,Mixed,Thermal Anomaly,6,0.489,0.051,76.6,0.543,0.525,0.512,78.98,12.74,0.057,2.91,31.51,854.96,Medium
1066,Thermograph,Mixed,None,4,0.465,0.05,4.48,0.4,0.809,0.445,59.16,2.25,0.087,1.246,46.29,577.63,Medium
1067,C-scan (Pristine with Holes),Pristine,None,3,0.607,0.064,29.16,0.581,0.397,0.379,50.92,11.27,0.012,0.851,37.42,557.36,Medium
1068,C-scan (BVID with Holes),Damaged,BVID,2,0.575,0.024,47.27,0.433,0.173,0.642,110.4,14.0,0.089,1.16,43.75,676.13,Medium
1069,C-scan (Pristine with Holes),Pristine,None,6,0.653,0.028,2.77,0.406,0.555,0.561,86.74,13.09,0.017,0.497,26.95,420.92,Low
1070,C-scan (Pristine with Holes),Pristine,None,2,0.576,0.017,88.32,0.629,0.954,0.365,43.33,1.42,0.035,0.775,50.01,590.97,High
1071,C-scan (BVID with Holes),Damaged,BVID,5,0.481,0.037,33.42,0.924,0.237,0.762,91.71,5.85,0.112,4.139,30.7,434.44,Medium
1072,Thermograph,Mixed,None,4,0.547,0.026,10.89,0.772,0.161,0.691,43.54,11.09,0.145,1.502,57.36,579.16,Medium
1073,C-scan (BVID with Holes),Damaged,BVID,3,0.667,0.052,26.0,0.617,0.367,0.264,98.49,12.39,0.158,3.674,51.79,703.37,Medium
1074,C-scan (BVID with Holes),Damaged,BVID,5,0.599,0.066,57.09,0.677,0.449,0.691,81.18,5.62,0.081,1.755,48.26,560.41,Medium
1075,C-scan (BVID with Holes),Damaged,BVID,4,0.454,0.042,56.15,0.842,0.644,0.22,77.62,2.54,0.09,1.234,51.65,692.32,Medium
1076,Thermograph,Mixed,Thermal Anomaly,4,0.56,0.016,36.35,0.369,0.242,0.758,76.82,11.79,0.09,2.797,22.13,706.91,Low
1077,Thermograph,Mixed,None,6,0.643,0.077,57.35,0.921,0.581,0.209,31.74,10.1,0.067,1.956,47.62,590.72,High
1078,C-scan (BVID with Holes),Damaged,BVID,3,0.693,0.062,87.77,0.559,0.486,0.771,47.34,14.31,0.127,3.349,50.94,897.11,Medium
1079,C-scan (Pristine with Holes),Pristine,None,2,0.606,0.058,44.77,0.757,0.27,0.641,59.66,3.12,0.036,0.916,39.93,391.9,Medium
1080,C-scan (BVID with Holes),Damaged,BVID,5,0.697,0.018,54.91,0.76,0.743,0.62,26.61,5.34,0.135,1.525,21.17,566.08,Low
1081,C-scan (BVID with Holes),Damaged,BVID,3,0.465,0.042,68.86,0.922,0.96,0.68,96.98,7.46,0.094,3.096,42.01,752.08,Medium
1082,C-scan (BVID with Holes),Damaged,BVID,2,0.688,0.056,7.53,0.841,0.945,0.658,110.27,12.14,0.2,3.0,59.58,465.67,Medium
1083,Thermograph,Mixed,Thermal Anomaly,2,0.676,0.031,84.3,0.228,0.557,0.344,105.09,12.77,0.098,2.328,20.66,425.21,Low
1084,C-scan (Pristine with Holes),Pristine,None,4,0.558,0.022,15.18,0.938,0.399,0.455,48.38,6.16,0.029,0.767,22.43,384.68,Low
1085,Thermograph,Mixed,Thermal Anomaly,2,0.636,0.07,70.74,0.222,0.544,0.203,39.23,2.04,0.126,0.774,59.24,726.16,Medium
1086,C-scan (Pristine with Holes),Pristine,None,6,0.637,0.078,47.41,0.578,0.296,0.745,34.78,5.83,0.031,0.366,28.35,501.14,Low
1087,C-scan (Pristine with Holes),Pristine,None,2,0.547,0.061,53.88,0.556,0.536,0.587,101.55,10.15,0.042,0.821,29.97,703.73,Low
1088,C-scan (BVID with Holes),Damaged,BVID,2,0.641,0.011,68.5,0.979,0.227,0.506,37.67,3.65,0.14,3.735,33.34,740.14,Medium
1089,C-scan (BVID with Holes),Damaged,BVID,5,0.5,0.038,31.21,0.452,0.55,0.669,67.19,14.91,0.138,1.888,59.43,378.95,Medium
1090,C-scan (BVID with Holes),Damaged,BVID,4,0.584,0.07,49.28,0.896,0.397,0.343,62.07,11.4,0.157,2.149,32.04,655.03,Medium
1091,C-scan (BVID with Holes),Damaged,BVID,5,0.465,0.038,64.4,0.785,0.235,0.32,39.41,3.07,0.184,2.353,49.53,837.06,Medium
1092,C-scan (BVID with Holes),Damaged,BVID,3,0.502,0.049,85.73,0.411,0.456,0.748,41.02,12.63,0.12,2.717,25.48,792.83,Low
1093,Thermograph,Mixed,Thermal Anomaly,4,0.474,0.042,48.59,0.215,0.649,0.322,48.47,13.89,0.144,3.007,32.07,669.27,Medium
1094,C-scan (Pristine with Holes),Pristine,None,6,0.539,0.023,1.73,0.955,0.466,0.786,117.25,13.0,0.036,0.96,22.23,431.75,Low
1095,C-scan (BVID with Holes),Damaged,BVID,5,0.571,0.027,60.91,0.844,0.387,0.832,67.69,6.45,0.115,1.948,50.32,440.28,Medium
1096,C-scan (BVID with Holes),Damaged,BVID,6,0.465,0.022,56.78,0.686,0.369,0.478,41.69,4.1,0.081,4.924,51.96,357.63,Medium
1097,Thermograph,Mixed,Thermal Anomaly,6,0.563,0.055,48.9,0.613,0.615,0.319,111.28,5.86,0.123,1.058,26.33,714.87,Low
1098,C-scan (Pristine with Holes),Pristine,None,6,0.567,0.024,61.69,0.873,0.896,0.704,71.5,13.78,0.023,0.875,33.88,509.81,Medium
1099,Thermograph,Mixed,Thermal Anomaly,5,0.629,0.053,88.37,0.523,0.128,0.402,113.14,10.91,0.046,2.062,41.86,833.69,Medium
1100,Thermograph,Mixed,None,5,0.64,0.014,56.28,0.182,0.733,0.267,104.33,8.47,0.111,3.078,54.38,605.34,Medium
1101,Thermograph,Mixed,Thermal Anomaly,6,0.684,0.02,88.91,0.597,0.872,0.84,80.41,3.33,0.04,0.816,35.37,854.76,Medium
1102,C-scan (Pristine with Holes),Pristine,None,3,0.645,0.079,1.12,0.719,0.264,0.715,37.0,13.45,0.043,0.565,49.25,503.07,High
1103,Thermograph,Mixed,Thermal Anomaly,6,0.521,0.021,49.13,0.233,0.189,0.236,60.88,14.98,0.123,2.74,43.99,870.8,Medium
1104,C-scan (BVID with Holes),Damaged,BVID,5,0.53,0.011,43.24,0.599,0.197,0.557,58.0,2.42,0.17,2.423,39.48,625.45,Medium
1105,C-scan (Pristine with Holes),Pristine,None,4,0.665,0.048,3.39,0.141,0.603,0.724,67.42,5.64,0.019,0.162,28.23,847.23,Low
1106,Thermograph,Mixed,Thermal Anomaly,4,0.583,0.023,59.33,0.813,0.817,0.212,39.5,13.51,0.083,1.04,55.78,764.15,Medium
1107,Thermograph,Mixed,Thermal Anomaly,2,0.473,0.069,18.87,0.123,0.966,0.254,49.12,9.99,0.11,3.238,52.19,390.96,Medium
1108,Thermograph,Mixed,None,2,0.592,0.036,72.6,0.194,0.262,0.615,79.22,4.7,0.083,3.172,49.46,464.4,Medium
1109,C-scan (Pristine with Holes),Pristine,None,5,0.5,0.065,86.08,0.82,0.672,0.826,35.44,13.33,0.013,0.734,37.22,408.8,Medium
1110,C-scan (BVID with Holes),Damaged,BVID,5,0.572,0.044,46.61,0.261,0.632,0.746,63.32,12.26,0.097,3.686,43.82,424.81,Medium
1111,C-scan (Pristine with Holes),Pristine,None,3,0.568,0.03,46.04,0.701,0.71,0.316,66.02,4.68,0.036,0.898,54.42,482.33,High
1112,C-scan (BVID with Holes),Damaged,BVID,6,0.456,0.031,54.11,0.529,0.679,0.896,85.34,6.19,0.139,3.39,21.3,483.32,Low
1113,Thermograph,Mixed,Thermal Anomaly,2,0.647,0.024,74.05,0.101,0.952,0.767,34.9,2.92,0.1,1.068,51.86,809.49,Medium
1114,Thermograph,Mixed,Thermal Anomaly,5,0.455,0.031,86.51,0.327,0.525,0.234,110.2,9.84,0.097,2.648,42.72,478.42,Medium
1115,Thermograph,Mixed,Thermal Anomaly,6,0.689,0.078,80.9,0.636,0.538,0.34,68.97,6.38,0.141,1.18,51.42,848.81,Medium
1116,C-scan (Pristine with Holes),Pristine,None,6,0.609,0.072,64.41,0.94,0.471,0.429,112.21,0.93,0.018,0.437,58.61,840.55,High
1117,C-scan (Pristine with Holes),Pristine,None,4,0.679,0.078,35.81,0.984,0.959,0.855,49.28,1.1,0.037,0.105,25.28,658.35,Low
1118,Thermograph,Mixed,Thermal Anomaly,5,0.529,0.073,70.31,0.954,0.8,0.757,28.17,6.13,0.143,1.177,26.25,499.61,Low
1119,Thermograph,Mixed,Thermal Anomaly,5,0.59,0.07,62.12,0.974,0.474,0.607,74.92,1.06,0.071,1.567,46.2,883.27,High
1120,C-scan (BVID with Holes),Damaged,BVID,3,0.6,0.018,60.57,0.432,0.699,0.881,29.75,2.5,0.182,2.901,39.14,358.66,Medium
1121,C-scan (BVID with Holes),Damaged,BVID,3,0.545,0.075,25.35,0.684,0.732,0.792,107.01,3.79,0.175,1.998,49.67,760.12,Medium
1122,C-scan (BVID with Holes),Damaged,BVID,3,0.682,0.045,74.82,0.337,0.201,0.437,50.34,12.43,0.198,3.4,40.27,524.57,Medium
1123,C-scan (BVID with Holes),Damaged,BVID,4,0.493,0.034,40.61,0.547,0.824,0.395,71.58,5.64,0.129,4.425,21.02,642.31,Low
1124,Thermograph,Mixed,None,4,0.593,0.058,81.27,0.794,0.753,0.567,58.32,8.25,0.082,3.179,42.88,381.99,Medium
1125,C-scan (BVID with Holes),Damaged,BVID,5,0.46,0.032,71.26,0.881,0.285,0.348,45.24,5.84,0.126,3.847,30.97,435.62,Medium
1126,C-scan (Pristine with Holes),Pristine,None,3,0.646,0.066,52.96,0.479,0.907,0.866,41.05,11.78,0.039,0.672,34.21,411.1,Medium
1127,C-scan (Pristine with Holes),Pristine,None,4,0.642,0.061,42.82,0.327,0.656,0.586,114.93,12.11,0.049,0.801,50.31,462.74,High
1128,Thermograph,Mixed,Thermal Anomaly,3,0.601,0.065,62.8,0.629,0.567,0.719,55.97,11.45,0.125,2.357,46.68,833.05,Medium
1129,Thermograph,Mixed,Thermal Anomaly,3,0.677,0.057,49.22,0.509,0.479,0.436,116.35,7.65,0.044,1.664,31.3,748.66,Medium
1130,C-scan (BVID with Holes),Damaged,BVID,4,0.595,0.054,34.91,0.259,0.951,0.205,29.46,1.85,0.081,3.125,22.25,410.75,Low
1131,C-scan (BVID with Holes),Damaged,BVID,4,0.582,0.015,27.58,0.116,0.275,0.783,53.82,5.01,0.158,2.162,53.29,482.26,Medium
1132,C-scan (BVID with Holes),Damaged,BVID,3,0.467,0.041,21.66,0.682,0.88,0.384,77.24,5.65,0.155,3.32,49.23,459.9,Medium
1133,C-scan (BVID with Holes),Damaged,BVID,3,0.497,0.048,20.45,0.826,0.483,0.752,43.43,8.6,0.128,3.048,57.63,742.9,Medium
1134,C-scan (Pristine with Holes),Pristine,None,5,0.519,0.054,16.72,0.658,0.797,0.32,62.5,14.23,0.041,0.536,27.52,588.75,Low
1135,C-scan (Pristine with Holes),Pristine,None,2,0.498,0.064,15.56,0.585,0.906,0.693,43.96,4.45,0.05,0.783,42.13,693.73,Medium
1136,Thermograph,Mixed,None,5,0.584,0.034,65.04,0.788,0.172,0.848,35.31,14.43,0.086,1.592,57.41,603.39,Medium
1137,C-scan (Pristine with Holes),Pristine,None,4,0.548,0.061,82.48,0.13,0.666,0.228,29.21,3.46,0.044,0.31,55.05,843.59,High
1138,C-scan (BVID with Holes),Damaged,BVID,2,0.554,0.069,29.1,0.865,0.426,0.418,106.67,10.77,0.133,4.488,57.36,429.2,Medium
1139,Thermograph,Mixed,Thermal Anomaly,2,0.695,0.025,16.51,0.303,0.501,0.323,34.5,9.34,0.142,1.32,52.21,819.71,Medium
1140,Thermograph,Mixed,Thermal Anomaly,6,0.613,0.035,58.51,0.734,0.889,0.728,87.06,1.63,0.129,0.563,27.47,373.7,Low
1141,C-scan (Pristine with Holes),Pristine,None,6,0.49,0.022,7.15,0.439,0.952,0.279,116.97,1.02,0.043,0.494,29.78,456.08,Low
1142,C-scan (BVID with Holes),Damaged,BVID,4,0.461,0.032,73.24,0.215,0.847,0.451,75.44,14.99,0.125,4.202,34.53,547.28,Medium
1143,C-scan (Pristine with Holes),Pristine,None,6,0.644,0.026,53.4,0.657,0.592,0.348,80.86,12.56,0.025,0.127,26.95,685.32,Low
1144,C-scan (Pristine with Holes),Pristine,None,5,0.695,0.077,65.29,0.606,0.111,0.264,43.3,8.04,0.026,0.436,39.87,797.0,Medium
1145,Thermograph,Mixed,Thermal Anomaly,4,0.59,0.011,62.9,0.953,0.868,0.452,37.25,0.86,0.133,1.037,45.35,518.62,Medium
1146,Thermograph,Mixed,None,3,0.657,0.046,61.64,0.428,0.576,0.389,25.55,1.65,0.08,3.009,54.14,628.58,Medium
1147,C-scan (Pristine with Holes),Pristine,None,6,0.612,0.039,23.81,0.155,0.693,0.648,70.07,8.43,0.028,0.889,55.86,541.64,High
1148,C-scan (BVID with Holes),Damaged,BVID,4,0.534,0.021,8.83,0.939,0.502,0.625,85.44,4.27,0.187,4.524,59.73,811.44,Medium
1149,Thermograph,Mixed,Thermal Anomaly,5,0.623,0.074,50.77,0.748,0.843,0.354,86.78,14.68,0.036,2.909,47.22,575.87,High
1150,Thermograph,Mixed,Thermal Anomaly,2,0.678,0.074,41.43,0.569,0.967,0.502,35.04,8.48,0.049,3.474,22.21,580.3,Low
1151,C-scan (BVID with Holes),Damaged,BVID,5,0.508,0.065,38.17,0.703,0.715,0.327,118.17,7.08,0.085,2.3,22.71,660.19,Low
1152,Thermograph,Mixed,Thermal Anomaly,2,0.551,0.066,8.95,0.19,0.825,0.572,119.84,11.45,0.146,2.059,49.46,604.44,Medium
1153,C-scan (Pristine with Holes),Pristine,None,2,0.58,0.076,9.12,0.236,0.192,0.221,54.24,2.05,0.043,0.872,25.03,860.3,Low
1154,C-scan (BVID with Holes),Damaged,BVID,5,0.552,0.068,56.57,0.779,0.43,0.789,109.0,10.46,0.161,1.184,35.09,466.2,Medium
1155,Thermograph,Mixed,Thermal Anomaly,2,0.57,0.02,19.87,0.966,0.904,0.747,60.42,5.7,0.076,0.774,56.69,846.12,High
1156,C-scan (BVID with Holes),Damaged,BVID,2,0.546,0.038,17.68,0.428,0.513,0.361,100.58,14.06,0.081,1.166,33.0,825.84,Medium
1157,C-scan (Pristine with Holes),Pristine,None,3,0.596,0.041,18.78,0.29,0.418,0.36,67.3,14.17,0.047,0.25,31.02,819.93,Medium
1158,Thermograph,Mixed,None,4,0.546,0.069,30.37,0.788,0.724,0.552,119.24,2.98,0.081,2.328,44.61,420.12,Medium
1159,Thermograph,Mixed,Thermal Anomaly,5,0.63,0.032,8.25,0.622,0.75,0.745,43.17,14.54,0.048,2.213,55.99,611.74,High
1160,Thermograph,Mixed,None,6,0.641,0.059,19.96,0.507,0.103,0.542,54.88,3.05,0.104,1.98,53.14,363.4,Medium
1161,C-scan (Pristine with Holes),Pristine,None,6,0.588,0.016,76.74,0.341,0.274,0.216,25.55,6.16,0.023,0.681,50.76,498.72,High
1162,Thermograph,Mixed,Thermal Anomaly,2,0.589,0.022,13.48,0.743,0.666,0.338,35.35,2.73,0.053,2.701,28.93,485.57,Low
1163,Thermograph,Mixed,Thermal Anomaly,2,0.665,0.038,83.56,0.912,0.187,0.449,80.58,6.16,0.089,3.257,57.21,747.45,Medium
1164,C-scan (BVID with Holes),Damaged,BVID,6,0.656,0.014,51.59,0.643,0.442,0.394,83.44,13.86,0.179,1.406,58.29,576.3,Medium
1165,Thermograph,Mixed,None,4,0.492,0.039,89.29,0.72,0.651,0.286,113.9,8.06,0.077,3.016,54.49,708.5,High
1166,Thermograph,Mixed,None,3,0.619,0.07,38.36,0.147,0.606,0.381,36.32,14.1,0.104,3.296,53.51,409.58,Medium
1167,C-scan (BVID with Holes),Damaged,BVID,2,0.578,0.038,43.56,0.682,0.566,0.203,107.25,11.54,0.081,1.733,24.86,618.52,Low
1168,Thermograph,Mixed,Thermal Anomaly,6,0.671,0.029,43.35,0.698,0.312,0.665,37.32,10.0,0.071,0.952,49.11,502.36,High
1169,C-scan (Pristine with Holes),Pristine,None,5,0.494,0.027,69.17,0.207,0.749,0.371,30.12,3.97,0.026,0.458,40.43,472.44,Medium
1170,C-scan (BVID with Holes),Damaged,BVID,3,0.566,0.063,67.99,0.724,0.369,0.296,31.04,1.76,0.097,1.782,41.29,821.06,Medium
1171,C-scan (Pristine with Holes),Pristine,None,4,0.62,0.046,62.12,0.434,0.58,0.628,50.36,5.43,0.019,0.609,54.0,661.74,High
1172,C-scan (Pristine with Holes),Pristine,None,3,0.587,0.024,75.24,0.651,0.35,0.367,100.14,6.15,0.014,0.638,48.47,728.73,High
1173,C-scan (BVID with Holes),Damaged,BVID,5,0.466,0.031,59.48,0.812,0.985,0.893,75.75,4.08,0.153,4.196,49.55,880.71,Medium
1174,C-scan (BVID with Holes),Damaged,BVID,4,0.563,0.023,61.49,0.454,0.976,0.876,70.75,14.49,0.115,3.976,27.62,788.0,Low
1175,Thermograph,Mixed,None,6,0.691,0.036,9.83,0.285,0.444,0.759,104.95,6.1,0.146,3.37,25.5,713.38,Low
1176,C-scan (Pristine with Holes),Pristine,None,4,0.649,0.068,10.58,0.576,0.448,0.369,34.1,5.13,0.041,0.959,45.76,741.32,High
1177,Thermograph,Mixed,Thermal Anomaly,4,0.557,0.024,8.9,0.616,0.242,0.556,60.91,13.15,0.049,1.138,59.59,697.91,High
1178,C-scan (BVID with Holes),Damaged,BVID,4,0.501,0.021,58.44,0.655,0.671,0.398,112.97,3.69,0.147,2.009,23.52,564.5,Low
1179,C-scan (Pristine with Holes),Pristine,None,6,0.593,0.077,5.72,0.111,0.714,0.532,81.78,7.19,0.018,0.409,46.97,457.21,High
1180,C-scan (Pristine with Holes),Pristine,None,6,0.604,0.042,82.31,0.562,0.891,0.876,97.36,6.96,0.041,0.227,47.74,812.88,High
1181,Thermograph,Mixed,None,6,0.493,0.063,22.37,0.768,0.69,0.329,85.79,10.24,0.088,2.964,20.35,490.18,Low
1182,C-scan (Pristine with Holes),Pristine,None,2,0.575,0.026,87.18,0.314,0.7,0.646,103.29,14.01,0.036,0.236,57.66,821.31,High
1183,C-scan (Pristine with Holes),Pristine,None,3,0.695,0.048,34.22,0.95,0.953,0.444,27.02,8.81,0.025,0.836,29.66,632.0,Low
1184,Thermograph,Mixed,Thermal Anomaly,2,0.487,0.069,45.11,0.155,0.224,0.627,89.93,4.82,0.086,3.231,45.92,387.99,Medium
1185,Thermograph,Mixed,Thermal Anomaly,3,0.468,0.057,7.24,0.531,0.81,0.22,103.51,3.51,0.108,2.386,22.62,603.7,Low
1186,C-scan (BVID with Holes),Damaged,BVID,6,0.548,0.046,62.72,0.768,0.113,0.496,94.81,1.61,0.197,1.941,26.01,465.94,Low
1187,C-scan (Pristine with Holes),Pristine,None,5,0.507,0.011,86.27,0.539,0.141,0.581,101.7,8.59,0.014,0.429,53.8,515.22,High
1188,Thermograph,Mixed,None,6,0.634,0.031,82.71,0.815,0.245,0.331,35.07,6.23,0.122,0.917,56.05,822.52,Medium
1189,C-scan (Pristine with Holes),Pristine,None,6,0.613,0.053,69.07,0.236,0.12,0.78,46.4,1.34,0.017,0.444,45.1,471.23,High
1190,C-scan (BVID with Holes),Damaged,BVID,2,0.575,0.077,20.06,0.638,0.719,0.308,71.54,14.01,0.154,4.309,27.74,701.21,Low
1191,Thermograph,Mixed,None,6,0.687,0.033,3.36,0.553,0.131,0.218,50.92,10.25,0.104,1.347,38.52,725.52,Medium
1192,C-scan (Pristine with Holes),Pristine,None,3,0.685,0.074,65.2,0.408,0.144,0.246,25.36,9.55,0.026,0.465,48.3,485.52,High
1193,Thermograph,Mixed,None,2,0.506,0.074,54.32,0.269,0.173,0.821,60.47,6.12,0.091,1.472,20.66,774.22,Low
1194,C-scan (Pristine with Holes),Pristine,None,3,0.457,0.017,89.96,0.8,0.538,0.465,118.7,2.18,0.021,0.813,40.66,733.48,Medium
1195,C-scan (Pristine with Holes),Pristine,None,6,0.481,0.03,35.31,0.975,0.925,0.284,85.78,0.6,0.023,0.311,43.26,454.53,Medium
1196,Thermograph,Mixed,None,6,0.474,0.021,38.08,0.787,0.401,0.224,32.37,3.47,0.109,2.598,21.12,742.82,Low
1197,Thermograph,Mixed,Thermal Anomaly,3,0.496,0.028,86.11,0.922,0.533,0.798,68.76,13.87,0.03,3.443,34.48,362.21,Medium
1198,C-scan (Pristine with Holes),Pristine,None,3,0.528,0.072,48.26,0.437,0.543,0.447,93.41,9.31,0.045,0.569,26.17,433.67,Low
1199,C-scan (Pristine with Holes),Pristine,None,2,0.528,0.045,20.76,0.693,0.86,0.236,41.29,2.24,0.014,0.448,27.47,354.2,Low
1200,Thermograph,Mixed,Thermal Anomaly,5,0.502,0.062,47.16,0.768,0.865,0.804,72.59,14.6,0.05,1.172,22.73,580.17,Low
1201,C-scan (Pristine with Holes),Pristine,None,6,0.573,0.074,78.6,0.357,0.566,0.646,48.64,4.99,0.018,0.507,27.97,709.3,Low
1202,C-scan (BVID with Holes),Damaged,BVID,5,0.524,0.034,41.57,0.97,0.482,0.775,86.69,4.67,0.127,3.035,45.11,460.47,Medium
1203,C-scan (Pristine with Holes),Pristine,None,3,0.564,0.066,49.4,0.158,0.471,0.778,69.12,4.86,0.016,0.214,59.55,754.25,High
1204,Thermograph,Mixed,Thermal Anomaly,5,0.662,0.025,65.01,0.665,0.971,0.566,47.52,0.51,0.134,2.499,45.31,870.13,Medium
1205,C-scan (BVID with Holes),Damaged,BVID,6,0.478,0.028,31.74,0.292,0.626,0.404,116.92,12.99,0.084,2.075,52.86,568.6,Medium
1206,C-scan (Pristine with Holes),Pristine,None,2,0.577,0.051,41.26,0.75,0.641,0.554,29.25,8.12,0.012,0.475,52.47,756.16,High
1207,Thermograph,Mixed,None,3,0.623,0.061,74.02,0.332,0.326,0.822,59.97,3.98,0.096,0.839,57.8,563.2,Medium
1208,C-scan (Pristine with Holes),Pristine,None,4,0.533,0.072,76.56,0.427,0.931,0.734,27.04,4.9,0.038,0.883,27.53,737.45,Low
1209,C-scan (BVID with Holes),Damaged,BVID,4,0.612,0.043,77.09,0.193,0.309,0.499,88.77,12.16,0.158,3.095,58.45,769.64,Medium
1210,Thermograph,Mixed,Thermal Anomaly,5,0.592,0.08,34.99,0.916,0.735,0.568,86.56,5.66,0.09,3.453,20.67,701.52,Low
1211,C-scan (Pristine with Holes),Pristine,None,6,0.629,0.034,30.52,0.223,0.911,0.704,118.9,6.4,0.011,0.914,24.87,872.09,Low
1212,C-scan (BVID with Holes),Damaged,BVID,6,0.477,0.033,25.65,0.399,0.85,0.39,25.99,8.55,0.149,2.418,20.86,546.38,Low
1213,Thermograph,Mixed,Thermal Anomaly,4,0.517,0.056,86.93,0.825,0.409,0.246,86.1,0.54,0.062,3.387,48.1,558.45,High
1214,C-scan (BVID with Holes),Damaged,BVID,6,0.561,0.017,8.14,0.258,0.129,0.771,34.18,2.55,0.112,1.453,25.85,373.66,Low
1215,C-scan (BVID with Holes),Damaged,BVID,2,0.547,0.068,1.09,0.832,0.197,0.875,106.7,0.51,0.105,2.979,55.22,860.32,Medium
1216,Thermograph,Mixed,Thermal Anomaly,6,0.478,0.077,58.51,0.429,0.174,0.428,93.79,3.39,0.047,2.058,45.87,866.34,High
1217,C-scan (Pristine with Holes),Pristine,None,4,0.657,0.041,75.43,0.478,0.37,0.819,113.58,14.08,0.025,0.588,33.76,403.35,Medium
1218,Thermograph,Mixed,None,2,0.54,0.059,36.73,0.416,0.477,0.735,86.16,12.95,0.093,1.853,20.25,895.39,Low
1219,C-scan (Pristine with Holes),Pristine,None,6,0.603,0.027,66.97,0.282,0.168,0.444,57.98,7.13,0.028,0.802,27.32,429.31,Low
1220,C-scan (Pristine with Holes),Pristine,None,4,0.636,0.032,12.09,0.165,0.115,0.69,98.25,6.18,0.02,0.54,46.25,673.88,High
1221,Thermograph,Mixed,Thermal Anomaly,5,0.468,0.05,59.92,0.244,0.883,0.368,100.08,11.49,0.044,1.887,24.0,410.13,Low
1222,Thermograph,Mixed,None,6,0.572,0.073,34.39,0.773,0.476,0.737,36.3,0.59,0.071,2.442,41.42,734.16,Medium
1223,Thermograph,Mixed,None,4,0.638,0.014,62.17,0.208,0.518,0.616,91.87,4.42,0.095,3.003,28.06,699.82,Low
1224,C-scan (BVID with Holes),Damaged,BVID,5,0.524,0.066,51.66,0.377,0.142,0.345,113.61,9.6,0.141,1.643,42.45,350.05,Medium
1225,C-scan (BVID with Holes),Damaged,BVID,5,0.69,0.019,45.03,0.803,0.873,0.434,105.4,10.6,0.136,2.083,37.08,656.73,Medium
1226,C-scan (Pristine with Holes),Pristine,None,3,0.684,0.049,25.72,0.675,0.793,0.424,30.36,7.05,0.039,0.319,29.05,544.74,Low
1227,Thermograph,Mixed,None,2,0.474,0.051,0.71,0.595,0.298,0.59,112.25,2.96,0.109,2.558,22.57,415.17,Low
1228,C-scan (Pristine with Holes),Pristine,None,3,0.451,0.011,69.79,0.709,0.781,0.346,75.86,13.83,0.048,0.682,36.38,560.61,Medium
1229,Thermograph,Mixed,Thermal Anomaly,4,0.503,0.067,1.92,0.38,0.904,0.204,88.07,12.97,0.112,1.474,43.88,773.11,Medium
1230,C-scan (BVID with Holes),Damaged,BVID,2,0.494,0.071,53.81,0.561,0.201,0.46,65.08,14.73,0.082,3.003,30.37,648.81,Medium
1231,C-scan (Pristine with Holes),Pristine,None,6,0.541,0.08,22.01,0.631,0.155,0.564,88.54,2.26,0.023,0.125,38.55,826.32,Medium
1232,Thermograph,Mixed,Thermal Anomaly,4,0.478,0.065,28.24,0.825,0.541,0.79,81.87,6.22,0.052,0.746,30.18,449.31,Medium
1233,C-scan (BVID with Holes),Damaged,BVID,5,0.597,0.018,32.46,0.376,0.924,0.858,68.15,5.26,0.151,4.781,31.99,438.97,Medium
1234,Thermograph,Mixed,None,3,0.605,0.024,15.64,0.783,0.881,0.609,56.87,3.14,0.062,1.344,54.93,381.98,High
1235,C-scan (BVID with Holes),Damaged,BVID,4,0.578,0.028,41.28,0.633,0.531,0.479,91.49,12.31,0.149,2.106,57.88,746.73,Medium
1236,C-scan (BVID with Holes),Damaged,BVID,2,0.54,0.066,36.51,0.595,0.31,0.849,81.05,6.54,0.131,1.502,44.49,660.73,Medium
1237,C-scan (Pristine with Holes),Pristine,None,2,0.658,0.043,22.07,0.56,0.895,0.483,83.83,4.01,0.047,0.952,41.53,782.22,Medium
1238,C-scan (BVID with Holes),Damaged,BVID,2,0.486,0.028,64.74,0.8,0.558,0.618,97.98,1.95,0.144,3.585,50.84,561.48,Medium
1239,Thermograph,Mixed,None,5,0.643,0.033,72.42,0.615,0.691,0.434,28.39,13.57,0.131,2.544,35.06,691.56,Medium
1240,C-scan (BVID with Holes),Damaged,BVID,5,0.685,0.014,24.92,0.334,0.41,0.465,97.8,8.11,0.169,1.045,28.98,807.81,Low
1241,C-scan (Pristine with Holes),Pristine,None,6,0.507,0.07,39.96,0.99,0.77,0.763,93.55,5.0,0.018,0.287,53.87,739.55,High
1242,Thermograph,Mixed,None,2,0.631,0.038,3.84,0.521,0.878,0.553,99.36,2.46,0.093,2.102,54.62,426.28,Medium
1243,Thermograph,Mixed,Thermal Anomaly,6,0.485,0.06,19.77,0.459,0.736,0.349,63.65,8.15,0.079,1.195,22.17,599.56,Low
1244,C-scan (Pristine with Holes),Pristine,None,2,0.461,0.028,13.52,0.519,0.387,0.768,43.94,7.39,0.039,0.123,54.01,777.03,High
1245,Thermograph,Mixed,None,6,0.501,0.047,39.2,0.344,0.696,0.753,66.67,14.24,0.033,3.353,41.58,409.84,Medium
1246,C-scan (Pristine with Holes),Pristine,None,6,0.53,0.034,26.32,0.123,0.428,0.727,96.92,13.15,0.048,0.927,24.03,832.29,Low
1247,C-scan (BVID with Holes),Damaged,BVID,6,0.697,0.032,30.25,0.45,0.711,0.76,27.09,6.39,0.141,3.99,21.97,693.86,Low
1248,Thermograph,Mixed,None,6,0.515,0.049,4.33,0.728,0.865,0.229,88.84,4.37,0.038,2.526,57.89,788.69,High
1249,C-scan (BVID with Holes),Damaged,BVID,6,0.474,0.016,40.38,0.463,0.123,0.606,39.39,11.42,0.176,1.436,33.07,652.31,Medium
1250,Thermograph,Mixed,Thermal Anomaly,4,0.5,0.077,14.75,0.209,0.197,0.432,77.28,4.0,0.032,2.888,43.06,559.57,Medium
1251,C-scan (BVID with Holes),Damaged,BVID,6,0.625,0.052,4.92,0.3,0.533,0.336,61.97,7.61,0.144,3.829,37.32,414.68,Medium
1252,Thermograph,Mixed,Thermal Anomaly,5,0.589,0.047,1.81,0.573,0.372,0.628,103.22,8.59,0.073,1.948,59.06,513.86,High
1253,Thermograph,Mixed,Thermal Anomaly,3,0.589,0.072,79.9,0.323,0.901,0.239,115.41,3.27,0.119,3.2,35.63,596.55,Medium
1254,C-scan (Pristine with Holes),Pristine,None,3,0.645,0.061,26.09,0.605,0.697,0.276,76.79,2.76,0.041,0.711,33.5,611.33,Medium
1255,C-scan (BVID with Holes),Damaged,BVID,4,0.553,0.013,32.28,0.799,0.289,0.42,83.6,12.13,0.191,1.33,35.48,454.36,Medium
1256,Thermograph,Mixed,Thermal Anomaly,5,0.678,0.052,14.07,0.197,0.714,0.836,51.05,11.08,0.04,3.202,27.59,652.74,Low
1257,Thermograph,Mixed,None,5,0.475,0.07,87.19,0.905,0.409,0.849,33.45,12.01,0.136,1.547,51.41,723.15,Medium
1258,C-scan (BVID with Holes),Damaged,BVID,3,0.527,0.016,57.59,0.755,0.727,0.62,86.76,3.22,0.123,4.5,49.97,548.71,Medium
1259,C-scan (BVID with Holes),Damaged,BVID,4,0.582,0.05,35.5,0.887,0.525,0.321,91.83,11.49,0.182,1.405,51.08,599.38,Medium
1260,C-scan (Pristine with Holes),Pristine,None,6,0.68,0.029,80.07,0.313,0.66,0.885,111.87,5.86,0.044,0.408,32.01,536.92,Medium
1261,Thermograph,Mixed,Thermal Anomaly,6,0.633,0.021,49.68,0.245,0.914,0.336,73.44,4.35,0.14,2.987,31.79,850.32,Medium
1262,Thermograph,Mixed,None,2,0.688,0.074,86.8,0.575,0.386,0.603,66.62,4.48,0.143,2.21,56.23,384.48,Medium
1263,C-scan (BVID with Holes),Damaged,BVID,5,0.512,0.014,27.95,0.105,0.294,0.641,54.86,10.16,0.173,4.947,37.87,431.7,Medium
1264,C-scan (Pristine with Holes),Pristine,None,3,0.69,0.041,20.46,0.739,0.162,0.27,49.01,12.31,0.026,0.23,42.2,801.13,Medium
1265,Thermograph,Mixed,None,6,0.506,0.045,29.16,0.459,0.357,0.327,118.75,13.18,0.115,1.277,51.59,608.34,Medium
1266,C-scan (BVID with Holes),Damaged,BVID,5,0.46,0.061,34.31,0.162,0.303,0.204,45.6,6.57,0.195,4.476,54.29,818.57,Medium
1267,C-scan (BVID with Holes),Damaged,BVID,2,0.458,0.017,51.7,0.536,0.148,0.485,84.95,1.81,0.13,1.162,47.27,871.04,Medium
1268,C-scan (Pristine with Holes),Pristine,None,3,0.506,0.01,83.02,0.34,0.775,0.536,92.83,1.12,0.033,0.762,55.81,457.57,High
1269,Thermograph,Mixed,None,3,0.609,0.067,37.64,0.574,0.157,0.875,96.38,5.92,0.051,0.725,27.56,887.18,Low
1270,Thermograph,Mixed,None,6,0.576,0.038,60.0,0.856,0.844,0.77,66.95,10.81,0.048,1.286,29.36,685.37,Low
1271,C-scan (Pristine with Holes),Pristine,None,4,0.501,0.073,46.1,0.462,0.352,0.67,76.55,4.36,0.048,0.643,42.99,837.99,Medium
1272,Thermograph,Mixed,None,2,0.609,0.054,55.72,0.399,0.912,0.662,40.45,6.17,0.12,1.526,41.08,659.61,Medium
1273,Thermograph,Mixed,Thermal Anomaly,4,0.629,0.073,20.86,0.404,0.567,0.32,27.45,9.58,0.05,1.384,58.14,600.79,High
1274,C-scan (Pristine with Holes),Pristine,None,2,0.555,0.069,51.72,0.287,0.81,0.691,43.29,7.29,0.026,0.765,37.07,368.83,Medium
1275,C-scan (Pristine with Holes),Pristine,None,5,0.452,0.052,26.67,0.377,0.251,0.322,56.23,10.3,0.011,0.978,59.18,617.47,High
1276,C-scan (Pristine with Holes),Pristine,None,3,0.502,0.036,31.19,0.189,0.731,0.613,119.93,13.38,0.033,0.186,46.17,410.42,High
1277,Thermograph,Mixed,Thermal Anomaly,5,0.609,0.06,62.83,0.579,0.512,0.378,32.33,4.49,0.079,3.307,24.84,405.12,Low
1278,C-scan (BVID with Holes),Damaged,BVID,6,0.475,0.013,34.3,0.223,0.303,0.651,103.9,9.15,0.088,2.141,31.83,820.97,Medium
1279,C-scan (Pristine with Holes),Pristine,None,4,0.528,0.078,49.32,0.4,0.149,0.609,90.59,8.71,0.021,0.47,39.53,446.97,Medium
1280,C-scan (BVID with Holes),Damaged,BVID,6,0.575,0.037,59.4,0.12,0.158,0.616,70.08,11.35,0.098,1.922,56.69,553.32,Medium
1281,C-scan (BVID with Holes),Damaged,BVID,6,0.598,0.076,64.95,0.567,0.771,0.571,104.11,6.34,0.101,4.163,44.81,418.92,Medium
1282,Thermograph,Mixed,Thermal Anomaly,2,0.579,0.054,40.55,0.768,0.972,0.868,76.74,5.02,0.105,1.372,49.16,816.3,Medium
1283,C-scan (BVID with Holes),Damaged,BVID,6,0.603,0.076,14.45,0.768,0.677,0.583,53.63,8.35,0.129,3.765,48.65,410.06,Medium
1284,C-scan (Pristine with Holes),Pristine,None,5,0.462,0.075,17.44,0.913,0.56,0.376,74.58,4.7,0.048,0.75,20.82,360.19,Low
1285,Thermograph,Mixed,Thermal Anomaly,3,0.497,0.018,16.16,0.331,0.17,0.5,67.05,3.12,0.106,2.372,29.75,801.84,Low
1286,C-scan (BVID with Holes),Damaged,BVID,5,0.473,0.028,19.79,0.195,0.369,0.353,90.26,10.84,0.154,2.304,43.92,840.97,Medium
1287,C-scan (BVID with Holes),Damaged,BVID,5,0.463,0.053,50.4,0.761,0.595,0.213,98.69,5.16,0.124,1.437,56.04,710.8,Medium
1288,C-scan (BVID with Holes),Damaged,BVID,3,0.539,0.063,61.11,0.159,0.989,0.687,88.29,11.38,0.185,4.055,41.26,652.45,Medium
1289,C-scan (BVID with Holes),Damaged,BVID,6,0.556,0.043,28.72,0.382,0.492,0.551,61.42,5.01,0.139,1.235,54.31,838.83,Medium
1290,Thermograph,Mixed,None,6,0.485,0.026,71.78,0.908,0.101,0.847,31.34,9.57,0.136,1.684,40.02,820.69,Medium
1291,Thermograph,Mixed,None,6,0.602,0.064,61.38,0.683,0.232,0.695,69.91,2.31,0.091,1.581,56.25,787.94,Medium
1292,Thermograph,Mixed,Thermal Anomaly,5,0.676,0.047,38.36,0.374,0.885,0.384,60.48,0.81,0.087,1.114,48.53,795.01,Medium
1293,Thermograph,Mixed,Thermal Anomaly,4,0.67,0.077,89.01,0.911,0.782,0.284,98.59,8.36,0.051,2.587,20.26,728.86,Low
1294,Thermograph,Mixed,Thermal Anomaly,6,0.633,0.069,86.85,0.821,0.74,0.504,103.61,4.69,0.121,1.502,39.46,829.81,Medium
1295,C-scan (Pristine with Holes),Pristine,None,4,0.636,0.035,54.31,0.487,0.187,0.606,93.76,8.54,0.015,0.862,56.51,622.43,High
1296,C-scan (BVID with Holes),Damaged,BVID,3,0.492,0.016,80.36,0.181,0.414,0.777,116.16,14.22,0.112,2.011,27.79,837.95,Low
1297,Thermograph,Mixed,None,2,0.544,0.017,82.59,0.114,0.115,0.301,46.98,12.92,0.111,1.805,23.94,372.24,Low
1298,C-scan (BVID with Holes),Damaged,BVID,3,0.603,0.023,64.89,0.338,0.959,0.314,102.54,1.72,0.1,3.01,58.29,380.06,Medium
1299,Thermograph,Mixed,Thermal Anomaly,3,0.692,0.046,56.48,0.299,0.42,0.751,100.33,6.07,0.121,0.631,35.47,497.63,Medium
1300,C-scan (BVID with Holes),Damaged,BVID,6,0.608,0.059,28.46,0.961,0.521,0.367,84.03,2.79,0.163,2.281,56.07,365.72,Medium
1301,C-scan (BVID with Holes),Damaged,BVID,6,0.595,0.068,51.88,0.551,0.379,0.33,57.07,12.52,0.147,3.542,35.79,482.7,Medium
1302,C-scan (BVID with Holes),Damaged,BVID,3,0.556,0.019,52.78,0.175,0.45,0.589,60.97,3.03,0.085,3.908,43.24,639.33,Medium
1303,Thermograph,Mixed,None,6,0.509,0.056,16.79,0.866,0.762,0.25,95.14,7.07,0.104,2.537,52.85,831.64,Medium
1304,Thermograph,Mixed,None,6,0.528,0.038,75.14,0.418,0.753,0.554,108.51,11.23,0.133,0.958,33.03,564.69,Medium
1305,Thermograph,Mixed,Thermal Anomaly,3,0.7,0.055,57.06,0.559,0.832,0.295,69.94,5.23,0.038,1.788,30.31,391.68,Medium
1306,C-scan (Pristine with Holes),Pristine,None,3,0.584,0.053,26.21,0.266,0.514,0.241,49.42,11.37,0.047,0.189,22.74,363.34,Low
1307,C-scan (BVID with Holes),Damaged,BVID,6,0.608,0.067,19.36,0.734,0.267,0.322,95.5,1.95,0.182,2.244,39.66,804.84,Medium
1308,C-scan (BVID with Holes),Damaged,BVID,6,0.649,0.074,53.36,0.34,0.134,0.861,75.43,4.57,0.115,3.651,23.52,812.42,Low
1309,C-scan (BVID with Holes),Damaged,BVID,5,0.492,0.035,53.07,0.683,0.797,0.881,83.36,13.93,0.116,1.707,27.83,781.4,Low
1310,C-scan (BVID with Holes),Damaged,BVID,3,0.607,0.039,23.19,0.276,0.593,0.504,61.11,12.27,0.155,3.828,23.64,739.13,Low
1311,Thermograph,Mixed,Thermal Anomaly,3,0.498,0.077,15.55,0.838,0.793,0.53,81.53,13.43,0.119,3.486,56.87,526.16,Medium
1312,C-scan (BVID with Holes),Damaged,BVID,6,0.678,0.069,31.83,0.947,0.269,0.426,88.41,1.71,0.173,4.488,58.55,894.82,Medium
1313,Thermograph,Mixed,None,6,0.696,0.046,45.43,0.924,0.263,0.63,95.72,3.07,0.097,1.013,42.41,393.17,Medium
1314,C-scan (Pristine with Holes),Pristine,None,6,0.669,0.063,82.85,0.882,0.125,0.598,46.94,10.78,0.028,0.231,44.28,460.1,Medium
1315,Thermograph,Mixed,None,4,0.644,0.061,75.32,0.896,0.427,0.683,111.88,3.24,0.108,2.306,48.54,772.18,Medium
1316,C-scan (Pristine with Holes),Pristine,None,3,0.469,0.028,79.45,0.882,0.955,0.755,113.08,9.04,0.041,0.505,32.01,614.57,Medium
1317,C-scan (BVID with Holes),Damaged,BVID,6,0.503,0.033,17.91,0.783,0.514,0.628,110.32,0.84,0.185,1.435,55.23,442.15,Medium
1318,C-scan (Pristine with Holes),Pristine,None,6,0.679,0.012,3.36,0.336,0.932,0.406,43.92,3.57,0.029,0.484,29.81,489.21,Low
1319,C-scan (Pristine with Holes),Pristine,None,6,0.693,0.013,38.12,0.555,0.967,0.309,95.89,6.41,0.035,0.703,31.11,409.66,Medium
1320,Thermograph,Mixed,Thermal Anomaly,4,0.671,0.046,59.26,0.185,0.801,0.746,52.55,5.77,0.12,1.573,28.94,395.53,Low
1321,C-scan (BVID with Holes),Damaged,BVID,3,0.634,0.069,7.04,0.763,0.869,0.312,71.99,13.99,0.118,3.268,51.4,491.08,Medium
1322,Thermograph,Mixed,Thermal Anomaly,4,0.479,0.029,5.9,0.581,0.223,0.602,105.3,14.27,0.129,2.273,48.25,634.47,Medium
1323,C-scan (BVID with Holes),Damaged,BVID,3,0.573,0.036,1.83,0.828,0.107,0.494,95.85,6.02,0.174,4.37,57.82,533.56,Medium
1324,C-scan (Pristine with Holes),Pristine,None,5,0.648,0.051,10.75,0.789,0.111,0.275,29.43,3.56,0.028,0.309,34.69,520.25,Medium
1325,Thermograph,Mixed,Thermal Anomaly,4,0.486,0.016,9.85,0.974,0.617,0.616,82.84,1.17,0.149,0.947,20.14,424.28,Low
1326,C-scan (Pristine with Holes),Pristine,None,2,0.499,0.023,9.99,0.423,0.658,0.519,37.35,5.52,0.045,0.591,51.78,888.91,High
1327,Thermograph,Mixed,None,3,0.653,0.022,70.49,0.813,0.161,0.353,63.2,14.31,0.058,1.981,31.29,878.87,Medium
1328,C-scan (Pristine with Holes),Pristine,None,6,0.5,0.017,47.48,0.224,0.87,0.757,33.28,12.97,0.037,0.45,51.62,781.94,High
1329,C-scan (BVID with Holes),Damaged,BVID,4,0.458,0.067,61.75,0.816,0.987,0.263,83.56,3.91,0.165,2.39,47.83,473.14,Medium
1330,Thermograph,Mixed,None,4,0.641,0.014,54.96,0.327,0.871,0.708,92.09,7.27,0.134,0.931,33.82,899.92,Medium
1331,C-scan (Pristine with Holes),Pristine,None,5,0.605,0.051,81.5,0.462,0.733,0.251,41.27,4.36,0.042,0.333,45.07,582.09,High
1332,C-scan (BVID with Holes),Damaged,BVID,2,0.653,0.021,64.45,0.822,0.397,0.488,114.29,5.56,0.141,3.447,47.12,723.98,Medium
1333,C-scan (BVID with Holes),Damaged,BVID,6,0.679,0.055,85.45,0.209,0.933,0.756,58.16,8.92,0.129,4.345,42.3,403.6,Medium
1334,C-scan (BVID with Holes),Damaged,BVID,6,0.496,0.058,70.53,0.413,0.946,0.807,70.58,10.89,0.092,1.207,55.8,475.5,Medium
1335,C-scan (BVID with Holes),Damaged,BVID,3,0.555,0.045,69.66,0.554,0.555,0.87,65.92,3.77,0.124,3.167,44.26,692.7,Medium
1336,C-scan (Pristine with Holes),Pristine,None,3,0.67,0.064,15.06,0.688,0.454,0.206,103.79,1.56,0.043,0.718,53.55,877.45,High
1337,Thermograph,Mixed,None,4,0.49,0.03,45.25,0.716,0.188,0.771,44.13,12.08,0.072,2.925,36.71,741.4,Medium
1338,C-scan (Pristine with Holes),Pristine,None,2,0.615,0.034,37.44,0.14,0.42,0.657,119.42,7.3,0.026,0.45,44.11,839.11,Medium
1339,Thermograph,Mixed,Thermal Anomaly,5,0.581,0.027,66.28,0.652,0.992,0.28,45.98,5.12,0.091,3.017,21.29,667.34,Low
1340,Thermograph,Mixed,Thermal Anomaly,5,0.576,0.038,51.42,0.786,0.771,0.57,37.36,2.3,0.078,0.769,47.08,519.19,High
1341,C-scan (BVID with Holes),Damaged,BVID,6,0.55,0.06,57.97,0.403,0.22,0.676,115.65,10.75,0.093,1.342,32.28,651.85,Medium
1342,C-scan (Pristine with Holes),Pristine,None,6,0.485,0.074,52.12,0.681,0.599,0.284,47.64,10.45,0.042,0.514,28.24,632.95,Low
1343,C-scan (BVID with Holes),Damaged,BVID,2,0.537,0.019,37.86,0.9,0.92,0.557,106.35,3.44,0.161,3.448,42.03,738.35,Medium
1344,C-scan (Pristine with Holes),Pristine,None,6,0.628,0.068,65.22,0.747,0.367,0.434,27.14,5.22,0.038,0.584,44.67,498.94,Medium
1345,C-scan (BVID with Holes),Damaged,BVID,4,0.583,0.068,22.65,0.217,0.777,0.485,34.76,6.76,0.173,4.725,48.69,644.09,Medium
1346,C-scan (Pristine with Holes),Pristine,None,3,0.576,0.065,7.75,0.981,0.608,0.283,104.05,6.8,0.043,0.516,43.2,875.67,Medium
1347,C-scan (Pristine with Holes),Pristine,None,4,0.614,0.074,33.61,0.197,0.726,0.529,80.49,4.0,0.035,0.736,21.46,385.11,Low
1348,C-scan (BVID with Holes),Damaged,BVID,6,0.525,0.027,10.6,0.524,0.141,0.207,113.68,13.89,0.145,1.166,41.98,368.19,Medium
1349,C-scan (Pristine with Holes),Pristine,None,6,0.512,0.052,9.93,0.31,0.789,0.331,107.65,2.17,0.018,0.925,23.15,408.92,Low
1350,C-scan (Pristine with Holes),Pristine,None,6,0.486,0.062,18.2,0.879,0.69,0.813,53.43,3.9,0.043,0.488,30.19,376.83,Medium
1351,C-scan (Pristine with Holes),Pristine,None,4,0.59,0.044,19.51,0.884,0.4,0.386,35.51,5.27,0.05,0.752,49.33,824.34,High
1352,C-scan (Pristine with Holes),Pristine,None,3,0.506,0.044,14.92,0.16,0.537,0.416,92.2,2.41,0.037,0.917,38.82,770.73,Medium
1353,C-scan (BVID with Holes),Damaged,BVID,3,0.452,0.051,59.88,0.569,0.155,0.676,75.8,7.97,0.092,4.235,30.08,824.75,Medium
1354,C-scan (Pristine with Holes),Pristine,None,4,0.695,0.056,63.4,0.294,0.521,0.491,114.49,10.24,0.017,0.645,52.36,398.68,High
1355,C-scan (Pristine with Holes),Pristine,None,4,0.69,0.03,64.94,0.213,0.8,0.274,28.2,9.09,0.021,0.423,42.69,733.12,Medium
1356,Thermograph,Mixed,Thermal Anomaly,4,0.488,0.06,80.74,0.845,0.904,0.319,82.27,2.63,0.067,2.296,54.81,818.3,High
1357,C-scan (Pristine with Holes),Pristine,None,5,0.517,0.013,38.85,0.822,0.863,0.787,100.85,1.54,0.035,0.583,32.68,795.78,Medium
1358,C-scan (Pristine with Holes),Pristine,None,3,0.59,0.053,34.96,0.795,0.316,0.248,67.88,10.55,0.045,0.876,36.86,369.51,Medium
1359,C-scan (Pristine with Holes),Pristine,None,5,0.468,0.012,72.85,0.657,0.124,0.785,37.23,11.24,0.017,0.187,36.92,777.71,Medium
1360,C-scan (BVID with Holes),Damaged,BVID,5,0.682,0.027,34.13,0.573,0.809,0.415,87.77,12.5,0.163,4.279,53.06,751.28,Medium
1361,C-scan (Pristine with Holes),Pristine,None,3,0.611,0.068,88.96,0.574,0.98,0.32,35.06,3.63,0.046,0.844,57.65,506.34,High
1362,Thermograph,Mixed,Thermal Anomaly,5,0.688,0.069,62.81,0.403,0.698,0.342,60.81,13.98,0.091,3.177,49.03,673.28,Medium
1363,Thermograph,Mixed,None,4,0.55,0.031,47.9,0.638,0.6,0.619,54.59,0.53,0.034,2.422,32.65,791.1,Medium
1364,C-scan (Pristine with Holes),Pristine,None,3,0.585,0.077,11.36,0.836,0.681,0.596,67.22,6.14,0.021,0.102,43.78,715.36,Medium
1365,Thermograph,Mixed,Thermal Anomaly,4,0.549,0.028,78.95,0.645,0.111,0.466,30.72,6.32,0.106,0.964,21.19,832.91,Low
1366,C-scan (BVID with Holes),Damaged,BVID,5,0.625,0.012,7.9,0.283,0.535,0.565,83.99,13.86,0.151,2.028,33.23,848.58,Medium
1367,C-scan (BVID with Holes),Damaged,BVID,6,0.561,0.075,89.04,0.584,0.624,0.857,96.31,0.9,0.118,4.937,30.83,430.28,Medium
1368,Thermograph,Mixed,None,2,0.524,0.022,74.49,0.557,0.267,0.393,88.3,12.98,0.074,2.876,49.62,430.82,High
1369,C-scan (BVID with Holes),Damaged,BVID,2,0.61,0.051,63.34,0.686,0.266,0.544,68.3,3.18,0.123,1.971,48.48,565.62,Medium
1370,Thermograph,Mixed,Thermal Anomaly,5,0.536,0.079,70.55,0.172,0.893,0.407,72.2,4.95,0.099,2.104,27.17,857.76,Low
1371,C-scan (Pristine with Holes),Pristine,None,2,0.639,0.075,34.44,0.308,0.768,0.669,87.84,9.44,0.024,0.982,44.59,541.05,Medium
1372,C-scan (Pristine with Holes),Pristine,None,4,0.472,0.064,28.82,0.301,0.67,0.21,77.96,11.46,0.025,0.934,22.49,522.84,Low
1373,Thermograph,Mixed,None,3,0.455,0.075,19.49,0.527,0.761,0.423,31.45,8.97,0.033,1.971,54.37,590.18,High
1374,Thermograph,Mixed,Thermal Anomaly,3,0.696,0.014,57.11,0.623,0.214,0.857,72.26,7.72,0.119,1.12,46.98,684.32,Medium
1375,C-scan (BVID with Holes),Damaged,BVID,6,0.473,0.07,14.51,0.577,0.593,0.834,105.31,2.24,0.189,3.547,22.72,387.27,Low
1376,C-scan (BVID with Holes),Damaged,BVID,6,0.527,0.026,60.8,0.569,0.64,0.754,93.56,4.32,0.137,2.563,43.22,862.37,Medium
1377,Thermograph,Mixed,Thermal Anomaly,4,0.519,0.08,21.55,0.416,0.554,0.701,49.56,4.0,0.111,3.48,42.82,488.68,Medium
1378,Thermograph,Mixed,Thermal Anomaly,2,0.649,0.073,74.84,0.72,0.66,0.268,53.94,12.1,0.037,1.856,20.26,412.64,Low
1379,C-scan (Pristine with Holes),Pristine,None,3,0.508,0.022,28.84,0.322,0.314,0.224,75.08,1.41,0.03,0.624,20.94,879.9,Low
1380,C-scan (BVID with Holes),Damaged,BVID,2,0.59,0.05,37.73,0.814,0.914,0.629,74.38,5.72,0.124,4.164,36.71,531.12,Medium
1381,C-scan (Pristine with Holes),Pristine,None,6,0.551,0.015,85.45,0.857,0.912,0.811,90.19,12.82,0.021,0.24,23.35,654.12,Low
1382,C-scan (Pristine with Holes),Pristine,None,2,0.662,0.043,6.92,0.299,0.415,0.746,65.89,0.64,0.024,0.138,27.86,654.99,Low
1383,C-scan (BVID with Holes),Damaged,BVID,6,0.598,0.038,50.33,0.403,0.365,0.567,38.19,7.82,0.139,3.584,28.39,392.85,Low
1384,Thermograph,Mixed,None,2,0.523,0.048,84.39,0.106,0.63,0.301,34.23,11.32,0.049,0.519,44.44,787.76,Medium
1385,Thermograph,Mixed,Thermal Anomaly,6,0.572,0.071,8.91,0.26,0.74,0.525,109.97,10.54,0.076,1.742,31.55,683.74,Medium
1386,C-scan (Pristine with Holes),Pristine,None,2,0.652,0.028,51.21,0.665,0.955,0.614,75.96,7.01,0.039,0.755,48.52,433.61,High
1387,Thermograph,Mixed,None,2,0.626,0.079,76.24,0.195,0.775,0.827,47.12,7.88,0.129,2.355,31.49,601.51,Medium
1388,Thermograph,Mixed,Thermal Anomaly,3,0.631,0.073,77.75,0.673,0.777,0.323,77.13,12.58,0.117,0.523,45.78,399.29,Medium
1389,C-scan (BVID with Holes),Damaged,BVID,5,0.474,0.053,17.48,0.471,0.738,0.883,104.03,3.98,0.181,4.11,47.06,767.55,Medium
1390,C-scan (Pristine with Holes),Pristine,None,3,0.548,0.02,77.35,0.189,0.701,0.407,104.46,10.88,0.02,0.721,57.68,502.31,High
1391,Thermograph,Mixed,None,4,0.474,0.056,89.09,0.997,0.405,0.436,78.37,5.52,0.142,3.233,47.25,685.65,Medium
1392,C-scan (Pristine with Holes),Pristine,None,4,0.489,0.066,16.07,0.817,0.428,0.721,28.18,8.23,0.036,0.365,32.99,391.65,Medium
1393,Thermograph,Mixed,None,6,0.637,0.024,35.63,0.384,0.953,0.264,41.95,2.55,0.102,1.323,51.28,859.12,Medium
1394,C-scan (Pristine with Holes),Pristine,None,3,0.538,0.062,87.91,0.94,0.57,0.51,61.1,0.99,0.015,0.58,53.98,718.95,High
1395,C-scan (Pristine with Holes),Pristine,None,4,0.521,0.017,23.74,0.753,0.655,0.593,92.48,14.39,0.034,0.68,22.63,594.16,Low
1396,C-scan (Pristine with Holes),Pristine,None,4,0.604,0.053,66.28,0.907,0.142,0.365,92.31,14.09,0.032,0.767,58.74,371.65,High
1397,C-scan (Pristine with Holes),Pristine,None,2,0.535,0.03,66.57,0.945,0.595,0.399,51.66,8.25,0.026,0.97,24.95,387.75,Low
1398,Thermograph,Mixed,Thermal Anomaly,2,0.664,0.012,89.95,0.149,0.501,0.777,111.48,5.94,0.111,1.142,27.49,770.82,Low
1399,C-scan (BVID with Holes),Damaged,BVID,4,0.526,0.016,48.47,0.156,0.167,0.325,93.0,12.67,0.114,2.383,50.14,453.5,Medium
1400,C-scan (Pristine with Holes),Pristine,None,6,0.693,0.012,10.94,0.887,0.955,0.363,62.48,4.8,0.024,0.388,26.41,390.01,Low
1401,C-scan (BVID with Holes),Damaged,BVID,2,0.475,0.039,16.78,0.581,0.697,0.495,85.69,0.86,0.169,2.611,30.9,773.42,Medium
1402,C-scan (Pristine with Holes),Pristine,None,6,0.496,0.031,43.88,0.772,0.189,0.613,31.73,12.85,0.017,0.672,36.9,733.16,Medium
1403,Thermograph,Mixed,None,2,0.59,0.051,60.8,0.267,0.461,0.501,99.77,3.24,0.109,1.452,26.05,666.59,Low
1404,Thermograph,Mixed,Thermal Anomaly,4,0.543,0.04,80.82,0.847,0.709,0.508,99.64,5.3,0.1,3.241,57.86,660.84,Medium
1405,Thermograph,Mixed,None,4,0.467,0.011,42.19,0.942,0.651,0.606,76.52,1.23,0.089,3.234,41.51,829.18,Medium
1406,C-scan (BVID with Holes),Damaged,BVID,5,0.633,0.055,65.48,0.837,0.311,0.24,109.6,12.88,0.18,3.461,29.96,537.99,Low
1407,Thermograph,Mixed,None,2,0.634,0.02,61.98,0.798,0.308,0.593,71.19,2.96,0.147,2.478,53.44,371.8,Medium
1408,Thermograph,Mixed,Thermal Anomaly,5,0.639,0.077,11.08,0.625,0.835,0.799,94.38,14.34,0.055,2.472,31.51,656.28,Medium
1409,C-scan (BVID with Holes),Damaged,BVID,5,0.657,0.045,10.37,0.412,0.782,0.69,30.82,4.0,0.195,3.25,54.94,565.18,Medium
1410,C-scan (Pristine with Holes),Pristine,None,4,0.646,0.04,78.37,0.979,0.404,0.549,76.77,5.67,0.033,0.206,54.72,445.87,High
1411,C-scan (BVID with Holes),Damaged,BVID,2,0.496,0.045,23.2,0.191,0.488,0.484,73.84,5.35,0.084,2.738,27.03,834.77,Low
1412,Thermograph,Mixed,None,3,0.614,0.018,34.46,0.584,0.82,0.696,98.01,0.6,0.135,3.416,52.49,529.96,Medium
1413,Thermograph,Mixed,Thermal Anomaly,3,0.516,0.064,76.59,0.597,0.283,0.794,62.23,13.34,0.045,1.418,51.48,627.18,High
1414,C-scan (Pristine with Holes),Pristine,None,6,0.513,0.071,75.3,0.615,0.761,0.767,42.14,3.79,0.013,0.492,55.9,466.21,High
1415,C-scan (Pristine with Holes),Pristine,None,4,0.579,0.031,44.87,0.307,0.864,0.704,48.94,9.46,0.027,0.145,42.89,826.86,Medium
1416,C-scan (BVID with Holes),Damaged,BVID,4,0.53,0.059,49.42,0.501,0.496,0.725,32.67,11.82,0.159,4.113,45.03,537.23,Medium
1417,C-scan (Pristine with Holes),Pristine,None,2,0.474,0.053,72.34,0.931,0.875,0.797,78.93,14.2,0.027,0.675,41.33,796.19,Medium
1418,Thermograph,Mixed,Thermal Anomaly,5,0.458,0.011,58.05,0.914,0.395,0.715,69.67,4.95,0.087,2.645,26.52,472.03,Low
1419,C-scan (Pristine with Holes),Pristine,None,5,0.665,0.053,71.52,0.165,0.983,0.373,48.32,14.31,0.013,0.127,54.33,570.51,High
1420,C-scan (BVID with Holes),Damaged,BVID,3,0.573,0.06,71.28,0.795,0.135,0.858,39.53,12.0,0.089,3.537,57.03,618.29,Medium
1421,Thermograph,Mixed,None,2,0.59,0.037,79.98,0.318,0.277,0.316,114.74,14.9,0.098,0.576,36.42,499.21,Medium
1422,Thermograph,Mixed,Thermal Anomaly,6,0.519,0.055,31.11,0.176,0.948,0.702,96.33,8.46,0.065,1.899,54.86,492.83,High
1423,Thermograph,Mixed,None,2,0.64,0.052,82.41,0.818,0.406,0.585,89.63,1.89,0.109,3.259,57.82,361.79,Medium
1424,C-scan (Pristine with Holes),Pristine,None,4,0.57,0.032,87.89,0.172,0.944,0.418,57.79,1.8,0.027,0.974,59.55,547.7,High
1425,C-scan (BVID with Holes),Damaged,BVID,5,0.639,0.074,89.41,0.515,0.607,0.33,60.51,14.99,0.161,1.746,35.6,667.25,Medium
1426,C-scan (BVID with Holes),Damaged,BVID,5,0.66,0.034,85.55,0.344,0.824,0.427,90.69,1.98,0.199,1.948,26.25,815.31,Low
1427,C-scan (BVID with Holes),Damaged,BVID,3,0.528,0.012,12.31,0.563,0.665,0.587,39.9,5.45,0.18,3.65,30.22,407.18,Medium
1428,Thermograph,Mixed,None,4,0.612,0.04,84.76,0.725,0.403,0.761,58.43,5.53,0.08,3.202,46.32,616.11,Medium
1429,Thermograph,Mixed,Thermal Anomaly,5,0.59,0.012,17.19,0.378,0.971,0.206,64.14,14.52,0.096,3.153,35.15,498.11,Medium
1430,Thermograph,Mixed,Thermal Anomaly,3,0.572,0.066,39.91,0.994,0.336,0.829,30.41,11.45,0.091,2.181,31.75,545.99,Medium
1431,C-scan (BVID with Holes),Damaged,BVID,3,0.545,0.027,43.02,0.457,0.513,0.815,98.33,14.13,0.169,1.044,56.63,499.2,Medium
1432,Thermograph,Mixed,None,6,0.566,0.028,52.79,0.934,0.646,0.6,71.04,8.07,0.047,3.436,34.35,808.25,Medium
1433,C-scan (Pristine with Holes),Pristine,None,3,0.524,0.045,78.84,0.987,0.899,0.446,36.5,2.27,0.012,0.26,43.12,553.75,Medium
1434,C-scan (Pristine with Holes),Pristine,None,6,0.638,0.011,62.38,0.276,0.189,0.545,29.34,5.34,0.021,0.983,35.82,602.89,Medium
1435,Thermograph,Mixed,Thermal Anomaly,2,0.453,0.012,22.26,0.917,0.117,0.454,49.14,12.53,0.062,3.47,40.49,513.19,Medium
1436,C-scan (Pristine with Holes),Pristine,None,4,0.537,0.015,52.83,0.356,0.257,0.638,119.73,6.74,0.024,0.813,58.91,485.47,High
1437,C-scan (Pristine with Holes),Pristine,None,2,0.683,0.061,41.95,0.594,0.917,0.738,52.28,12.85,0.025,0.714,45.19,595.88,High
1438,C-scan (BVID with Holes),Damaged,BVID,2,0.513,0.058,19.99,0.785,0.518,0.703,42.63,7.15,0.139,4.316,59.09,509.96,Medium
1439,C-scan (BVID with Holes),Damaged,BVID,4,0.681,0.065,83.94,0.127,0.129,0.438,32.81,13.7,0.167,1.232,45.01,848.76,Medium
1440,C-scan (BVID with Holes),Damaged,BVID,2,0.553,0.048,53.51,0.264,0.409,0.587,52.54,9.82,0.126,3.116,32.42,857.17,Medium
1441,Thermograph,Mixed,Thermal Anomaly,2,0.593,0.078,41.54,0.222,0.184,0.377,77.86,4.35,0.069,0.763,25.83,859.3,Low
1442,Thermograph,Mixed,Thermal Anomaly,2,0.553,0.032,18.53,0.945,0.2,0.791,54.3,11.55,0.131,1.66,39.36,487.93,Medium
1443,C-scan (Pristine with Holes),Pristine,None,5,0.692,0.011,1.19,0.409,0.147,0.827,99.05,3.29,0.037,0.282,31.33,576.78,Medium
1444,C-scan (Pristine with Holes),Pristine,None,3,0.685,0.012,86.13,0.661,0.849,0.736,87.39,7.36,0.046,0.679,53.4,637.02,High
1445,Thermograph,Mixed,Thermal Anomaly,2,0.565,0.022,54.42,0.658,0.754,0.694,110.75,1.51,0.061,2.318,37.6,610.1,Medium
1446,Thermograph,Mixed,Thermal Anomaly,5,0.504,0.073,8.65,0.144,0.413,0.745,49.19,5.13,0.141,0.793,36.26,885.55,Medium
1447,C-scan (Pristine with Holes),Pristine,None,6,0.568,0.071,66.34,0.631,0.74,0.771,118.2,2.52,0.033,0.982,52.44,792.43,High
1448,Thermograph,Mixed,None,3,0.454,0.049,89.73,0.671,0.776,0.825,105.2,13.57,0.069,3.097,41.87,544.28,Medium
1449,Thermograph,Mixed,Thermal Anomaly,5,0.482,0.014,64.42,0.313,0.834,0.478,57.23,11.68,0.098,1.563,36.85,525.24,Medium
1450,Thermograph,Mixed,None,2,0.638,0.044,72.15,0.362,0.223,0.302,59.14,8.73,0.127,2.76,50.33,678.6,Medium
1451,C-scan (Pristine with Holes),Pristine,None,3,0.608,0.043,4.6,0.572,0.44,0.494,113.0,11.33,0.017,0.682,59.97,797.72,High
1452,Thermograph,Mixed,Thermal Anomaly,5,0.626,0.041,7.81,0.884,0.299,0.736,38.3,9.25,0.126,2.204,55.09,490.27,Medium
1453,Thermograph,Mixed,Thermal Anomaly,3,0.565,0.042,36.47,0.139,0.3,0.232,29.44,5.25,0.076,3.123,32.48,825.45,Medium
1454,C-scan (Pristine with Holes),Pristine,None,5,0.522,0.065,68.81,0.338,0.797,0.748,51.58,13.92,0.046,0.125,52.35,833.6,High
1455,C-scan (Pristine with Holes),Pristine,None,6,0.565,0.057,44.79,0.705,0.377,0.437,33.19,8.03,0.046,0.576,28.43,746.6,Low
1456,C-scan (Pristine with Holes),Pristine,None,4,0.59,0.055,54.83,0.138,0.787,0.71,74.24,6.98,0.029,0.836,49.22,686.89,High
1457,Thermograph,Mixed,None,4,0.688,0.017,77.58,0.937,0.812,0.56,60.43,7.1,0.05,0.653,36.77,469.8,Medium
1458,C-scan (Pristine with Holes),Pristine,None,4,0.613,0.029,5.09,0.883,0.365,0.69,52.09,11.0,0.011,0.963,52.89,568.69,High
1459,Thermograph,Mixed,None,3,0.568,0.079,37.01,0.175,0.54,0.876,117.64,7.58,0.098,2.958,22.24,675.02,Low
1460,C-scan (BVID with Holes),Damaged,BVID,4,0.664,0.012,63.16,0.308,0.241,0.263,92.48,5.61,0.168,4.942,22.97,367.94,Low
1461,C-scan (BVID with Holes),Damaged,BVID,2,0.538,0.045,42.96,0.61,0.51,0.416,113.14,5.21,0.169,2.717,59.15,802.52,Medium
1462,C-scan (BVID with Holes),Damaged,BVID,2,0.498,0.056,57.55,0.227,0.239,0.789,36.9,8.78,0.144,4.17,26.41,819.1,Low
1463,Thermograph,Mixed,None,6,0.611,0.052,82.88,0.313,0.345,0.712,117.08,14.4,0.074,2.331,45.94,353.98,High
1464,C-scan (Pristine with Holes),Pristine,None,2,0.632,0.033,26.59,0.755,0.935,0.648,57.13,1.16,0.022,0.693,35.57,484.82,Medium
1465,Thermograph,Mixed,None,6,0.624,0.033,73.37,0.127,0.118,0.895,107.96,0.65,0.038,2.235,35.44,790.64,Medium
1466,C-scan (BVID with Holes),Damaged,BVID,3,0.485,0.044,46.19,0.306,0.772,0.888,94.56,14.54,0.135,1.301,45.24,560.67,Medium
1467,Thermograph,Mixed,Thermal Anomaly,5,0.594,0.065,77.4,0.923,0.819,0.78,78.95,4.07,0.053,3.313,53.59,770.95,High
1468,C-scan (Pristine with Holes),Pristine,None,6,0.473,0.067,44.64,0.841,0.129,0.281,74.56,2.52,0.033,0.687,52.69,420.12,High
1469,Thermograph,Mixed,Thermal Anomaly,5,0.549,0.072,29.6,0.764,0.185,0.277,103.45,5.63,0.048,0.874,38.94,709.58,Medium
1470,Thermograph,Mixed,None,5,0.478,0.065,30.71,0.869,0.752,0.876,57.91,10.22,0.054,0.673,36.3,467.63,Medium
1471,C-scan (BVID with Holes),Damaged,BVID,2,0.467,0.026,26.07,0.101,0.973,0.603,54.78,2.94,0.145,4.23,27.23,795.27,Low
1472,Thermograph,Mixed,None,3,0.627,0.079,77.53,0.377,0.957,0.225,97.77,4.0,0.107,3.238,40.88,738.98,Medium
1473,C-scan (Pristine with Holes),Pristine,None,2,0.493,0.042,84.55,0.538,0.59,0.237,102.0,13.9,0.019,0.183,24.22,443.06,Low
1474,Thermograph,Mixed,None,2,0.581,0.056,85.12,0.898,0.118,0.849,118.19,12.92,0.045,2.5,30.85,453.12,Medium
1475,Thermograph,Mixed,None,4,0.459,0.011,54.65,0.358,0.306,0.47,81.12,3.86,0.039,1.647,24.19,629.94,Low
1476,C-scan (Pristine with Holes),Pristine,None,5,0.524,0.046,54.7,0.596,0.948,0.217,34.33,4.09,0.046,0.514,51.63,515.94,High
1477,C-scan (BVID with Holes),Damaged,BVID,4,0.571,0.019,49.35,0.416,0.573,0.751,30.08,11.21,0.108,2.59,24.35,473.06,Low
1478,C-scan (Pristine with Holes),Pristine,None,4,0.497,0.012,32.97,0.442,0.592,0.74,59.75,13.79,0.038,0.987,36.05,405.04,Medium
1479,Thermograph,Mixed,None,6,0.669,0.057,72.68,0.707,0.625,0.696,102.74,13.57,0.099,1.26,44.84,729.43,Medium
1480,C-scan (Pristine with Holes),Pristine,None,2,0.602,0.076,63.41,0.933,0.942,0.414,89.64,6.72,0.021,0.894,56.78,433.34,High
1481,C-scan (Pristine with Holes),Pristine,None,2,0.613,0.039,89.41,0.839,0.508,0.555,110.54,5.03,0.039,0.626,53.58,682.0,High
1482,C-scan (BVID with Holes),Damaged,BVID,2,0.628,0.058,75.56,0.587,0.308,0.528,108.67,13.93,0.161,4.185,25.79,724.99,Low
1483,Thermograph,Mixed,Thermal Anomaly,3,0.641,0.018,53.91,0.423,0.46,0.572,41.8,9.98,0.147,1.524,37.02,815.88,Medium
1484,Thermograph,Mixed,None,3,0.623,0.046,52.37,0.977,0.486,0.665,98.74,2.98,0.084,2.946,20.69,879.24,Low
1485,C-scan (BVID with Holes),Damaged,BVID,5,0.66,0.023,75.85,0.242,0.107,0.52,116.51,9.69,0.165,1.49,25.41,426.53,Low
1486,C-scan (BVID with Holes),Damaged,BVID,5,0.671,0.021,40.93,0.563,0.432,0.448,54.75,11.48,0.171,1.159,36.73,757.85,Medium
1487,C-scan (Pristine with Holes),Pristine,None,6,0.578,0.054,1.79,0.853,0.777,0.651,84.72,10.23,0.042,0.614,48.6,590.43,High
1488,C-scan (Pristine with Holes),Pristine,None,3,0.669,0.043,82.72,0.783,0.364,0.849,107.51,1.01,0.011,0.99,24.57,547.77,Low
1489,C-scan (BVID with Holes),Damaged,BVID,2,0.568,0.038,10.67,0.144,0.259,0.239,115.74,14.61,0.143,4.736,56.35,538.09,Medium
1490,Thermograph,Mixed,Thermal Anomaly,4,0.468,0.065,84.31,0.874,0.543,0.411,82.4,12.81,0.11,3.315,25.17,499.45,Low
1491,C-scan (Pristine with Holes),Pristine,None,5,0.682,0.02,26.97,0.215,0.901,0.409,74.16,7.72,0.014,0.899,33.0,828.7,Medium
1492,Thermograph,Mixed,None,4,0.67,0.074,48.7,0.784,0.162,0.792,33.33,8.45,0.053,2.269,40.11,633.19,Medium
1493,C-scan (Pristine with Holes),Pristine,None,6,0.652,0.057,79.85,0.428,0.212,0.646,111.06,8.15,0.047,0.562,36.14,612.98,Medium
1494,Thermograph,Mixed,None,4,0.548,0.025,33.8,0.137,0.255,0.203,45.78,9.82,0.138,2.425,21.1,849.96,Low
1495,C-scan (Pristine with Holes),Pristine,None,4,0.493,0.016,29.21,0.253,0.514,0.735,53.71,8.64,0.025,0.234,32.52,792.72,Medium
1496,C-scan (Pristine with Holes),Pristine,None,6,0.56,0.072,22.03,0.556,0.689,0.26,39.01,13.45,0.044,0.448,47.73,741.65,High
1497,Thermograph,Mixed,None,6,0.637,0.055,57.2,0.162,0.491,0.401,105.15,6.26,0.149,2.525,33.12,607.54,Medium
1498,C-scan (BVID with Holes),Damaged,BVID,5,0.595,0.049,1.2,0.817,0.463,0.71,84.89,9.37,0.14,2.722,38.56,880.39,Medium
1499,C-scan (Pristine with Holes),Pristine,None,2,0.542,0.046,6.08,0.819,0.622,0.328,28.27,4.97,0.044,0.259,57.34,860.71,High
1500,C-scan (Pristine with Holes),Pristine,None,2,0.554,0.025,29.13,0.308,0.174,0.285,97.72,12.62,0.02,0.734,35.11,471.6,Medium
1501,C-scan (Pristine with Holes),Pristine,None,6,0.639,0.021,37.54,0.816,0.63,0.295,44.39,7.05,0.011,0.812,31.17,514.1,Medium
1502,C-scan (BVID with Holes),Damaged,BVID,5,0.663,0.074,18.58,0.377,0.693,0.205,54.11,0.95,0.094,2.591,20.67,507.94,Low
1503,C-scan (BVID with Holes),Damaged,BVID,6,0.637,0.022,25.29,0.467,0.679,0.598,113.8,2.07,0.178,1.6,29.07,352.23,Low
1504,Thermograph,Mixed,Thermal Anomaly,2,0.694,0.056,51.17,0.68,0.534,0.602,112.28,3.89,0.055,2.983,40.12,398.37,Medium
1505,C-scan (BVID with Holes),Damaged,BVID,6,0.455,0.023,9.91,0.234,0.17,0.27,48.16,2.17,0.088,1.399,58.0,378.14,Medium
1506,Thermograph,Mixed,None,5,0.504,0.014,26.48,0.445,0.109,0.651,77.1,3.87,0.044,1.942,41.42,707.69,Medium
1507,C-scan (Pristine with Holes),Pristine,None,3,0.629,0.062,36.49,0.362,0.226,0.261,73.97,12.07,0.012,0.166,45.26,818.61,High
1508,C-scan (BVID with Holes),Damaged,BVID,4,0.619,0.031,37.89,0.148,0.511,0.567,90.54,14.91,0.156,2.618,56.94,626.59,Medium
1509,Thermograph,Mixed,None,4,0.622,0.049,87.26,0.896,0.748,0.231,114.17,11.72,0.053,1.53,21.91,456.47,Low
1510,Thermograph,Mixed,None,5,0.518,0.046,72.87,0.655,0.984,0.58,41.07,5.37,0.049,1.801,54.64,562.86,High
1511,C-scan (BVID with Holes),Damaged,BVID,2,0.634,0.06,25.98,0.469,0.502,0.873,90.15,7.13,0.173,1.21,46.26,785.59,Medium
1512,Thermograph,Mixed,Thermal Anomaly,5,0.461,0.056,61.41,0.262,0.283,0.243,108.22,7.34,0.114,1.578,32.93,523.95,Medium
1513,C-scan (Pristine with Holes),Pristine,None,6,0.635,0.035,68.37,0.115,0.161,0.478,69.2,14.59,0.022,0.333,47.95,425.72,High
1514,C-scan (Pristine with Holes),Pristine,None,5,0.583,0.031,61.28,0.65,0.798,0.872,113.04,1.12,0.028,0.746,51.94,589.19,High
1515,C-scan (Pristine with Holes),Pristine,None,6,0.608,0.013,85.72,0.43,0.668,0.51,98.93,1.48,0.011,0.32,45.61,531.08,High
1516,C-scan (BVID with Holes),Damaged,BVID,5,0.608,0.051,22.12,0.351,0.152,0.715,83.01,1.92,0.174,4.887,52.55,352.3,Medium
1517,C-scan (Pristine with Holes),Pristine,None,4,0.637,0.011,21.26,0.935,0.339,0.64,118.34,1.02,0.015,0.504,44.21,746.1,Medium
1518,Thermograph,Mixed,Thermal Anomaly,5,0.568,0.063,70.38,0.403,0.664,0.841,64.95,6.32,0.146,2.829,39.75,754.65,Medium
1519,C-scan (Pristine with Holes),Pristine,None,4,0.681,0.023,9.45,0.459,0.761,0.898,107.95,12.23,0.024,0.244,53.13,791.74,High
1520,Thermograph,Mixed,None,3,0.579,0.025,13.36,0.324,0.839,0.581,92.04,1.58,0.11,3.35,59.72,373.66,Medium
1521,C-scan (Pristine with Holes),Pristine,None,5,0.646,0.074,36.73,0.434,0.275,0.695,34.33,2.13,0.045,0.219,43.56,701.23,Medium
1522,Thermograph,Mixed,None,2,0.548,0.033,19.46,0.222,0.645,0.564,62.91,2.5,0.076,3.435,50.38,709.67,High
1523,C-scan (Pristine with Holes),Pristine,None,6,0.607,0.015,15.13,0.297,0.593,0.565,91.63,1.36,0.013,0.134,25.73,774.62,Low
1524,C-scan (BVID with Holes),Damaged,BVID,6,0.455,0.028,3.54,0.46,0.212,0.74,85.93,9.11,0.126,4.62,48.18,628.26,Medium
1525,C-scan (Pristine with Holes),Pristine,None,4,0.494,0.046,52.23,0.179,0.672,0.703,115.97,1.47,0.043,0.238,44.54,728.57,Medium
1526,C-scan (Pristine with Holes),Pristine,None,2,0.689,0.021,15.69,0.852,0.576,0.315,83.53,4.32,0.017,0.241,36.57,835.81,Medium
1527,Thermograph,Mixed,None,2,0.679,0.052,60.4,0.964,0.634,0.471,104.13,6.61,0.049,1.667,29.74,732.24,Low
1528,C-scan (Pristine with Holes),Pristine,None,3,0.66,0.025,75.18,0.353,0.21,0.414,59.93,6.98,0.04,0.464,39.82,812.11,Medium
1529,C-scan (BVID with Holes),Damaged,BVID,6,0.588,0.022,86.35,0.96,0.17,0.649,33.53,14.0,0.126,2.205,42.92,652.78,Medium
1530,C-scan (BVID with Holes),Damaged,BVID,6,0.662,0.038,48.57,0.84,0.236,0.303,102.11,10.98,0.09,2.679,54.72,388.05,Medium
1531,C-scan (BVID with Holes),Damaged,BVID,2,0.62,0.019,27.29,0.825,0.508,0.373,31.12,1.49,0.138,2.636,29.43,355.11,Low
1532,C-scan (BVID with Holes),Damaged,BVID,4,0.486,0.045,48.75,0.583,0.349,0.264,76.5,14.03,0.153,2.274,40.51,791.15,Medium
1533,Thermograph,Mixed,Thermal Anomaly,2,0.555,0.042,13.58,0.623,0.294,0.385,105.94,1.02,0.056,2.635,29.11,828.77,Low
1534,Thermograph,Mixed,None,6,0.698,0.039,57.99,0.934,0.379,0.246,94.89,0.85,0.053,1.925,27.81,540.41,Low
1535,C-scan (BVID with Holes),Damaged,BVID,4,0.479,0.015,78.61,0.671,0.227,0.521,31.97,11.07,0.161,4.251,54.93,572.54,Medium
1536,C-scan (BVID with Holes),Damaged,BVID,5,0.591,0.066,3.01,0.815,0.984,0.828,54.54,0.62,0.176,2.037,59.52,791.02,Medium
1537,Thermograph,Mixed,None,3,0.652,0.067,59.0,0.22,0.376,0.735,36.03,7.11,0.101,2.006,31.26,754.94,Medium
1538,C-scan (BVID with Holes),Damaged,BVID,4,0.563,0.056,11.16,0.96,0.338,0.626,70.12,9.2,0.192,1.02,41.61,398.29,Medium
1539,C-scan (Pristine with Holes),Pristine,None,6,0.546,0.067,53.5,0.131,0.245,0.74,36.19,4.56,0.025,0.416,35.31,415.95,Medium
1540,Thermograph,Mixed,Thermal Anomaly,3,0.552,0.071,40.61,0.526,0.131,0.838,66.36,11.95,0.068,1.772,31.7,735.65,Medium
1541,C-scan (BVID with Holes),Damaged,BVID,5,0.476,0.034,78.94,0.31,0.643,0.765,58.35,5.4,0.171,3.518,27.11,850.86,Low
1542,Thermograph,Mixed,Thermal Anomaly,2,0.651,0.039,79.93,0.496,0.764,0.893,38.66,9.6,0.127,3.064,31.46,707.97,Medium
1543,C-scan (Pristine with Holes),Pristine,None,6,0.666,0.01,5.02,0.675,0.763,0.487,97.32,9.07,0.047,0.131,31.56,513.4,Medium
1544,Thermograph,Mixed,None,2,0.492,0.067,3.76,0.337,0.273,0.428,64.28,10.03,0.051,0.611,47.69,383.13,High
1545,C-scan (Pristine with Holes),Pristine,None,3,0.656,0.035,10.5,0.622,0.286,0.684,37.65,1.78,0.03,0.114,37.47,479.84,Medium
1546,Thermograph,Mixed,Thermal Anomaly,5,0.463,0.059,28.28,0.434,0.423,0.614,86.72,11.52,0.08,3.358,32.31,772.11,Medium
1547,C-scan (BVID with Holes),Damaged,BVID,3,0.492,0.032,79.49,0.65,0.984,0.281,26.24,11.98,0.104,2.617,55.8,540.65,Medium
1548,Thermograph,Mixed,Thermal Anomaly,2,0.606,0.051,87.74,0.826,0.249,0.813,50.54,1.76,0.139,1.804,50.9,682.22,Medium
1549,C-scan (BVID with Holes),Damaged,BVID,2,0.664,0.077,49.98,0.823,0.111,0.696,93.53,7.63,0.135,2.595,53.15,782.52,Medium
1550,C-scan (Pristine with Holes),Pristine,None,4,0.493,0.055,51.87,0.299,0.85,0.579,105.98,8.44,0.016,0.393,58.01,592.86,High
1551,C-scan (Pristine with Holes),Pristine,None,3,0.596,0.041,59.41,0.696,0.706,0.203,83.17,4.6,0.039,0.768,48.42,799.15,High
1552,Thermograph,Mixed,Thermal Anomaly,5,0.675,0.07,14.65,0.488,0.654,0.657,27.86,1.62,0.033,3.183,49.8,767.55,High
1553,C-scan (Pristine with Holes),Pristine,None,6,0.699,0.052,34.97,0.643,0.51,0.365,46.46,5.33,0.024,0.284,28.05,700.87,Low
1554,Thermograph,Mixed,Thermal Anomaly,2,0.506,0.058,76.14,0.427,0.872,0.631,49.7,7.71,0.045,3.186,51.8,573.44,High
1555,Thermograph,Mixed,None,4,0.634,0.074,9.09,0.841,0.791,0.799,73.39,2.65,0.035,0.524,58.95,686.12,High
1556,C-scan (Pristine with Holes),Pristine,None,2,0.477,0.064,67.66,0.216,0.249,0.699,85.47,11.93,0.012,0.833,50.67,848.24,High
1557,C-scan (Pristine with Holes),Pristine,None,5,0.499,0.046,24.56,0.859,0.881,0.663,105.58,2.78,0.027,0.996,56.88,411.82,High
1558,C-scan (Pristine with Holes),Pristine,None,6,0.592,0.019,46.99,0.844,0.409,0.472,37.53,8.09,0.019,0.435,22.45,707.15,Low
1559,C-scan (Pristine with Holes),Pristine,None,4,0.585,0.039,1.25,0.995,0.109,0.434,102.88,3.73,0.023,0.806,33.3,867.84,Medium
1560,Thermograph,Mixed,Thermal Anomaly,2,0.551,0.046,5.17,0.653,0.165,0.856,47.35,10.3,0.111,2.135,58.29,486.79,Medium
1561,C-scan (BVID with Holes),Damaged,BVID,2,0.634,0.036,40.13,0.259,0.437,0.553,70.67,10.51,0.146,1.26,37.6,821.09,Medium
1562,Thermograph,Mixed,None,4,0.536,0.027,19.03,0.165,0.95,0.82,72.35,4.73,0.127,2.72,52.22,669.76,Medium
1563,C-scan (Pristine with Holes),Pristine,None,5,0.512,0.031,47.63,0.966,0.383,0.39,101.31,8.07,0.027,0.223,53.93,834.5,High
1564,Thermograph,Mixed,None,3,0.691,0.064,12.23,0.369,0.86,0.827,69.93,2.41,0.04,1.594,45.19,585.25,High
1565,Thermograph,Mixed,None,2,0.587,0.071,82.38,0.761,0.414,0.3,81.99,8.9,0.058,2.293,57.45,640.92,High
1566,C-scan (Pristine with Holes),Pristine,None,4,0.458,0.035,79.11,0.837,0.319,0.427,76.52,9.2,0.011,0.819,53.02,539.45,High
1567,Thermograph,Mixed,Thermal Anomaly,6,0.68,0.011,44.5,0.539,0.984,0.226,71.89,5.71,0.1,2.41,26.03,379.85,Low
1568,C-scan (Pristine with Holes),Pristine,None,5,0.691,0.05,31.39,0.142,0.827,0.674,53.72,8.61,0.046,0.895,33.5,607.08,Medium
1569,C-scan (BVID with Holes),Damaged,BVID,6,0.522,0.027,36.54,0.704,0.831,0.224,36.25,9.77,0.087,1.066,53.04,782.4,Medium
1570,C-scan (BVID with Holes),Damaged,BVID,2,0.611,0.039,79.64,0.751,0.142,0.431,31.68,1.3,0.149,3.927,43.26,565.9,Medium
1571,Thermograph,Mixed,None,2,0.571,0.033,14.11,0.982,0.964,0.326,102.41,8.75,0.051,0.585,41.09,625.9,Medium
1572,C-scan (BVID with Holes),Damaged,BVID,6,0.683,0.063,56.73,0.547,0.246,0.757,60.57,14.01,0.09,4.689,25.35,543.78,Low
1573,C-scan (BVID with Holes),Damaged,BVID,3,0.67,0.015,38.75,0.228,0.791,0.681,96.36,10.74,0.09,1.348,20.65,847.4,Low
1574,C-scan (Pristine with Holes),Pristine,None,5,0.484,0.035,45.83,0.907,0.3,0.634,67.37,9.0,0.013,0.959,39.53,509.51,Medium
1575,Thermograph,Mixed,None,4,0.505,0.013,77.01,0.18,0.573,0.652,55.11,10.5,0.054,1.72,26.87,776.45,Low
1576,C-scan (BVID with Holes),Damaged,BVID,3,0.487,0.021,28.14,0.301,0.878,0.723,42.08,12.85,0.153,2.28,42.96,712.81,Medium
1577,C-scan (Pristine with Holes),Pristine,None,5,0.615,0.042,41.48,0.233,0.456,0.256,109.08,10.02,0.046,0.269,40.18,882.18,Medium
1578,Thermograph,Mixed,None,6,0.693,0.024,39.07,0.514,0.512,0.63,61.37,14.21,0.053,1.037,58.71,643.17,High
1579,C-scan (Pristine with Holes),Pristine,None,4,0.606,0.033,9.38,0.479,0.412,0.835,68.87,2.02,0.022,0.87,48.25,782.6,High
1580,C-scan (Pristine with Holes),Pristine,None,2,0.531,0.027,7.99,0.186,0.52,0.671,72.92,9.16,0.013,0.387,49.65,767.19,High
1581,C-scan (BVID with Holes),Damaged,BVID,2,0.483,0.019,72.58,0.64,0.355,0.531,105.86,11.86,0.139,1.718,56.01,527.47,Medium
1582,Thermograph,Mixed,None,2,0.604,0.064,3.36,0.227,0.399,0.892,87.23,7.72,0.105,1.004,29.88,777.42,Low
1583,Thermograph,Mixed,Thermal Anomaly,6,0.545,0.059,78.57,0.699,0.807,0.351,30.01,6.48,0.094,2.96,44.4,367.43,Medium
1584,Thermograph,Mixed,Thermal Anomaly,6,0.661,0.017,78.45,0.16,0.959,0.405,56.04,5.92,0.128,2.963,53.82,519.43,Medium
1585,C-scan (BVID with Holes),Damaged,BVID,4,0.605,0.029,47.74,0.78,0.135,0.598,36.42,11.03,0.162,4.83,40.31,743.32,Medium
1586,C-scan (Pristine with Holes),Pristine,None,2,0.666,0.071,40.98,0.65,0.971,0.665,96.88,5.52,0.04,0.177,20.6,778.97,Low
1587,C-scan (BVID with Holes),Damaged,BVID,5,0.597,0.065,51.08,0.887,0.96,0.5,71.63,5.9,0.146,2.975,36.45,873.38,Medium
1588,Thermograph,Mixed,Thermal Anomaly,6,0.605,0.062,75.98,0.201,0.484,0.736,27.29,9.22,0.056,1.441,49.52,851.13,High
1589,C-scan (BVID with Holes),Damaged,BVID,6,0.521,0.012,37.42,0.22,0.974,0.385,74.65,12.42,0.096,1.414,43.52,804.17,Medium
1590,Thermograph,Mixed,Thermal Anomaly,4,0.579,0.07,30.11,0.577,0.729,0.566,89.44,4.02,0.051,2.636,47.4,830.01,High
1591,Thermograph,Mixed,None,4,0.647,0.02,50.29,0.862,0.677,0.326,29.72,8.4,0.064,2.402,30.77,717.41,Medium
1592,C-scan (BVID with Holes),Damaged,BVID,6,0.697,0.062,48.75,0.907,0.413,0.662,103.36,12.23,0.125,3.28,40.52,869.28,Medium
1593,C-scan (BVID with Holes),Damaged,BVID,2,0.549,0.018,11.2,0.178,0.961,0.848,44.76,12.87,0.114,1.584,26.57,630.78,Low
1594,Thermograph,Mixed,None,2,0.691,0.052,25.94,0.549,0.56,0.752,87.06,4.24,0.121,2.537,30.56,457.26,Medium
1595,C-scan (Pristine with Holes),Pristine,None,5,0.461,0.056,34.46,0.464,0.693,0.304,53.52,1.49,0.014,0.307,52.62,666.24,High
1596,C-scan (Pristine with Holes),Pristine,None,2,0.589,0.057,77.97,0.326,0.248,0.518,85.06,4.0,0.036,0.201,24.46,884.61,Low
1597,Thermograph,Mixed,Thermal Anomaly,4,0.663,0.017,39.17,0.786,0.718,0.596,38.06,5.65,0.073,1.64,53.1,593.73,High
1598,C-scan (Pristine with Holes),Pristine,None,6,0.499,0.014,65.97,0.774,0.427,0.727,66.22,12.03,0.014,0.373,24.27,547.3,Low
1599,C-scan (BVID with Holes),Damaged,BVID,5,0.542,0.047,54.27,0.264,0.721,0.778,109.57,6.39,0.132,3.065,41.66,426.64,Medium
1600,C-scan (Pristine with Holes),Pristine,None,4,0.592,0.078,84.94,0.598,0.361,0.461,28.55,4.3,0.047,0.956,29.3,798.67,Low
1601,C-scan (Pristine with Holes),Pristine,None,2,0.531,0.049,87.97,0.108,0.484,0.682,76.68,7.15,0.025,0.468,34.52,436.0,Medium
1602,C-scan (BVID with Holes),Damaged,BVID,6,0.679,0.027,49.72,0.172,0.619,0.498,38.76,2.68,0.145,3.437,29.67,814.71,Low
1603,C-scan (BVID with Holes),Damaged,BVID,5,0.582,0.018,41.5,0.891,0.857,0.621,54.41,6.13,0.177,3.991,50.81,778.39,Medium
1604,C-scan (BVID with Holes),Damaged,BVID,2,0.694,0.056,57.65,0.131,0.517,0.555,91.16,6.72,0.183,4.483,42.93,470.88,Medium
1605,Thermograph,Mixed,None,3,0.525,0.036,14.24,0.283,0.659,0.439,32.27,12.41,0.046,0.965,49.28,381.75,High
1606,Thermograph,Mixed,None,5,0.661,0.075,52.41,0.998,0.44,0.604,54.24,6.3,0.1,1.126,34.41,580.34,Medium
1607,C-scan (BVID with Holes),Damaged,BVID,5,0.659,0.057,52.22,0.465,0.455,0.537,50.98,9.13,0.18,2.431,28.95,512.97,Low
1608,Thermograph,Mixed,Thermal Anomaly,2,0.697,0.056,58.66,0.831,0.559,0.236,48.53,10.2,0.11,1.398,31.73,490.86,Medium
1609,C-scan (Pristine with Holes),Pristine,None,5,0.494,0.076,16.32,0.252,0.683,0.717,27.51,7.24,0.045,0.157,43.99,831.9,Medium
1610,Thermograph,Mixed,None,6,0.55,0.067,56.1,0.769,0.214,0.501,30.75,4.74,0.099,0.772,54.59,518.23,Medium
1611,C-scan (Pristine with Holes),Pristine,None,3,0.609,0.024,73.36,0.962,0.2,0.844,53.59,9.16,0.041,0.338,29.97,377.11,Low
1612,Thermograph,Mixed,None,2,0.642,0.031,34.21,0.265,0.332,0.448,37.87,0.95,0.132,2.745,48.13,433.11,Medium
1613,C-scan (Pristine with Holes),Pristine,None,3,0.454,0.055,77.06,0.697,0.161,0.503,70.69,10.27,0.034,0.766,33.26,666.04,Medium
1614,C-scan (BVID with Holes),Damaged,BVID,2,0.687,0.038,3.38,0.209,0.452,0.406,97.61,6.22,0.11,4.108,56.7,591.65,Medium
1615,Thermograph,Mixed,None,3,0.488,0.031,55.66,0.895,0.952,0.792,106.95,5.75,0.139,1.403,41.25,651.71,Medium
1616,Thermograph,Mixed,None,5,0.622,0.03,41.14,0.266,0.211,0.741,61.26,8.36,0.14,0.875,42.72,488.96,Medium
1617,Thermograph,Mixed,Thermal Anomaly,5,0.517,0.075,76.87,0.423,0.683,0.535,102.73,6.57,0.078,2.801,58.19,371.17,High
1618,C-scan (Pristine with Holes),Pristine,None,6,0.471,0.055,46.46,0.685,0.178,0.513,64.46,10.67,0.036,0.46,48.11,640.99,High
1619,C-scan (BVID with Holes),Damaged,BVID,2,0.696,0.045,63.28,0.142,0.808,0.714,69.73,14.18,0.19,4.89,33.58,411.82,Medium
1620,Thermograph,Mixed,Thermal Anomaly,6,0.616,0.042,15.11,0.393,0.125,0.384,87.12,0.93,0.116,2.058,52.26,379.33,Medium
1621,C-scan (BVID with Holes),Damaged,BVID,2,0.563,0.017,16.15,0.162,0.546,0.842,92.53,7.91,0.089,3.359,34.25,396.85,Medium
1622,Thermograph,Mixed,None,5,0.655,0.032,29.95,0.611,0.739,0.389,113.57,13.78,0.08,1.45,26.33,467.45,Low
1623,Thermograph,Mixed,Thermal Anomaly,6,0.572,0.022,74.97,0.2,0.617,0.266,31.92,6.32,0.077,2.797,27.77,632.07,Low
1624,Thermograph,Mixed,None,6,0.641,0.054,59.32,0.397,0.103,0.385,88.8,14.82,0.038,2.792,38.75,772.86,Medium
1625,C-scan (Pristine with Holes),Pristine,None,4,0.533,0.074,6.22,0.427,0.479,0.634,79.56,7.13,0.04,0.482,28.49,622.28,Low
1626,C-scan (BVID with Holes),Damaged,BVID,6,0.604,0.057,8.66,0.497,0.69,0.531,75.94,12.52,0.087,3.111,39.34,375.51,Medium
1627,C-scan (BVID with Holes),Damaged,BVID,4,0.602,0.015,61.49,0.461,0.539,0.454,88.76,2.65,0.088,2.956,24.14,479.02,Low
1628,C-scan (BVID with Holes),Damaged,BVID,5,0.599,0.028,58.23,0.417,0.884,0.59,66.37,6.16,0.127,4.639,31.81,807.95,Medium
1629,C-scan (BVID with Holes),Damaged,BVID,2,0.499,0.054,32.82,0.71,0.362,0.348,104.97,3.25,0.112,2.116,51.81,415.83,Medium
1630,C-scan (Pristine with Holes),Pristine,None,5,0.549,0.026,22.15,0.539,0.579,0.775,49.4,1.67,0.02,0.985,20.59,484.37,Low
1631,Thermograph,Mixed,None,2,0.516,0.041,69.83,0.404,0.588,0.514,115.22,7.43,0.102,0.679,52.11,856.42,Medium
1632,C-scan (Pristine with Holes),Pristine,None,2,0.553,0.023,49.5,0.387,0.488,0.795,78.89,12.81,0.025,0.632,39.28,576.57,Medium
1633,Thermograph,Mixed,Thermal Anomaly,4,0.484,0.037,38.61,0.437,0.496,0.493,28.56,14.4,0.111,1.002,33.27,839.27,Medium
1634,C-scan (Pristine with Holes),Pristine,None,4,0.464,0.047,79.95,0.226,0.4,0.717,83.82,2.36,0.035,0.92,50.68,744.6,High
1635,C-scan (Pristine with Holes),Pristine,None,6,0.573,0.024,37.8,0.839,0.359,0.411,34.73,4.06,0.028,0.771,34.82,578.62,Medium
1636,C-scan (Pristine with Holes),Pristine,None,3,0.508,0.078,41.01,0.888,0.712,0.504,114.64,3.44,0.033,0.287,31.62,531.59,Medium
1637,Thermograph,Mixed,Thermal Anomaly,4,0.687,0.022,7.14,0.448,0.67,0.345,42.69,3.74,0.097,1.604,27.8,881.5,Low
1638,C-scan (BVID with Holes),Damaged,BVID,5,0.658,0.029,38.84,0.471,0.896,0.704,31.59,14.91,0.083,4.801,25.82,443.95,Low
1639,Thermograph,Mixed,Thermal Anomaly,2,0.526,0.065,46.53,0.931,0.932,0.584,56.86,4.15,0.037,1.865,55.28,580.46,High
1640,C-scan (BVID with Holes),Damaged,BVID,6,0.54,0.063,7.49,0.265,0.534,0.501,116.77,2.02,0.107,2.037,53.14,751.83,Medium
1641,C-scan (Pristine with Holes),Pristine,None,2,0.633,0.032,74.6,0.848,0.82,0.4,55.8,5.53,0.015,0.115,36.5,755.05,Medium
1642,Thermograph,Mixed,Thermal Anomaly,4,0.525,0.049,47.08,0.895,0.736,0.491,112.96,11.6,0.053,0.582,33.37,849.44,Medium
1643,C-scan (Pristine with Holes),Pristine,None,6,0.661,0.058,83.29,0.776,0.351,0.535,64.81,7.05,0.018,0.703,54.63,358.75,High
1644,C-scan (BVID with Holes),Damaged,BVID,4,0.509,0.011,71.75,0.584,0.758,0.562,42.17,11.71,0.103,1.798,23.44,437.84,Low
1645,C-scan (BVID with Holes),Damaged,BVID,5,0.561,0.051,32.15,0.327,0.266,0.477,86.51,14.21,0.118,1.581,32.23,352.01,Medium
1646,C-scan (Pristine with Holes),Pristine,None,3,0.692,0.078,42.51,0.471,0.963,0.675,44.41,2.05,0.018,0.144,52.44,486.17,High
1647,Thermograph,Mixed,Thermal Anomaly,2,0.565,0.061,17.37,0.723,0.755,0.81,43.84,11.16,0.094,2.483,29.14,850.25,Low
1648,C-scan (Pristine with Holes),Pristine,None,2,0.622,0.025,27.15,0.528,0.322,0.634,61.98,1.55,0.042,0.149,39.16,375.16,Medium
1649,C-scan (Pristine with Holes),Pristine,None,6,0.547,0.039,64.84,0.337,0.523,0.73,104.21,2.91,0.05,0.289,27.76,611.88,Low
1650,C-scan (BVID with Holes),Damaged,BVID,2,0.52,0.027,19.52,0.236,0.696,0.25,84.62,4.99,0.106,4.276,37.98,405.1,Medium
1651,C-scan (BVID with Holes),Damaged,BVID,4,0.601,0.056,3.25,0.743,0.635,0.314,49.26,7.66,0.198,3.093,53.1,629.86,Medium
1652,Thermograph,Mixed,None,3,0.554,0.044,12.74,0.995,0.927,0.208,79.96,11.73,0.139,3.468,59.87,805.68,Medium
1653,C-scan (BVID with Holes),Damaged,BVID,3,0.597,0.022,14.62,0.966,0.398,0.885,78.88,4.83,0.143,4.143,59.36,686.74,Medium
1654,C-scan (Pristine with Holes),Pristine,None,4,0.597,0.075,2.73,0.23,0.996,0.781,26.89,5.38,0.013,0.669,46.13,711.89,High
1655,C-scan (BVID with Holes),Damaged,BVID,2,0.581,0.056,7.95,0.248,0.529,0.515,88.0,10.02,0.179,1.986,38.52,490.57,Medium
1656,C-scan (BVID with Holes),Damaged,BVID,6,0.653,0.019,38.11,0.175,0.913,0.855,77.16,6.25,0.111,4.075,59.56,707.91,Medium
1657,C-scan (Pristine with Holes),Pristine,None,5,0.459,0.057,3.39,0.622,0.227,0.227,99.21,5.9,0.022,0.46,43.34,406.92,Medium
1658,Thermograph,Mixed,Thermal Anomaly,3,0.519,0.04,64.93,0.802,0.761,0.616,29.62,11.51,0.11,0.784,42.2,891.43,Medium
1659,C-scan (Pristine with Holes),Pristine,None,3,0.631,0.031,79.83,0.196,0.588,0.598,52.05,13.75,0.018,0.224,30.66,539.76,Medium
1660,C-scan (BVID with Holes),Damaged,BVID,6,0.477,0.045,71.38,0.195,0.629,0.807,51.23,8.17,0.146,3.528,39.83,541.61,Medium
1661,C-scan (BVID with Holes),Damaged,BVID,5,0.606,0.064,5.86,0.527,0.791,0.833,98.17,9.52,0.16,2.61,54.13,416.55,Medium
1662,Thermograph,Mixed,Thermal Anomaly,3,0.519,0.042,40.31,0.976,0.455,0.204,36.05,5.64,0.103,3.153,31.88,486.08,Medium
1663,C-scan (Pristine with Holes),Pristine,None,3,0.542,0.039,46.09,0.812,0.161,0.761,40.31,8.19,0.024,0.278,21.23,604.89,Low
1664,C-scan (BVID with Holes),Damaged,BVID,5,0.587,0.068,71.83,0.287,0.991,0.868,65.09,5.39,0.113,4.551,54.79,633.2,Medium
1665,C-scan (Pristine with Holes),Pristine,None,4,0.565,0.036,78.27,0.236,0.95,0.557,30.94,13.24,0.028,0.316,41.27,834.93,Medium
1666,C-scan (Pristine with Holes),Pristine,None,3,0.462,0.012,5.78,0.642,0.719,0.389,113.46,12.91,0.022,0.957,48.14,699.01,High
1667,Thermograph,Mixed,None,6,0.519,0.054,41.91,0.334,0.511,0.214,53.37,0.78,0.144,2.387,50.32,772.25,Medium
1668,C-scan (BVID with Holes),Damaged,BVID,3,0.62,0.075,29.77,0.939,0.675,0.795,116.29,6.63,0.121,2.333,58.72,553.08,Medium
1669,C-scan (Pristine with Holes),Pristine,None,5,0.508,0.018,47.82,0.126,0.708,0.411,111.09,6.32,0.015,0.442,29.3,731.87,Low
1670,C-scan (Pristine with Holes),Pristine,None,6,0.578,0.032,23.64,0.4,0.749,0.235,59.05,6.26,0.017,0.442,30.12,416.75,Medium
1671,C-scan (Pristine with Holes),Pristine,None,2,0.536,0.043,25.44,0.797,0.522,0.771,49.11,9.54,0.036,0.916,40.74,650.33,Medium
1672,C-scan (Pristine with Holes),Pristine,None,3,0.456,0.056,15.87,0.286,0.896,0.627,64.44,5.41,0.025,0.455,37.97,868.61,Medium
1673,Thermograph,Mixed,None,6,0.64,0.038,33.44,0.194,0.647,0.504,111.83,0.55,0.139,2.92,27.95,514.96,Low
1674,C-scan (Pristine with Holes),Pristine,None,6,0.61,0.052,19.18,0.178,0.94,0.252,84.04,3.3,0.038,0.882,49.4,397.29,High
1675,Thermograph,Mixed,None,2,0.508,0.067,34.49,0.991,0.592,0.628,46.14,11.89,0.126,1.351,49.55,505.22,Medium
1676,Thermograph,Mixed,Thermal Anomaly,3,0.651,0.061,8.12,0.211,0.383,0.688,75.16,3.74,0.099,0.508,55.63,662.58,Medium
1677,C-scan (BVID with Holes),Damaged,BVID,6,0.487,0.026,8.94,0.841,0.152,0.594,84.6,6.15,0.096,1.944,46.93,843.54,Medium
1678,C-scan (Pristine with Holes),Pristine,None,2,0.519,0.053,35.54,0.694,0.43,0.239,99.1,14.56,0.011,0.638,22.51,763.06,Low
1679,Thermograph,Mixed,None,5,0.63,0.033,12.05,0.155,0.407,0.669,88.04,10.45,0.141,1.763,47.22,389.26,Medium
1680,Thermograph,Mixed,Thermal Anomaly,6,0.477,0.06,82.15,0.636,0.555,0.559,64.38,9.31,0.063,0.642,44.0,444.54,Medium
1681,Thermograph,Mixed,None,5,0.697,0.06,69.61,0.908,0.854,0.77,116.53,6.18,0.147,2.25,26.1,444.27,Low
1682,C-scan (BVID with Holes),Damaged,BVID,6,0.575,0.067,83.91,0.181,0.916,0.268,37.49,4.27,0.15,3.605,28.93,452.68,Low
1683,C-scan (Pristine with Holes),Pristine,None,6,0.6,0.057,52.24,0.263,0.396,0.878,78.54,7.31,0.016,0.368,43.3,536.34,Medium
1684,Thermograph,Mixed,None,4,0.629,0.03,11.46,0.679,0.172,0.676,105.11,9.81,0.065,3.467,23.8,830.27,Low
1685,C-scan (Pristine with Holes),Pristine,None,6,0.62,0.016,58.79,0.962,0.502,0.32,64.7,0.99,0.02,0.801,42.18,768.52,Medium
1686,C-scan (BVID with Holes),Damaged,BVID,6,0.595,0.078,30.81,0.535,0.231,0.673,87.89,12.24,0.151,4.813,25.5,367.21,Low
1687,Thermograph,Mixed,Thermal Anomaly,4,0.6,0.047,5.98,0.191,0.894,0.339,48.65,4.29,0.149,0.67,47.72,480.91,Medium
1688,C-scan (BVID with Holes),Damaged,BVID,5,0.659,0.061,42.67,0.613,0.224,0.731,29.32,0.76,0.196,4.808,49.85,776.44,Medium
1689,C-scan (Pristine with Holes),Pristine,None,3,0.561,0.037,55.12,0.103,0.1,0.538,48.47,2.73,0.02,0.437,49.24,893.41,High
1690,C-scan (Pristine with Holes),Pristine,None,2,0.525,0.022,69.73,0.456,0.642,0.315,58.54,10.71,0.023,0.382,53.25,458.59,High
1691,Thermograph,Mixed,Thermal Anomaly,6,0.668,0.051,40.02,0.983,0.395,0.358,43.24,11.18,0.129,2.645,40.81,724.93,Medium
1692,Thermograph,Mixed,None,6,0.495,0.075,83.1,0.143,0.843,0.887,74.37,13.98,0.103,3.338,59.7,846.88,Medium
1693,C-scan (Pristine with Holes),Pristine,None,4,0.612,0.049,7.01,0.652,0.783,0.459,39.77,9.81,0.016,0.414,55.07,470.25,High
1694,C-scan (BVID with Holes),Damaged,BVID,5,0.51,0.067,24.47,0.908,0.816,0.812,110.48,1.98,0.128,3.79,20.89,609.36,Low
1695,Thermograph,Mixed,Thermal Anomaly,5,0.588,0.028,38.76,0.428,0.474,0.459,100.29,11.55,0.109,1.848,45.19,758.03,Medium
1696,Thermograph,Mixed,None,4,0.632,0.058,70.82,0.185,0.217,0.533,109.03,10.0,0.052,3.253,22.11,622.49,Low
1697,Thermograph,Mixed,Thermal Anomaly,3,0.471,0.018,78.5,0.194,0.896,0.783,52.2,11.75,0.038,1.003,40.52,681.19,Medium
1698,Thermograph,Mixed,None,5,0.581,0.018,25.86,0.541,0.585,0.221,33.23,12.76,0.043,3.254,38.53,683.25,Medium
1699,C-scan (BVID with Holes),Damaged,BVID,4,0.481,0.072,52.81,0.461,0.881,0.251,26.83,0.76,0.084,1.024,46.08,866.6,Medium
1700,Thermograph,Mixed,None,2,0.669,0.03,30.85,0.723,0.368,0.316,101.51,0.86,0.03,2.33,56.28,816.93,High
1701,Thermograph,Mixed,Thermal Anomaly,2,0.541,0.016,44.62,0.13,0.491,0.884,81.15,13.37,0.043,2.284,32.32,697.2,Medium
1702,Thermograph,Mixed,Thermal Anomaly,2,0.458,0.037,65.9,0.636,0.658,0.634,34.12,4.35,0.122,3.486,39.22,869.42,Medium
1703,Thermograph,Mixed,Thermal Anomaly,3,0.556,0.045,1.48,0.63,0.227,0.736,114.92,7.0,0.056,0.567,24.99,788.45,Low
1704,Thermograph,Mixed,None,5,0.556,0.063,51.73,0.462,0.984,0.296,40.01,5.61,0.093,2.43,42.6,753.28,Medium
1705,C-scan (BVID with Holes),Damaged,BVID,2,0.466,0.067,7.78,0.616,0.583,0.472,75.88,13.78,0.125,3.463,50.68,899.94,Medium
1706,C-scan (BVID with Holes),Damaged,BVID,4,0.695,0.064,26.99,0.879,0.343,0.355,89.13,3.49,0.182,3.406,26.19,722.27,Low
1707,C-scan (BVID with Holes),Damaged,BVID,5,0.451,0.052,19.02,0.245,0.995,0.79,33.02,13.45,0.096,3.803,48.83,587.04,Medium
1708,Thermograph,Mixed,Thermal Anomaly,5,0.621,0.041,2.56,0.874,0.48,0.801,62.29,8.98,0.03,0.987,48.09,387.22,High
1709,Thermograph,Mixed,None,5,0.664,0.02,36.26,0.843,0.424,0.322,88.46,13.17,0.059,3.125,48.07,626.05,High
1710,Thermograph,Mixed,None,5,0.659,0.08,41.41,0.998,0.637,0.384,102.74,4.05,0.045,3.4,45.45,759.23,High
1711,C-scan (BVID with Holes),Damaged,BVID,2,0.65,0.038,84.16,0.608,0.438,0.538,91.18,2.83,0.133,4.878,24.17,726.56,Low
1712,C-scan (BVID with Holes),Damaged,BVID,2,0.505,0.031,31.67,0.189,0.692,0.75,47.68,7.66,0.096,1.284,52.57,823.8,Medium
1713,C-scan (Pristine with Holes),Pristine,None,2,0.594,0.06,34.77,0.936,0.731,0.446,55.23,5.87,0.038,0.463,23.21,714.76,Low
1714,Thermograph,Mixed,Thermal Anomaly,3,0.663,0.011,44.15,0.869,0.187,0.384,81.66,1.78,0.034,0.692,40.06,375.28,Medium
1715,C-scan (Pristine with Holes),Pristine,None,4,0.541,0.054,3.19,0.959,0.26,0.247,87.94,1.81,0.017,0.531,22.61,845.36,Low
1716,C-scan (BVID with Holes),Damaged,BVID,4,0.485,0.037,57.38,0.216,0.808,0.44,85.59,6.84,0.192,2.413,50.07,768.49,Medium
1717,Thermograph,Mixed,None,2,0.636,0.033,38.79,0.928,0.708,0.495,26.84,5.85,0.076,3.357,42.23,852.64,Medium
1718,Thermograph,Mixed,Thermal Anomaly,2,0.472,0.054,68.13,0.452,0.868,0.575,37.97,4.48,0.092,2.593,35.0,506.96,Medium
1719,Thermograph,Mixed,None,5,0.614,0.069,22.62,0.329,0.622,0.589,36.58,4.0,0.082,1.958,35.28,364.03,Medium
1720,C-scan (Pristine with Holes),Pristine,None,6,0.502,0.059,57.46,0.118,0.373,0.498,32.65,12.39,0.025,0.813,21.21,407.68,Low
1721,C-scan (BVID with Holes),Damaged,BVID,4,0.683,0.069,11.51,0.44,0.397,0.633,27.76,1.24,0.196,2.524,30.5,522.26,Medium
1722,C-scan (BVID with Holes),Damaged,BVID,4,0.687,0.065,80.64,0.737,0.959,0.505,29.48,12.69,0.11,2.834,22.12,350.75,Low
1723,Thermograph,Mixed,Thermal Anomaly,6,0.507,0.013,21.07,0.757,0.702,0.892,93.56,2.03,0.08,2.492,58.54,674.6,Medium
1724,Thermograph,Mixed,Thermal Anomaly,2,0.633,0.043,33.04,0.221,0.69,0.457,109.36,4.1,0.046,0.616,36.39,458.01,Medium
1725,C-scan (BVID with Holes),Damaged,BVID,3,0.488,0.027,31.22,0.868,0.794,0.426,33.89,5.56,0.149,4.967,49.31,528.66,Medium
1726,C-scan (Pristine with Holes),Pristine,None,5,0.522,0.076,31.15,0.174,0.782,0.673,89.36,5.66,0.029,0.662,33.13,468.93,Medium
1727,C-scan (BVID with Holes),Damaged,BVID,3,0.473,0.076,72.78,0.193,0.296,0.513,66.85,14.13,0.111,4.202,43.74,722.93,Medium
1728,Thermograph,Mixed,None,2,0.498,0.016,12.04,0.21,0.558,0.346,28.41,3.13,0.035,2.702,41.69,500.65,Medium
1729,C-scan (BVID with Holes),Damaged,BVID,3,0.69,0.05,43.74,0.331,0.324,0.864,89.69,8.26,0.126,1.099,40.03,756.06,Medium
1730,Thermograph,Mixed,None,3,0.583,0.057,42.07,0.89,0.462,0.205,85.94,11.82,0.128,2.393,59.19,893.94,Medium
1731,C-scan (Pristine with Holes),Pristine,None,2,0.57,0.05,59.57,0.722,0.226,0.528,57.79,4.82,0.042,0.994,37.75,750.16,Medium
1732,C-scan (BVID with Holes),Damaged,BVID,2,0.575,0.068,62.08,0.689,0.285,0.464,86.97,0.55,0.199,2.581,56.87,667.72,Medium
1733,Thermograph,Mixed,Thermal Anomaly,2,0.631,0.06,86.31,0.891,0.658,0.695,48.98,10.82,0.057,1.659,49.6,756.12,High
1734,C-scan (BVID with Holes),Damaged,BVID,6,0.548,0.02,32.86,0.907,0.388,0.842,109.02,3.21,0.097,1.766,29.08,881.71,Low
1735,Thermograph,Mixed,Thermal Anomaly,6,0.468,0.054,14.92,0.852,0.832,0.31,44.21,7.19,0.031,0.576,36.44,631.28,Medium
1736,C-scan (BVID with Holes),Damaged,BVID,5,0.614,0.019,66.92,0.279,0.581,0.644,31.86,12.36,0.178,4.541,45.9,770.82,Medium
1737,C-scan (Pristine with Holes),Pristine,None,3,0.499,0.071,30.94,0.416,0.49,0.702,34.83,11.72,0.024,0.737,59.11,715.5,High
1738,C-scan (BVID with Holes),Damaged,BVID,3,0.627,0.016,71.78,0.27,0.309,0.287,107.89,4.24,0.14,2.806,52.62,647.68,Medium
1739,Thermograph,Mixed,None,6,0.649,0.058,65.72,0.319,0.947,0.648,117.77,11.55,0.13,3.271,28.04,772.3,Low
1740,C-scan (Pristine with Holes),Pristine,None,2,0.658,0.017,87.01,0.702,0.189,0.385,92.91,2.96,0.033,0.764,34.52,741.66,Medium
1741,C-scan (BVID with Holes),Damaged,BVID,5,0.674,0.014,27.63,0.777,0.201,0.829,36.32,0.86,0.109,1.022,29.62,495.53,Low
1742,C-scan (BVID with Holes),Damaged,BVID,4,0.604,0.053,20.17,0.709,0.601,0.308,36.81,9.96,0.112,4.774,35.34,563.83,Medium
1743,C-scan (Pristine with Holes),Pristine,None,3,0.542,0.014,45.35,0.309,0.442,0.716,110.91,2.94,0.028,0.132,48.57,470.48,High
1744,Thermograph,Mixed,Thermal Anomaly,4,0.66,0.021,63.38,0.347,0.325,0.273,36.03,8.15,0.094,2.713,42.21,475.32,Medium
1745,Thermograph,Mixed,None,5,0.604,0.067,57.97,0.213,0.841,0.821,73.57,10.04,0.123,2.815,29.82,468.59,Low
1746,Thermograph,Mixed,Thermal Anomaly,4,0.605,0.013,53.13,0.228,0.931,0.87,35.39,4.9,0.091,2.166,35.35,868.62,Medium
1747,C-scan (BVID with Holes),Damaged,BVID,5,0.609,0.039,6.54,0.231,0.574,0.731,111.52,1.95,0.178,2.917,47.8,577.66,Medium
1748,C-scan (Pristine with Holes),Pristine,None,3,0.641,0.079,30.41,0.634,0.479,0.238,116.93,10.97,0.048,0.544,57.28,652.42,High
1749,C-scan (Pristine with Holes),Pristine,None,6,0.662,0.041,32.89,0.827,0.541,0.57,95.25,14.59,0.037,0.379,50.17,482.36,High
1750,Thermograph,Mixed,Thermal Anomaly,4,0.541,0.046,70.63,0.162,0.277,0.877,29.21,10.54,0.092,2.838,48.43,689.31,Medium
1751,C-scan (Pristine with Holes),Pristine,None,6,0.496,0.072,48.39,0.573,0.948,0.831,55.4,14.64,0.04,0.796,54.81,888.28,High
1752,C-scan (Pristine with Holes),Pristine,None,2,0.64,0.042,72.1,0.372,0.512,0.303,66.62,3.49,0.042,0.761,22.94,779.44,Low
1753,C-scan (Pristine with Holes),Pristine,None,2,0.501,0.036,28.0,0.187,0.22,0.762,79.75,13.83,0.026,0.786,46.69,676.03,High
1754,C-scan (Pristine with Holes),Pristine,None,6,0.556,0.04,76.03,0.972,0.983,0.76,44.22,3.61,0.031,0.39,39.24,500.16,Medium
1755,Thermograph,Mixed,None,6,0.614,0.019,49.18,0.241,0.421,0.516,51.09,5.55,0.073,0.714,29.17,598.98,Low
1756,Thermograph,Mixed,None,3,0.509,0.048,90.0,0.408,0.72,0.391,49.23,9.28,0.114,3.4,37.55,526.39,Medium
1757,C-scan (BVID with Holes),Damaged,BVID,3,0.69,0.043,54.69,0.173,0.571,0.685,117.05,3.63,0.117,1.128,42.55,456.15,Medium
1758,Thermograph,Mixed,None,2,0.633,0.067,68.1,0.751,0.152,0.432,33.36,11.88,0.042,1.184,51.82,603.34,High
1759,Thermograph,Mixed,None,4,0.538,0.041,58.7,0.838,0.519,0.667,82.04,8.65,0.053,2.766,34.9,527.43,Medium
1760,Thermograph,Mixed,Thermal Anomaly,3,0.488,0.065,3.48,0.696,0.693,0.349,93.59,12.52,0.094,3.499,24.01,578.29,Low
1761,C-scan (BVID with Holes),Damaged,BVID,3,0.646,0.076,6.29,0.281,0.487,0.396,105.08,11.59,0.189,1.056,39.78,667.4,Medium
1762,C-scan (Pristine with Holes),Pristine,None,3,0.655,0.053,77.53,0.595,0.787,0.778,114.41,13.36,0.031,1.0,29.99,578.68,Low
1763,C-scan (BVID with Holes),Damaged,BVID,4,0.588,0.042,52.36,0.179,0.59,0.438,64.32,11.25,0.14,3.489,24.68,483.8,Low
1764,Thermograph,Mixed,None,6,0.47,0.038,51.96,0.375,0.742,0.414,109.8,13.42,0.142,1.159,20.38,868.25,Low
1765,C-scan (Pristine with Holes),Pristine,None,5,0.574,0.077,54.26,0.696,0.948,0.739,99.69,14.2,0.034,0.811,22.66,654.79,Low
1766,Thermograph,Mixed,None,5,0.481,0.072,0.74,0.102,0.117,0.222,80.42,10.06,0.05,3.312,23.66,559.47,Low
1767,C-scan (Pristine with Holes),Pristine,None,4,0.59,0.07,35.74,0.923,0.302,0.761,78.71,3.14,0.016,0.145,22.09,530.13,Low
1768,C-scan (BVID with Holes),Damaged,BVID,3,0.653,0.06,74.85,0.14,0.703,0.848,79.4,7.84,0.163,3.633,35.4,751.47,Medium
1769,C-scan (Pristine with Holes),Pristine,None,5,0.54,0.034,25.96,0.494,0.165,0.271,115.39,8.76,0.016,0.81,42.6,394.61,Medium
1770,C-scan (BVID with Holes),Damaged,BVID,2,0.543,0.075,52.31,0.494,0.16,0.496,75.72,10.0,0.139,4.965,52.59,697.46,Medium
1771,C-scan (BVID with Holes),Damaged,BVID,2,0.551,0.068,25.26,0.711,0.225,0.892,37.77,1.26,0.088,2.803,50.43,838.84,Medium
1772,C-scan (Pristine with Holes),Pristine,None,6,0.474,0.036,88.69,0.762,0.552,0.37,87.73,13.89,0.017,0.751,58.56,650.59,High
1773,C-scan (Pristine with Holes),Pristine,None,6,0.482,0.039,5.3,0.641,0.289,0.213,32.72,0.63,0.043,0.769,32.01,723.07,Medium
1774,C-scan (BVID with Holes),Damaged,BVID,3,0.646,0.062,33.6,0.911,0.295,0.638,101.74,4.57,0.17,2.17,21.69,773.88,Low
1775,C-scan (BVID with Holes),Damaged,BVID,3,0.665,0.058,1.98,0.158,0.517,0.857,91.6,12.08,0.155,1.799,51.25,671.5,Medium
1776,C-scan (BVID with Holes),Damaged,BVID,5,0.551,0.043,57.2,0.536,0.882,0.533,44.64,13.2,0.095,3.054,56.78,359.74,Medium
1777,C-scan (BVID with Holes),Damaged,BVID,3,0.556,0.055,25.9,0.576,0.572,0.357,27.77,7.36,0.139,1.163,25.9,569.52,Low
1778,C-scan (Pristine with Holes),Pristine,None,2,0.459,0.062,42.89,0.34,0.692,0.521,102.89,0.59,0.018,0.544,31.22,791.95,Medium
1779,C-scan (Pristine with Holes),Pristine,None,3,0.518,0.04,7.17,0.473,0.791,0.414,25.3,1.74,0.027,0.846,43.92,870.3,Medium
1780,C-scan (BVID with Holes),Damaged,BVID,6,0.658,0.044,18.58,0.443,0.505,0.732,79.37,12.3,0.131,4.285,27.63,696.35,Low
1781,C-scan (Pristine with Holes),Pristine,None,6,0.577,0.026,79.46,0.513,0.123,0.271,113.05,3.5,0.026,0.167,27.67,802.19,Low
1782,C-scan (BVID with Holes),Damaged,BVID,6,0.551,0.039,35.31,0.878,0.281,0.231,97.07,10.02,0.16,1.313,27.08,867.15,Low
1783,C-scan (BVID with Holes),Damaged,BVID,5,0.622,0.04,35.46,0.134,0.725,0.337,107.77,5.2,0.096,1.27,43.56,471.47,Medium
1784,Thermograph,Mixed,None,4,0.51,0.053,63.25,0.644,0.439,0.817,91.41,7.35,0.037,1.937,34.93,529.46,Medium
1785,C-scan (Pristine with Holes),Pristine,None,4,0.535,0.011,59.32,0.715,0.436,0.302,75.14,12.16,0.041,0.547,41.24,767.3,Medium
1786,Thermograph,Mixed,Thermal Anomaly,6,0.593,0.044,7.37,0.109,0.62,0.56,65.61,9.94,0.061,0.593,31.83,836.33,Medium
1787,Thermograph,Mixed,None,3,0.498,0.02,42.86,0.691,0.488,0.617,26.42,2.64,0.123,2.024,51.5,676.65,Medium
1788,Thermograph,Mixed,Thermal Anomaly,6,0.553,0.057,10.15,0.332,0.71,0.744,27.19,10.52,0.113,1.434,28.74,732.37,Low
1789,Thermograph,Mixed,None,5,0.479,0.077,28.57,0.145,0.68,0.894,101.38,8.53,0.08,2.614,25.12,637.37,Low
1790,C-scan (Pristine with Holes),Pristine,None,4,0.665,0.026,25.35,0.889,0.822,0.505,106.53,3.72,0.023,0.824,21.66,597.36,Low
1791,C-scan (BVID with Holes),Damaged,BVID,5,0.617,0.045,72.82,0.734,0.979,0.462,75.37,5.98,0.096,4.395,45.05,669.49,Medium
1792,C-scan (BVID with Holes),Damaged,BVID,2,0.626,0.037,36.97,0.47,0.13,0.401,65.52,6.13,0.15,1.036,47.3,758.57,Medium
1793,C-scan (BVID with Holes),Damaged,BVID,2,0.687,0.027,17.32,0.736,0.938,0.648,44.17,7.96,0.171,3.833,32.53,773.73,Medium
1794,C-scan (BVID with Holes),Damaged,BVID,3,0.58,0.046,49.15,0.246,0.966,0.727,58.28,13.91,0.114,1.41,23.27,731.89,Low
1795,C-scan (Pristine with Holes),Pristine,None,4,0.64,0.054,84.65,0.995,0.311,0.291,90.39,10.11,0.049,0.208,23.4,442.65,Low
1796,Thermograph,Mixed,None,4,0.554,0.024,36.79,0.623,0.471,0.61,66.23,10.74,0.039,1.639,43.52,658.35,Medium
1797,Thermograph,Mixed,Thermal Anomaly,5,0.477,0.039,53.87,0.504,0.23,0.752,119.04,14.56,0.069,3.408,52.39,899.74,High
1798,Thermograph,Mixed,Thermal Anomaly,3,0.514,0.025,70.31,0.54,0.556,0.32,71.52,2.46,0.148,0.69,49.11,667.52,Medium
1799,C-scan (Pristine with Holes),Pristine,None,2,0.594,0.071,25.05,0.206,0.374,0.718,28.51,5.35,0.026,0.104,21.21,550.29,Low
1800,C-scan (Pristine with Holes),Pristine,None,4,0.668,0.048,49.85,0.391,0.993,0.249,85.4,7.16,0.049,0.613,59.24,673.93,High
1801,C-scan (BVID with Holes),Damaged,BVID,3,0.594,0.072,66.49,0.996,0.127,0.841,31.77,11.18,0.166,1.789,43.98,821.46,Medium
1802,C-scan (Pristine with Holes),Pristine,None,6,0.57,0.072,29.35,0.353,0.523,0.412,95.02,3.93,0.037,0.977,52.37,529.74,High
1803,C-scan (BVID with Holes),Damaged,BVID,4,0.586,0.072,32.73,0.311,0.938,0.494,70.86,8.77,0.198,2.314,53.18,748.58,Medium
1804,C-scan (BVID with Holes),Damaged,BVID,6,0.678,0.053,50.92,0.9,0.571,0.544,96.25,8.66,0.178,1.382,43.47,538.21,Medium
1805,C-scan (BVID with Holes),Damaged,BVID,5,0.454,0.043,80.73,0.422,0.464,0.208,68.39,8.79,0.145,4.054,45.62,595.0,Medium
1806,C-scan (BVID with Holes),Damaged,BVID,4,0.487,0.062,45.88,0.73,0.494,0.461,42.74,7.2,0.089,4.913,47.27,381.41,Medium
1807,C-scan (Pristine with Holes),Pristine,None,5,0.688,0.068,20.69,0.506,0.825,0.653,48.49,11.04,0.048,0.193,46.44,735.7,High
1808,C-scan (BVID with Holes),Damaged,BVID,2,0.631,0.046,52.8,0.183,0.893,0.362,45.87,8.66,0.19,2.715,56.32,685.69,Medium
1809,C-scan (Pristine with Holes),Pristine,None,6,0.658,0.047,68.48,0.896,0.952,0.329,67.38,4.42,0.015,0.296,57.06,567.06,High
1810,C-scan (BVID with Holes),Damaged,BVID,5,0.635,0.052,89.27,0.41,0.594,0.36,70.83,8.5,0.195,3.487,35.84,696.79,Medium
1811,C-scan (BVID with Holes),Damaged,BVID,3,0.585,0.074,30.12,0.993,0.807,0.35,103.46,9.31,0.093,3.792,41.61,522.13,Medium
1812,Thermograph,Mixed,None,2,0.492,0.01,48.03,0.123,0.428,0.62,95.49,9.94,0.126,1.11,54.27,595.99,Medium
1813,C-scan (BVID with Holes),Damaged,BVID,6,0.529,0.022,14.42,0.923,0.517,0.59,96.55,3.09,0.081,2.764,44.37,455.35,Medium
1814,C-scan (BVID with Holes),Damaged,BVID,4,0.62,0.025,46.83,0.377,0.866,0.24,85.59,10.35,0.122,3.888,29.67,583.0,Low
1815,C-scan (BVID with Holes),Damaged,BVID,3,0.503,0.049,82.81,0.994,0.122,0.745,105.37,9.01,0.129,1.197,58.85,466.76,Medium
1816,C-scan (BVID with Holes),Damaged,BVID,5,0.637,0.03,74.93,0.528,0.742,0.407,95.68,8.22,0.148,1.745,39.63,508.86,Medium
1817,C-scan (BVID with Holes),Damaged,BVID,4,0.697,0.071,5.18,0.918,0.605,0.576,83.21,14.35,0.142,3.103,20.48,810.06,Low
1818,C-scan (Pristine with Holes),Pristine,None,2,0.626,0.011,24.41,0.685,0.499,0.456,116.19,8.71,0.018,0.518,57.31,503.84,High
1819,C-scan (Pristine with Holes),Pristine,None,5,0.626,0.032,81.4,0.768,0.511,0.749,80.13,3.56,0.028,0.542,42.28,802.96,Medium
1820,Thermograph,Mixed,None,6,0.682,0.019,81.65,0.102,0.576,0.504,69.05,7.72,0.067,1.974,30.09,381.16,Medium
1821,C-scan (BVID with Holes),Damaged,BVID,4,0.693,0.018,62.78,0.767,0.418,0.869,84.15,1.05,0.144,2.293,26.92,694.36,Low
1822,Thermograph,Mixed,None,5,0.459,0.031,27.64,0.282,0.356,0.796,54.92,5.35,0.034,0.887,25.24,378.87,Low
1823,Thermograph,Mixed,None,2,0.473,0.033,19.04,0.77,0.554,0.753,28.96,3.37,0.068,1.772,37.45,789.25,Medium
1824,C-scan (Pristine with Holes),Pristine,None,4,0.63,0.072,36.16,0.821,0.602,0.532,112.83,10.48,0.025,0.838,23.42,569.3,Low
1825,C-scan (Pristine with Holes),Pristine,None,3,0.623,0.045,28.02,0.457,0.159,0.788,100.95,7.18,0.04,0.293,45.58,852.44,High
1826,C-scan (Pristine with Holes),Pristine,None,6,0.485,0.014,31.41,0.81,0.33,0.749,27.55,10.25,0.04,0.154,31.44,613.44,Medium
1827,C-scan (BVID with Holes),Damaged,BVID,5,0.475,0.042,66.28,0.946,0.516,0.473,47.18,12.45,0.162,1.611,50.89,752.95,Medium
1828,C-scan (BVID with Holes),Damaged,BVID,3,0.491,0.073,62.49,0.533,0.386,0.577,115.47,13.93,0.123,3.872,27.81,432.86,Low
1829,C-scan (BVID with Holes),Damaged,BVID,2,0.521,0.033,12.82,0.898,0.503,0.564,36.27,2.18,0.132,4.533,36.74,894.61,Medium
1830,C-scan (Pristine with Holes),Pristine,None,3,0.538,0.07,14.19,0.423,0.354,0.557,93.47,9.95,0.043,0.771,39.83,831.54,Medium
1831,C-scan (BVID with Holes),Damaged,BVID,2,0.656,0.035,85.24,0.762,0.492,0.389,82.03,8.57,0.088,1.577,49.25,641.74,Medium
1832,Thermograph,Mixed,None,4,0.482,0.016,6.35,0.224,0.648,0.438,104.25,1.65,0.12,3.29,40.09,654.94,Medium
1833,Thermograph,Mixed,None,5,0.474,0.062,74.01,0.601,0.552,0.509,68.15,11.27,0.143,2.16,59.12,392.72,Medium
1834,Thermograph,Mixed,Thermal Anomaly,4,0.487,0.065,36.78,0.667,0.611,0.289,119.03,4.69,0.071,1.635,56.3,795.66,High
1835,C-scan (BVID with Holes),Damaged,BVID,4,0.477,0.037,83.47,0.534,0.96,0.339,48.19,13.79,0.134,2.618,22.29,699.69,Low
1836,C-scan (Pristine with Holes),Pristine,None,4,0.611,0.058,28.3,0.821,0.343,0.323,46.69,7.78,0.034,0.95,29.02,698.11,Low
1837,Thermograph,Mixed,Thermal Anomaly,2,0.624,0.076,8.12,0.993,0.58,0.491,75.1,10.07,0.085,2.513,46.25,769.08,Medium
1838,C-scan (Pristine with Holes),Pristine,None,3,0.602,0.057,34.95,0.559,0.419,0.362,99.91,10.9,0.028,0.542,33.52,533.17,Medium
1839,C-scan (BVID with Holes),Damaged,BVID,2,0.684,0.059,0.04,0.528,0.808,0.338,55.34,11.72,0.094,4.752,56.64,837.52,Medium
1840,C-scan (Pristine with Holes),Pristine,None,4,0.526,0.024,33.05,0.762,0.371,0.531,71.37,12.71,0.012,0.937,51.86,463.49,High
1841,Thermograph,Mixed,Thermal Anomaly,5,0.451,0.028,77.57,0.651,0.518,0.324,98.05,1.92,0.09,1.991,48.38,805.06,Medium
1842,C-scan (Pristine with Holes),Pristine,None,2,0.628,0.036,39.91,0.301,0.834,0.67,110.39,4.91,0.013,0.395,30.95,542.03,Medium
1843,C-scan (BVID with Holes),Damaged,BVID,5,0.65,0.059,31.47,0.666,0.438,0.853,73.1,9.51,0.118,4.996,57.75,475.53,Medium
1844,C-scan (BVID with Holes),Damaged,BVID,2,0.646,0.052,37.96,0.205,0.774,0.721,91.39,13.07,0.148,4.065,46.34,551.23,Medium
1845,C-scan (Pristine with Holes),Pristine,None,3,0.467,0.019,13.11,0.507,0.472,0.862,109.97,4.72,0.042,0.547,40.2,898.86,Medium
1846,C-scan (BVID with Holes),Damaged,BVID,3,0.681,0.034,18.57,0.638,0.539,0.233,33.7,9.73,0.115,3.816,47.61,431.86,Medium
1847,Thermograph,Mixed,Thermal Anomaly,5,0.493,0.018,66.91,0.82,0.563,0.342,99.33,10.0,0.131,1.938,36.81,396.61,Medium
1848,Thermograph,Mixed,Thermal Anomaly,3,0.477,0.023,63.39,0.671,0.801,0.857,98.45,11.69,0.128,3.353,58.6,884.74,Medium
1849,C-scan (Pristine with Holes),Pristine,None,5,0.598,0.036,39.73,0.49,0.264,0.27,44.46,1.71,0.017,0.159,29.09,356.89,Low
1850,Thermograph,Mixed,Thermal Anomaly,5,0.583,0.062,0.12,0.764,0.525,0.722,31.14,9.72,0.121,3.478,37.78,851.54,Medium
1851,Thermograph,Mixed,None,3,0.56,0.057,52.7,0.826,0.3,0.629,90.04,1.77,0.134,2.295,32.02,488.48,Medium
1852,C-scan (BVID with Holes),Damaged,BVID,6,0.535,0.075,31.12,0.865,0.812,0.245,29.88,4.19,0.105,3.045,50.09,602.72,Medium
1853,Thermograph,Mixed,None,2,0.506,0.012,60.05,0.189,0.713,0.735,62.3,7.12,0.05,2.762,23.1,690.5,Low
1854,Thermograph,Mixed,None,2,0.461,0.012,80.37,0.189,0.641,0.401,101.94,1.49,0.039,2.843,29.53,436.85,Low
1855,C-scan (Pristine with Holes),Pristine,None,5,0.47,0.034,85.28,0.207,0.765,0.462,93.28,12.79,0.049,0.572,49.48,729.81,High
1856,C-scan (BVID with Holes),Damaged,BVID,5,0.683,0.024,31.28,0.834,0.284,0.719,95.32,13.73,0.132,3.039,48.02,471.72,Medium
1857,C-scan (Pristine with Holes),Pristine,None,2,0.659,0.077,43.85,0.674,0.506,0.429,89.6,7.22,0.031,0.875,56.82,782.38,High
1858,C-scan (Pristine with Holes),Pristine,None,5,0.506,0.038,19.06,0.342,0.172,0.241,74.38,5.12,0.043,0.363,43.68,464.4,Medium
1859,C-scan (Pristine with Holes),Pristine,None,3,0.571,0.071,87.95,0.179,0.641,0.647,86.5,8.92,0.032,0.12,35.16,629.03,Medium
1860,C-scan (BVID with Holes),Damaged,BVID,5,0.513,0.034,18.22,0.735,0.847,0.802,86.19,11.09,0.08,2.019,27.97,571.09,Low
1861,C-scan (BVID with Holes),Damaged,BVID,4,0.638,0.066,79.34,0.551,0.485,0.31,26.34,3.47,0.125,1.235,28.86,672.96,Low
1862,C-scan (Pristine with Holes),Pristine,None,2,0.532,0.053,12.18,0.347,0.222,0.79,86.46,13.13,0.014,0.702,25.44,594.26,Low
1863,C-scan (Pristine with Holes),Pristine,None,6,0.541,0.03,45.39,0.633,0.563,0.471,62.86,4.17,0.029,0.858,41.35,520.19,Medium
1864,Thermograph,Mixed,None,4,0.65,0.05,1.5,0.944,0.36,0.764,49.13,5.06,0.064,1.777,45.29,717.56,High
1865,C-scan (Pristine with Holes),Pristine,None,5,0.507,0.053,61.81,0.465,0.269,0.463,62.24,14.38,0.022,0.569,51.14,418.02,High
1866,C-scan (BVID with Holes),Damaged,BVID,6,0.604,0.075,51.15,0.205,0.571,0.281,107.23,4.65,0.191,1.868,59.72,478.42,Medium
1867,Thermograph,Mixed,Thermal Anomaly,3,0.53,0.028,87.39,0.792,0.943,0.215,54.77,1.45,0.076,3.366,42.62,527.23,Medium
1868,C-scan (BVID with Holes),Damaged,BVID,4,0.497,0.03,71.6,0.466,0.538,0.846,85.29,13.8,0.138,3.826,28.51,601.95,Low
1869,Thermograph,Mixed,None,5,0.682,0.027,1.03,0.823,0.397,0.651,38.5,7.85,0.114,2.861,22.99,797.39,Low
1870,C-scan (Pristine with Holes),Pristine,None,3,0.47,0.059,59.48,0.762,0.143,0.69,49.99,12.93,0.038,0.238,57.31,881.38,High
1871,Thermograph,Mixed,None,3,0.459,0.01,39.19,0.125,0.77,0.472,26.86,3.19,0.148,2.97,52.38,579.57,Medium
1872,Thermograph,Mixed,Thermal Anomaly,4,0.509,0.057,27.61,0.341,0.381,0.457,115.31,14.29,0.135,2.922,59.74,626.87,Medium
1873,C-scan (Pristine with Holes),Pristine,None,3,0.522,0.021,79.74,0.988,0.317,0.228,80.34,3.42,0.028,0.246,59.02,565.72,High
1874,C-scan (Pristine with Holes),Pristine,None,2,0.595,0.018,39.34,0.306,0.974,0.235,107.77,8.85,0.036,0.221,30.96,839.02,Medium
1875,C-scan (BVID with Holes),Damaged,BVID,2,0.655,0.02,32.07,0.876,0.226,0.637,28.6,3.46,0.185,4.109,58.51,462.35,Medium
1876,C-scan (Pristine with Holes),Pristine,None,6,0.493,0.02,36.02,0.372,0.622,0.757,30.51,12.71,0.021,0.972,58.58,738.58,High
1877,C-scan (Pristine with Holes),Pristine,None,6,0.662,0.06,36.6,0.604,0.27,0.286,102.52,11.39,0.012,0.553,56.52,688.46,High
1878,Thermograph,Mixed,Thermal Anomaly,5,0.467,0.041,58.84,0.613,0.142,0.886,86.72,6.07,0.133,3.349,22.82,419.66,Low
1879,C-scan (Pristine with Holes),Pristine,None,2,0.597,0.062,8.57,0.763,0.83,0.399,91.83,13.98,0.014,0.805,32.65,414.21,Medium
1880,Thermograph,Mixed,Thermal Anomaly,4,0.528,0.068,52.88,0.303,0.157,0.631,98.1,4.15,0.084,3.291,55.04,572.9,Medium
1881,Thermograph,Mixed,Thermal Anomaly,2,0.619,0.025,81.86,0.733,0.913,0.338,71.73,6.46,0.097,0.765,22.62,858.86,Low
1882,C-scan (BVID with Holes),Damaged,BVID,2,0.525,0.04,2.42,0.617,0.225,0.74,38.09,6.27,0.199,4.978,22.54,766.79,Low
1883,Thermograph,Mixed,None,2,0.672,0.079,7.73,0.501,0.635,0.274,76.7,2.71,0.072,1.734,33.15,718.84,Medium
1884,C-scan (Pristine with Holes),Pristine,None,4,0.652,0.055,49.28,0.521,0.192,0.312,74.74,12.17,0.029,0.177,59.52,704.92,High
1885,Thermograph,Mixed,Thermal Anomaly,6,0.664,0.07,53.25,0.922,0.782,0.51,39.79,13.93,0.145,1.599,42.05,751.79,Medium
1886,Thermograph,Mixed,None,3,0.484,0.075,33.78,0.291,0.858,0.376,48.92,8.36,0.137,2.518,42.83,696.16,Medium
1887,Thermograph,Mixed,Thermal Anomaly,5,0.506,0.079,51.6,0.863,0.645,0.809,97.8,11.9,0.136,2.101,39.65,892.41,Medium
1888,C-scan (BVID with Holes),Damaged,BVID,2,0.452,0.017,38.83,0.883,0.284,0.745,40.68,11.97,0.132,2.903,30.53,402.43,Medium
1889,Thermograph,Mixed,Thermal Anomaly,5,0.534,0.026,72.34,0.183,0.543,0.878,52.48,12.95,0.117,2.455,57.9,461.58,Medium
1890,C-scan (BVID with Holes),Damaged,BVID,2,0.464,0.053,83.62,0.273,0.192,0.43,41.61,12.0,0.165,4.929,44.75,667.12,Medium
1891,C-scan (BVID with Holes),Damaged,BVID,5,0.633,0.038,48.6,0.518,0.201,0.554,40.63,8.71,0.097,4.863,36.46,806.26,Medium
1892,Thermograph,Mixed,None,6,0.506,0.035,10.15,0.453,0.765,0.232,112.97,9.41,0.041,2.302,45.24,517.04,High
1893,Thermograph,Mixed,Thermal Anomaly,6,0.488,0.041,49.6,0.303,0.603,0.434,49.5,14.45,0.125,0.975,49.77,847.93,Medium
1894,C-scan (Pristine with Holes),Pristine,None,3,0.554,0.046,47.09,0.685,0.717,0.252,111.86,13.11,0.013,0.824,39.46,751.17,Medium
1895,Thermograph,Mixed,None,3,0.684,0.047,14.1,0.394,0.78,0.502,114.72,13.29,0.068,2.244,55.27,453.65,High
1896,Thermograph,Mixed,Thermal Anomaly,3,0.639,0.015,85.6,0.537,0.625,0.485,113.85,0.98,0.12,0.772,21.59,650.71,Low
1897,C-scan (BVID with Holes),Damaged,BVID,3,0.658,0.079,77.92,0.872,0.904,0.843,70.4,7.77,0.189,3.645,55.37,737.16,Medium
1898,C-scan (Pristine with Holes),Pristine,None,2,0.613,0.017,9.62,0.201,0.848,0.294,56.27,10.53,0.027,0.297,58.17,830.64,High
1899,Thermograph,Mixed,None,5,0.544,0.045,56.1,0.852,0.275,0.85,27.34,3.8,0.106,2.132,39.08,708.56,Medium
1900,C-scan (BVID with Holes),Damaged,BVID,4,0.511,0.039,55.05,0.964,0.325,0.845,77.87,13.48,0.094,4.507,26.37,512.67,Low
1901,C-scan (BVID with Holes),Damaged,BVID,2,0.501,0.047,65.73,0.14,0.458,0.556,38.4,4.21,0.176,4.676,34.08,853.21,Medium
1902,C-scan (Pristine with Holes),Pristine,None,6,0.522,0.039,20.48,0.71,0.45,0.257,31.1,9.4,0.041,0.853,58.98,556.44,High
1903,C-scan (Pristine with Holes),Pristine,None,5,0.614,0.043,44.22,0.122,0.845,0.595,76.9,5.12,0.04,0.195,54.85,385.33,High
1904,C-scan (Pristine with Holes),Pristine,None,4,0.565,0.027,37.59,0.681,0.466,0.366,61.85,9.76,0.029,0.648,52.52,774.88,High
1905,C-scan (Pristine with Holes),Pristine,None,3,0.521,0.027,28.72,0.45,0.834,0.316,54.73,5.12,0.023,0.385,27.51,375.26,Low
1906,C-scan (Pristine with Holes),Pristine,None,5,0.457,0.031,17.95,0.805,0.336,0.681,91.08,6.94,0.026,0.527,32.81,865.67,Medium
1907,Thermograph,Mixed,None,4,0.535,0.048,75.81,0.675,0.552,0.469,103.42,9.57,0.102,1.606,36.63,492.16,Medium
1908,Thermograph,Mixed,Thermal Anomaly,5,0.491,0.065,70.74,0.353,0.557,0.794,97.0,1.17,0.123,0.99,37.27,766.71,Medium
1909,Thermograph,Mixed,Thermal Anomaly,2,0.529,0.016,27.54,0.385,0.714,0.284,108.42,2.77,0.048,1.416,45.84,834.74,High
1910,C-scan (Pristine with Holes),Pristine,None,5,0.471,0.045,50.23,0.347,0.7,0.258,85.62,7.79,0.028,0.12,54.43,692.94,High
1911,C-scan (BVID with Holes),Damaged,BVID,6,0.587,0.012,4.51,0.484,0.338,0.369,101.56,12.5,0.142,1.073,58.76,670.46,Medium
1912,C-scan (Pristine with Holes),Pristine,None,2,0.677,0.053,46.89,0.544,0.967,0.402,106.98,4.24,0.015,0.742,37.19,660.4,Medium
1913,C-scan (BVID with Holes),Damaged,BVID,2,0.555,0.05,66.9,0.907,0.491,0.793,75.05,1.83,0.084,3.377,25.53,545.21,Low
1914,Thermograph,Mixed,Thermal Anomaly,4,0.504,0.076,11.94,0.742,0.84,0.537,35.26,12.66,0.08,1.889,47.5,561.26,Medium
1915,C-scan (Pristine with Holes),Pristine,None,4,0.651,0.069,45.92,0.311,0.436,0.522,112.21,14.65,0.026,0.15,23.7,720.85,Low
1916,C-scan (BVID with Holes),Damaged,BVID,6,0.53,0.035,12.82,0.914,0.644,0.66,67.22,2.24,0.196,2.713,57.93,727.9,Medium
1917,Thermograph,Mixed,Thermal Anomaly,6,0.594,0.048,30.99,0.893,0.57,0.666,103.99,3.74,0.046,3.172,42.99,731.81,Medium
1918,Thermograph,Mixed,None,6,0.582,0.074,72.77,0.14,0.767,0.832,71.26,10.23,0.138,2.632,31.72,629.66,Medium
1919,Thermograph,Mixed,None,4,0.459,0.031,80.91,0.955,0.942,0.81,41.62,1.2,0.073,1.985,47.63,642.73,High
1920,C-scan (Pristine with Holes),Pristine,None,2,0.548,0.029,27.68,0.285,0.393,0.2,89.09,10.59,0.012,0.658,40.71,570.9,Medium
1921,Thermograph,Mixed,None,6,0.664,0.05,53.89,0.325,0.156,0.45,78.76,13.17,0.04,2.503,55.01,585.72,High
1922,C-scan (Pristine with Holes),Pristine,None,2,0.69,0.052,34.84,0.869,0.728,0.611,74.21,11.56,0.034,0.273,23.54,389.83,Low
1923,C-scan (Pristine with Holes),Pristine,None,6,0.496,0.051,63.31,0.324,0.769,0.489,65.88,3.68,0.013,0.159,57.0,686.4,High
1924,C-scan (BVID with Holes),Damaged,BVID,5,0.499,0.033,9.66,0.461,0.844,0.667,57.03,14.49,0.135,1.838,30.43,361.02,Medium
1925,C-scan (Pristine with Holes),Pristine,None,2,0.51,0.015,37.8,0.243,0.634,0.75,87.25,4.2,0.042,0.143,21.43,806.4,Low
1926,C-scan (Pristine with Holes),Pristine,None,3,0.552,0.027,58.92,0.345,0.372,0.824,117.43,8.62,0.017,0.143,26.17,752.08,Low
1927,C-scan (Pristine with Holes),Pristine,None,2,0.626,0.028,49.11,0.88,0.413,0.444,71.07,4.2,0.036,0.529,26.0,354.55,Low
1928,Thermograph,Mixed,Thermal Anomaly,2,0.663,0.075,67.03,0.542,0.303,0.273,81.21,14.4,0.099,1.87,32.33,546.25,Medium
1929,Thermograph,Mixed,None,2,0.522,0.048,49.87,0.528,0.911,0.407,95.0,12.26,0.118,2.34,23.27,863.27,Low
1930,Thermograph,Mixed,None,4,0.691,0.06,75.04,0.786,0.991,0.517,119.09,1.37,0.069,1.557,58.16,699.04,High
1931,Thermograph,Mixed,None,4,0.605,0.024,69.52,0.102,0.567,0.253,97.09,13.55,0.092,2.623,51.45,871.16,Medium
1932,C-scan (BVID with Holes),Damaged,BVID,3,0.554,0.048,13.73,0.341,0.45,0.59,55.21,10.77,0.163,2.564,32.03,734.09,Medium
1933,C-scan (Pristine with Holes),Pristine,None,3,0.491,0.036,3.33,0.394,0.501,0.704,108.2,2.65,0.024,0.974,26.97,571.74,Low
1934,C-scan (Pristine with Holes),Pristine,None,5,0.525,0.015,26.9,0.735,0.256,0.727,30.75,12.51,0.031,0.954,21.48,741.96,Low
1935,Thermograph,Mixed,Thermal Anomaly,3,0.669,0.035,15.21,0.985,0.176,0.498,60.09,1.33,0.126,0.999,57.58,663.21,Medium
1936,C-scan (BVID with Holes),Damaged,BVID,2,0.607,0.014,57.95,0.926,0.987,0.558,30.76,4.75,0.178,2.67,20.38,772.46,Low
1937,C-scan (Pristine with Holes),Pristine,None,2,0.619,0.064,14.59,0.988,0.225,0.594,64.37,6.94,0.048,0.66,57.55,587.0,High
1938,C-scan (Pristine with Holes),Pristine,None,6,0.472,0.031,61.47,0.982,0.422,0.482,97.34,9.5,0.046,0.505,42.96,468.26,Medium
1939,C-scan (Pristine with Holes),Pristine,None,6,0.665,0.025,44.37,0.36,0.278,0.438,57.81,3.95,0.019,0.749,54.66,385.04,High
1940,C-scan (BVID with Holes),Damaged,BVID,5,0.677,0.03,32.26,0.44,0.122,0.536,88.6,6.24,0.146,1.164,25.38,832.88,Low
1941,Thermograph,Mixed,None,3,0.651,0.059,10.08,0.376,0.127,0.267,110.67,13.69,0.094,1.287,32.23,562.89,Medium
1942,C-scan (BVID with Holes),Damaged,BVID,5,0.604,0.068,32.36,0.446,0.578,0.261,98.53,6.34,0.174,4.717,39.93,645.28,Medium
1943,Thermograph,Mixed,Thermal Anomaly,3,0.687,0.013,69.56,0.271,0.81,0.218,115.94,11.98,0.077,3.076,43.74,691.68,Medium
1944,C-scan (BVID with Holes),Damaged,BVID,5,0.621,0.017,53.65,0.849,0.597,0.29,38.51,8.61,0.136,1.999,20.18,757.43,Low
1945,C-scan (Pristine with Holes),Pristine,None,5,0.658,0.066,11.46,0.498,0.804,0.58,53.78,1.16,0.016,0.818,21.89,633.47,Low
1946,C-scan (Pristine with Holes),Pristine,None,5,0.697,0.01,15.36,0.223,0.646,0.803,107.69,9.72,0.022,0.534,36.18,671.1,Medium
1947,C-scan (BVID with Holes),Damaged,BVID,3,0.491,0.029,80.61,0.542,0.921,0.641,50.21,12.55,0.188,2.25,23.67,856.71,Low
1948,C-scan (BVID with Holes),Damaged,BVID,4,0.507,0.04,51.68,0.401,0.161,0.593,64.15,1.26,0.123,3.219,28.33,608.45,Low
1949,C-scan (Pristine with Holes),Pristine,None,6,0.673,0.026,76.02,0.218,0.578,0.578,42.25,11.62,0.026,0.245,54.43,501.12,High
1950,C-scan (BVID with Holes),Damaged,BVID,4,0.686,0.034,25.77,0.541,0.796,0.862,108.22,8.1,0.139,2.746,48.08,756.16,Medium
1951,C-scan (BVID with Holes),Damaged,BVID,4,0.496,0.074,9.96,0.66,0.74,0.567,40.78,12.01,0.163,3.509,25.89,452.39,Low
1952,Thermograph,Mixed,Thermal Anomaly,3,0.547,0.049,24.09,0.22,0.917,0.358,75.37,5.61,0.089,1.765,39.14,642.53,Medium
1953,C-scan (BVID with Holes),Damaged,BVID,2,0.534,0.025,48.65,0.283,0.978,0.822,42.58,4.72,0.14,4.745,56.26,896.2,Medium
1954,C-scan (BVID with Holes),Damaged,BVID,5,0.596,0.066,44.97,0.785,0.42,0.775,40.77,12.06,0.142,4.329,30.86,530.14,Medium
1955,Thermograph,Mixed,Thermal Anomaly,2,0.686,0.055,52.65,0.492,0.381,0.639,43.31,10.83,0.076,3.316,39.59,638.1,Medium
1956,C-scan (Pristine with Holes),Pristine,None,6,0.631,0.019,13.15,0.291,0.49,0.72,34.68,12.87,0.042,0.71,23.86,373.29,Low
1957,C-scan (Pristine with Holes),Pristine,None,6,0.618,0.043,30.03,0.34,0.402,0.648,47.7,3.17,0.049,0.851,20.4,377.22,Low
1958,C-scan (Pristine with Holes),Pristine,None,3,0.641,0.054,8.37,0.307,0.387,0.704,94.36,1.89,0.011,0.734,53.41,776.67,High
1959,C-scan (BVID with Holes),Damaged,BVID,3,0.569,0.07,33.75,0.761,0.882,0.891,90.1,13.52,0.185,4.083,53.41,547.29,Medium
1960,C-scan (BVID with Holes),Damaged,BVID,6,0.654,0.041,64.42,0.471,0.553,0.534,114.41,13.57,0.174,1.321,32.08,756.77,Medium
1961,Thermograph,Mixed,Thermal Anomaly,6,0.454,0.049,57.76,0.229,0.187,0.615,90.35,9.17,0.093,1.081,46.94,398.74,Medium
1962,C-scan (Pristine with Holes),Pristine,None,5,0.511,0.072,58.99,0.179,0.197,0.405,42.88,9.48,0.046,0.841,55.78,755.93,High
1963,C-scan (BVID with Holes),Damaged,BVID,4,0.625,0.074,52.02,0.755,0.617,0.819,40.93,8.76,0.164,1.167,58.06,803.01,Medium
1964,Thermograph,Mixed,None,4,0.635,0.04,81.99,0.96,0.826,0.629,116.26,3.83,0.034,2.608,50.37,525.55,High
1965,C-scan (Pristine with Holes),Pristine,None,5,0.615,0.055,40.71,0.232,0.31,0.746,66.18,13.05,0.041,0.698,35.79,603.28,Medium
1966,C-scan (BVID with Holes),Damaged,BVID,2,0.501,0.044,55.43,0.514,0.726,0.299,53.1,14.71,0.086,4.396,45.68,702.34,Medium
1967,Thermograph,Mixed,Thermal Anomaly,2,0.593,0.049,83.85,0.23,0.157,0.346,108.44,3.65,0.089,2.507,42.3,441.49,Medium
1968,C-scan (BVID with Holes),Damaged,BVID,6,0.494,0.051,82.06,0.648,0.862,0.304,98.9,11.7,0.102,2.351,38.39,898.24,Medium
1969,C-scan (Pristine with Holes),Pristine,None,6,0.689,0.064,89.89,0.661,0.8,0.243,118.98,4.04,0.046,0.934,24.27,561.79,Low
1970,Thermograph,Mixed,Thermal Anomaly,5,0.47,0.02,89.07,0.783,0.236,0.75,116.21,4.11,0.094,2.541,28.34,745.39,Low
1971,C-scan (BVID with Holes),Damaged,BVID,4,0.486,0.074,35.56,0.335,0.761,0.258,88.46,13.55,0.12,3.558,41.57,622.44,Medium
1972,C-scan (Pristine with Holes),Pristine,None,5,0.536,0.036,70.77,0.605,0.254,0.399,82.8,3.44,0.035,0.184,28.85,538.26,Low
1973,Thermograph,Mixed,Thermal Anomaly,5,0.679,0.059,10.61,0.532,0.789,0.546,64.99,0.65,0.066,1.797,35.2,732.96,Medium
1974,Thermograph,Mixed,None,6,0.453,0.045,36.35,0.378,0.97,0.816,58.49,2.66,0.096,2.671,41.35,690.2,Medium
1975,C-scan (BVID with Holes),Damaged,BVID,3,0.489,0.023,62.82,0.95,0.257,0.325,105.29,6.65,0.099,1.512,26.81,422.14,Low
1976,C-scan (BVID with Holes),Damaged,BVID,4,0.483,0.021,38.56,0.299,0.322,0.332,25.26,4.06,0.156,1.704,26.05,881.44,Low
1977,Thermograph,Mixed,None,6,0.633,0.069,15.66,0.919,0.43,0.808,69.87,9.56,0.127,2.749,22.23,758.58,Low
1978,C-scan (BVID with Holes),Damaged,BVID,2,0.646,0.013,64.01,0.306,0.482,0.386,46.44,3.82,0.166,3.688,42.11,490.83,Medium
1979,Thermograph,Mixed,None,5,0.568,0.051,3.48,0.129,0.439,0.873,103.79,13.94,0.099,2.967,33.8,540.57,Medium
1980,C-scan (BVID with Holes),Damaged,BVID,6,0.654,0.069,12.14,0.113,0.357,0.53,88.84,11.14,0.141,3.066,51.46,459.41,Medium
1981,Thermograph,Mixed,None,3,0.518,0.077,78.15,0.927,0.464,0.77,65.2,6.33,0.136,2.764,38.63,655.87,Medium
1982,C-scan (Pristine with Holes),Pristine,None,2,0.69,0.058,10.96,0.721,0.806,0.801,88.81,6.9,0.038,0.696,23.3,374.24,Low
1983,C-scan (Pristine with Holes),Pristine,None,3,0.528,0.058,50.01,0.245,0.57,0.487,85.8,8.08,0.049,0.368,25.63,412.66,Low
1984,Thermograph,Mixed,None,2,0.663,0.037,14.07,0.624,0.778,0.308,42.74,8.63,0.122,0.975,30.3,722.48,Medium
1985,C-scan (BVID with Holes),Damaged,BVID,2,0.63,0.051,64.2,0.119,0.279,0.608,69.71,3.26,0.101,2.185,46.93,472.46,Medium
1986,C-scan (Pristine with Holes),Pristine,None,5,0.626,0.049,50.1,0.811,0.234,0.202,111.44,11.03,0.028,0.148,24.48,410.13,Low
1987,Thermograph,Mixed,None,2,0.562,0.05,70.27,0.338,0.316,0.58,37.01,12.76,0.148,2.267,47.08,473.24,Medium
1988,C-scan (BVID with Holes),Damaged,BVID,2,0.681,0.038,3.33,0.637,0.602,0.74,96.03,6.93,0.182,3.236,47.54,370.82,Medium
1989,C-scan (Pristine with Holes),Pristine,None,2,0.471,0.018,65.33,0.282,0.858,0.513,31.06,9.67,0.024,0.77,34.19,866.48,Medium
1990,C-scan (BVID with Holes),Damaged,BVID,6,0.513,0.018,35.36,0.249,0.681,0.522,116.92,5.71,0.199,3.975,27.42,352.71,Low
1991,C-scan (Pristine with Holes),Pristine,None,3,0.526,0.08,76.98,0.36,0.924,0.231,45.82,6.23,0.013,0.612,34.02,639.14,Medium
1992,C-scan (Pristine with Holes),Pristine,None,3,0.627,0.03,20.14,0.436,0.75,0.399,74.25,13.14,0.02,0.413,59.63,716.76,High
1993,C-scan (Pristine with Holes),Pristine,None,6,0.466,0.03,4.47,0.424,0.585,0.822,59.32,0.63,0.026,0.807,27.14,510.93,Low
1994,Thermograph,Mixed,None,6,0.606,0.021,26.16,0.455,0.234,0.636,84.27,1.14,0.133,2.275,50.5,731.26,Medium
1995,C-scan (Pristine with Holes),Pristine,None,4,0.628,0.049,57.57,0.822,0.823,0.692,86.58,3.16,0.03,0.241,50.23,801.28,High
1996,Thermograph,Mixed,Thermal Anomaly,6,0.636,0.051,31.87,0.919,0.278,0.557,50.0,8.68,0.145,2.644,20.61,469.26,Low
1997,C-scan (BVID with Holes),Damaged,BVID,5,0.691,0.04,48.1,0.102,0.269,0.337,41.69,9.91,0.131,4.771,45.28,525.21,Medium
1998,C-scan (Pristine with Holes),Pristine,None,2,0.601,0.056,52.01,0.348,0.549,0.548,30.65,3.66,0.049,0.312,42.72,631.9,Medium
1999,C-scan (BVID with Holes),Damaged,BVID,4,0.524,0.037,2.07,0.382,0.571,0.587,63.74,4.49,0.137,3.591,22.46,616.86,Low
2000,C-scan (BVID with Holes),Damaged,BVID,2,0.698,0.023,81.99,0.73,0.612,0.428,51.62,2.51,0.122,1.826,26.11,516.5,Low
2001,C-scan (BVID with Holes),Damaged,BVID,2,0.643,0.045,48.77,0.519,0.276,0.245,30.75,8.74,0.088,2.567,42.84,481.12,Medium
2002,Thermograph,Mixed,None,2,0.636,0.071,86.07,0.453,0.178,0.632,54.1,12.41,0.124,3.05,49.58,380.23,Medium
2003,C-scan (Pristine with Holes),Pristine,None,5,0.58,0.076,48.48,0.579,0.124,0.751,87.75,7.55,0.045,0.245,40.15,356.56,Medium
2004,C-scan (BVID with Holes),Damaged,BVID,3,0.604,0.039,20.1,0.125,0.172,0.293,41.71,11.63,0.112,2.674,55.56,606.7,Medium
2005,C-scan (BVID with Holes),Damaged,BVID,2,0.473,0.053,5.52,0.184,0.717,0.709,93.46,3.32,0.081,2.615,53.24,816.87,Medium
2006,Thermograph,Mixed,Thermal Anomaly,6,0.572,0.017,87.17,0.376,0.283,0.881,39.64,6.04,0.129,2.231,37.8,671.83,Medium
2007,C-scan (BVID with Holes),Damaged,BVID,4,0.535,0.064,85.33,0.576,0.44,0.79,67.88,10.58,0.135,4.976,54.53,369.17,Medium
2008,C-scan (BVID with Holes),Damaged,BVID,4,0.496,0.022,0.79,0.689,0.864,0.85,117.1,10.19,0.142,3.868,21.52,506.28,Low
2009,C-scan (Pristine with Holes),Pristine,None,6,0.662,0.014,51.89,0.223,0.139,0.839,60.28,6.69,0.035,0.25,31.04,415.53,Medium
2010,C-scan (BVID with Holes),Damaged,BVID,2,0.672,0.06,56.6,0.568,0.173,0.464,81.46,12.35,0.106,4.955,38.92,479.86,Medium
2011,Thermograph,Mixed,None,6,0.624,0.074,82.68,0.614,0.599,0.609,108.63,13.6,0.031,2.075,38.42,632.38,Medium
2012,C-scan (BVID with Holes),Damaged,BVID,6,0.563,0.021,24.52,0.938,0.105,0.539,46.18,10.62,0.16,4.716,54.27,844.36,Medium
2013,C-scan (Pristine with Holes),Pristine,None,3,0.484,0.031,83.29,0.268,0.511,0.539,94.67,4.16,0.045,0.985,53.81,519.48,High
2014,C-scan (Pristine with Holes),Pristine,None,3,0.574,0.011,20.25,0.934,0.198,0.245,97.94,11.59,0.03,0.476,21.74,599.54,Low
2015,Thermograph,Mixed,Thermal Anomaly,3,0.548,0.03,20.89,0.956,0.558,0.209,31.39,0.8,0.08,2.712,30.18,533.78,Medium
2016,C-scan (BVID with Holes),Damaged,BVID,5,0.599,0.064,66.62,0.514,0.871,0.74,75.86,3.43,0.188,1.287,56.31,377.84,Medium
2017,Thermograph,Mixed,None,5,0.649,0.078,38.0,0.683,0.961,0.2,75.8,14.95,0.105,3.181,42.96,691.56,Medium
2018,C-scan (Pristine with Holes),Pristine,None,3,0.693,0.06,32.4,0.486,0.946,0.72,66.86,2.78,0.017,0.663,57.19,531.15,High
2019,C-scan (Pristine with Holes),Pristine,None,2,0.522,0.074,45.63,0.388,0.452,0.417,56.81,9.87,0.031,0.949,36.35,478.72,Medium
2020,C-scan (BVID with Holes),Damaged,BVID,4,0.661,0.046,89.66,0.463,0.527,0.523,53.99,0.83,0.092,4.579,37.92,610.23,Medium
2021,Thermograph,Mixed,Thermal Anomaly,4,0.694,0.055,89.74,0.626,0.509,0.429,73.4,6.72,0.14,0.611,41.9,350.82,Medium
2022,C-scan (BVID with Holes),Damaged,BVID,6,0.478,0.075,85.64,0.514,0.33,0.457,98.03,14.0,0.133,1.5,55.23,466.87,Medium
2023,C-scan (Pristine with Holes),Pristine,None,5,0.48,0.04,67.93,0.453,0.609,0.887,118.02,2.55,0.019,0.773,57.46,864.24,High
2024,Thermograph,Mixed,None,3,0.687,0.043,42.68,0.535,0.3,0.241,114.62,8.82,0.103,0.752,23.87,804.93,Low
2025,C-scan (Pristine with Holes),Pristine,None,2,0.556,0.055,25.21,0.384,0.841,0.302,30.18,8.97,0.041,0.162,45.44,738.16,High
2026,C-scan (BVID with Holes),Damaged,BVID,4,0.54,0.042,43.4,0.681,0.741,0.516,29.16,5.28,0.092,1.872,21.51,872.33,Low
2027,C-scan (BVID with Holes),Damaged,BVID,2,0.458,0.017,32.11,0.913,0.899,0.819,27.14,4.45,0.136,1.387,58.53,617.3,Medium
2028,Thermograph,Mixed,Thermal Anomaly,4,0.459,0.074,54.4,0.931,0.699,0.674,93.89,12.45,0.124,1.606,42.92,482.21,Medium
2029,C-scan (Pristine with Holes),Pristine,None,2,0.659,0.033,36.01,0.97,0.162,0.466,40.98,9.28,0.022,0.475,50.97,447.6,High
2030,C-scan (BVID with Holes),Damaged,BVID,2,0.506,0.071,34.91,0.352,0.562,0.287,105.43,14.88,0.159,4.813,59.64,599.61,Medium
2031,Thermograph,Mixed,None,2,0.65,0.039,36.78,0.36,0.493,0.598,110.93,3.07,0.077,2.332,49.7,797.61,High
2032,C-scan (Pristine with Holes),Pristine,None,2,0.565,0.064,46.56,0.298,0.644,0.291,103.61,14.36,0.03,0.756,30.63,463.68,Medium
2033,C-scan (BVID with Holes),Damaged,BVID,2,0.591,0.025,53.78,0.891,0.976,0.828,42.7,0.74,0.17,1.146,25.61,464.59,Low
2034,Thermograph,Mixed,None,3,0.515,0.027,18.69,0.888,0.921,0.406,65.53,3.76,0.126,2.366,53.5,549.31,Medium
2035,C-scan (BVID with Holes),Damaged,BVID,4,0.545,0.028,1.83,0.322,0.714,0.657,47.92,14.95,0.118,1.765,26.22,848.78,Low
2036,C-scan (BVID with Holes),Damaged,BVID,3,0.455,0.015,14.37,0.44,0.67,0.308,48.78,1.33,0.12,4.503,24.47,673.86,Low
2037,C-scan (Pristine with Holes),Pristine,None,4,0.521,0.01,12.17,0.159,0.467,0.211,100.68,5.74,0.05,0.891,56.55,396.32,High
2038,C-scan (BVID with Holes),Damaged,BVID,3,0.671,0.023,2.41,0.516,0.421,0.776,85.52,6.14,0.149,1.625,59.71,752.26,Medium
2039,C-scan (Pristine with Holes),Pristine,None,5,0.482,0.069,63.94,0.958,0.216,0.385,73.72,1.15,0.03,0.855,43.96,455.0,Medium
2040,C-scan (BVID with Holes),Damaged,BVID,2,0.573,0.039,63.9,0.15,0.393,0.494,26.03,6.81,0.151,3.49,48.07,734.88,Medium
2041,Thermograph,Mixed,None,6,0.697,0.05,72.02,0.484,0.872,0.889,46.73,3.32,0.106,2.764,41.25,469.8,Medium
2042,Thermograph,Mixed,None,3,0.632,0.017,3.98,0.654,0.916,0.819,88.01,11.92,0.059,1.446,38.84,876.64,Medium
2043,C-scan (Pristine with Holes),Pristine,None,3,0.645,0.068,8.77,0.6,0.405,0.772,86.83,14.46,0.027,0.774,53.97,581.85,High
2044,C-scan (BVID with Holes),Damaged,BVID,6,0.646,0.052,41.67,0.541,0.757,0.638,81.2,11.0,0.095,2.664,29.53,522.39,Low
2045,C-scan (Pristine with Holes),Pristine,None,2,0.553,0.056,32.69,0.109,0.679,0.571,94.09,1.26,0.012,0.136,27.73,637.09,Low
2046,C-scan (BVID with Holes),Damaged,BVID,4,0.559,0.017,0.93,0.438,0.414,0.317,26.22,9.78,0.174,2.998,48.63,839.78,Medium
2047,C-scan (BVID with Holes),Damaged,BVID,3,0.673,0.011,72.75,0.231,0.126,0.414,29.83,9.34,0.138,2.09,39.46,361.49,Medium
2048,C-scan (Pristine with Holes),Pristine,None,6,0.506,0.029,48.58,0.36,0.307,0.402,85.82,1.33,0.045,0.516,37.93,450.12,Medium
2049,C-scan (Pristine with Holes),Pristine,None,2,0.497,0.032,14.71,0.538,0.694,0.773,37.89,6.06,0.041,0.221,44.33,710.36,Medium
2050,C-scan (Pristine with Holes),Pristine,None,4,0.692,0.042,68.86,0.922,0.612,0.867,95.77,2.46,0.034,0.396,27.07,758.41,Low
2051,Thermograph,Mixed,None,6,0.583,0.078,24.96,0.724,0.842,0.619,110.5,1.07,0.035,0.636,20.48,846.07,Low
2052,Thermograph,Mixed,None,5,0.652,0.054,78.47,0.846,0.736,0.781,45.94,2.86,0.139,0.89,34.2,353.78,Medium
2053,C-scan (Pristine with Holes),Pristine,None,4,0.533,0.037,88.14,0.65,0.146,0.773,36.12,9.75,0.028,0.86,25.85,786.2,Low
2054,C-scan (Pristine with Holes),Pristine,None,5,0.544,0.074,28.94,0.99,0.227,0.718,83.73,1.03,0.033,0.826,45.38,787.13,High
2055,Thermograph,Mixed,None,3,0.674,0.023,16.18,0.507,0.859,0.205,86.68,6.44,0.069,2.163,43.0,699.2,Medium
2056,C-scan (Pristine with Holes),Pristine,None,5,0.578,0.04,80.22,0.364,0.188,0.298,27.59,4.64,0.019,0.656,53.68,444.32,High
2057,C-scan (Pristine with Holes),Pristine,None,2,0.505,0.065,60.62,0.33,0.159,0.401,33.34,2.96,0.024,0.545,48.25,815.05,High
2058,Thermograph,Mixed,None,2,0.47,0.077,45.17,0.629,0.375,0.766,61.85,4.76,0.142,2.514,38.36,455.78,Medium
2059,C-scan (BVID with Holes),Damaged,BVID,5,0.699,0.061,36.31,0.409,0.304,0.333,29.74,13.0,0.122,3.462,26.17,790.24,Low
2060,C-scan (BVID with Holes),Damaged,BVID,4,0.516,0.051,70.0,0.89,0.574,0.803,112.15,13.64,0.128,4.993,53.42,465.31,Medium
2061,Thermograph,Mixed,Thermal Anomaly,3,0.587,0.032,44.58,0.276,0.949,0.832,54.48,11.06,0.077,3.078,33.52,586.29,Medium
2062,C-scan (Pristine with Holes),Pristine,None,6,0.612,0.042,52.17,0.483,0.761,0.231,70.68,12.2,0.042,0.519,28.04,640.44,Low
2063,Thermograph,Mixed,Thermal Anomaly,6,0.548,0.029,44.86,0.436,0.752,0.755,29.5,4.57,0.049,1.739,30.5,548.25,Medium
2064,C-scan (Pristine with Holes),Pristine,None,5,0.68,0.052,36.49,0.571,0.437,0.375,112.49,12.26,0.025,0.454,41.72,840.43,Medium
2065,Thermograph,Mixed,None,3,0.487,0.018,81.64,0.849,0.405,0.83,87.6,6.92,0.113,3.126,52.83,646.77,Medium
2066,C-scan (BVID with Holes),Damaged,BVID,5,0.544,0.058,66.86,0.931,0.979,0.404,119.71,6.41,0.111,4.341,23.29,836.74,Low
2067,Thermograph,Mixed,Thermal Anomaly,5,0.634,0.017,8.67,0.697,0.633,0.657,108.83,10.88,0.088,2.476,21.12,704.47,Low
2068,Thermograph,Mixed,None,5,0.562,0.052,76.18,0.544,0.872,0.415,103.16,10.31,0.123,2.426,24.99,452.17,Low
2069,C-scan (Pristine with Holes),Pristine,None,2,0.503,0.036,2.34,0.785,0.662,0.71,109.45,13.68,0.049,0.769,29.37,578.76,Low
2070,C-scan (Pristine with Holes),Pristine,None,6,0.575,0.011,80.27,0.473,0.147,0.266,65.58,2.57,0.036,0.248,26.74,687.71,Low
2071,C-scan (BVID with Holes),Damaged,BVID,6,0.586,0.065,49.86,0.503,0.663,0.679,84.69,7.85,0.093,4.623,37.71,568.21,Medium
2072,C-scan (Pristine with Holes),Pristine,None,2,0.47,0.036,76.62,0.311,0.843,0.757,55.25,9.94,0.019,0.241,28.62,444.68,Low
2073,C-scan (Pristine with Holes),Pristine,None,5,0.575,0.019,24.94,0.875,0.439,0.571,39.59,6.47,0.042,0.257,31.85,571.84,Medium
2074,C-scan (BVID with Holes),Damaged,BVID,3,0.677,0.071,71.55,0.724,0.378,0.887,79.15,6.53,0.132,3.654,21.45,585.65,Low
2075,Thermograph,Mixed,None,6,0.587,0.013,69.4,0.6,0.311,0.673,31.24,11.67,0.101,0.935,25.67,709.82,Low
2076,Thermograph,Mixed,Thermal Anomaly,6,0.69,0.046,47.88,0.795,0.638,0.557,84.73,3.2,0.039,0.964,48.26,594.67,High
2077,C-scan (BVID with Holes),Damaged,BVID,6,0.509,0.029,73.92,0.158,0.111,0.373,25.06,4.24,0.141,1.628,20.94,627.55,Low
2078,Thermograph,Mixed,Thermal Anomaly,3,0.543,0.035,30.37,0.628,0.592,0.456,108.08,9.22,0.07,1.334,27.4,680.41,Low
2079,Thermograph,Mixed,Thermal Anomaly,4,0.611,0.059,28.86,0.512,0.528,0.733,54.55,13.13,0.139,1.799,27.87,895.37,Low
2080,C-scan (Pristine with Holes),Pristine,None,3,0.571,0.069,39.74,0.194,0.604,0.49,67.68,7.99,0.027,0.667,25.66,815.28,Low
2081,Thermograph,Mixed,Thermal Anomaly,6,0.577,0.021,40.07,0.9,0.564,0.846,65.78,12.39,0.095,2.846,48.68,764.96,Medium
2082,C-scan (Pristine with Holes),Pristine,None,6,0.634,0.041,80.11,0.85,0.812,0.318,59.72,1.08,0.029,0.868,27.38,784.61,Low
2083,Thermograph,Mixed,Thermal Anomaly,3,0.543,0.036,45.08,0.109,0.778,0.879,99.54,5.0,0.143,3.06,55.85,750.18,Medium
2084,C-scan (Pristine with Holes),Pristine,None,3,0.588,0.055,76.77,0.882,0.832,0.88,94.33,4.54,0.039,0.934,33.9,723.88,Medium
2085,Thermograph,Mixed,Thermal Anomaly,6,0.484,0.015,19.85,0.977,0.632,0.701,93.53,14.16,0.149,2.034,42.15,406.88,Medium
2086,C-scan (Pristine with Holes),Pristine,None,3,0.454,0.028,10.03,0.208,0.153,0.767,96.19,12.55,0.035,0.282,48.53,598.62,High
2087,C-scan (BVID with Holes),Damaged,BVID,5,0.492,0.062,22.69,0.897,0.709,0.869,42.51,11.33,0.115,1.078,31.32,886.2,Medium
2088,C-scan (BVID with Holes),Damaged,BVID,6,0.678,0.067,28.69,0.403,0.658,0.35,32.25,8.91,0.171,4.913,53.38,440.37,Medium
2089,Thermograph,Mixed,None,3,0.647,0.076,51.36,0.496,0.193,0.607,59.2,2.23,0.076,2.321,30.91,702.5,Medium
2090,C-scan (BVID with Holes),Damaged,BVID,5,0.655,0.016,41.15,0.721,0.124,0.241,101.48,3.07,0.158,2.264,33.9,672.14,Medium
2091,C-scan (Pristine with Holes),Pristine,None,3,0.657,0.011,33.43,0.918,0.875,0.711,70.47,9.17,0.039,0.197,41.93,390.83,Medium
2092,Thermograph,Mixed,Thermal Anomaly,4,0.625,0.033,67.3,0.69,0.329,0.579,89.49,7.77,0.133,3.304,47.71,891.41,Medium
2093,C-scan (BVID with Holes),Damaged,BVID,2,0.607,0.059,1.61,0.935,0.309,0.608,53.22,12.95,0.176,3.483,21.81,773.02,Low
2094,C-scan (BVID with Holes),Damaged,BVID,5,0.455,0.029,46.3,0.34,0.329,0.752,65.89,7.38,0.129,2.259,56.93,761.29,Medium
2095,C-scan (BVID with Holes),Damaged,BVID,6,0.576,0.032,56.84,0.369,0.872,0.459,109.89,10.63,0.112,3.396,26.29,374.14,Low
2096,C-scan (BVID with Holes),Damaged,BVID,5,0.589,0.053,89.45,0.984,0.674,0.764,30.88,3.97,0.157,3.638,41.05,584.89,Medium
2097,C-scan (Pristine with Holes),Pristine,None,3,0.517,0.039,53.51,0.733,0.63,0.29,68.26,0.89,0.022,0.231,21.49,677.69,Low
2098,C-scan (BVID with Holes),Damaged,BVID,4,0.482,0.011,58.05,0.199,0.668,0.519,51.4,3.18,0.095,2.331,49.19,444.44,Medium
2099,C-scan (BVID with Holes),Damaged,BVID,3,0.594,0.055,76.07,0.255,0.535,0.275,29.35,7.55,0.108,1.344,47.76,356.88,Medium
2100,C-scan (Pristine with Holes),Pristine,None,4,0.547,0.027,26.97,0.712,0.403,0.793,99.98,13.9,0.021,0.574,47.34,602.57,High
2101,C-scan (Pristine with Holes),Pristine,None,6,0.544,0.013,85.42,0.381,0.743,0.716,27.28,14.71,0.04,0.507,44.53,590.25,Medium
2102,C-scan (BVID with Holes),Damaged,BVID,5,0.576,0.019,73.99,0.201,0.235,0.782,73.79,2.4,0.095,4.828,30.2,402.65,Medium
2103,Thermograph,Mixed,None,5,0.634,0.053,87.93,0.914,0.804,0.586,53.8,5.03,0.097,3.388,22.62,737.67,Low
2104,Thermograph,Mixed,Thermal Anomaly,2,0.475,0.02,75.23,0.626,0.688,0.282,93.17,9.3,0.148,2.857,21.98,598.6,Low
2105,C-scan (Pristine with Holes),Pristine,None,3,0.541,0.033,10.75,0.191,0.176,0.767,25.72,1.37,0.039,0.335,44.22,878.28,Medium
2106,C-scan (Pristine with Holes),Pristine,None,4,0.673,0.041,15.74,0.475,0.935,0.222,93.98,0.62,0.029,0.23,22.34,785.14,Low
2107,Thermograph,Mixed,Thermal Anomaly,4,0.461,0.04,17.25,0.767,0.778,0.811,87.96,2.5,0.124,2.307,28.85,612.04,Low
2108,Thermograph,Mixed,Thermal Anomaly,4,0.635,0.07,10.62,0.598,0.666,0.853,113.16,10.33,0.072,3.139,27.79,538.36,Low
2109,C-scan (BVID with Holes),Damaged,BVID,6,0.51,0.021,59.14,0.393,0.828,0.818,116.75,11.57,0.145,3.658,27.67,526.95,Low
2110,C-scan (Pristine with Holes),Pristine,None,4,0.649,0.031,76.53,0.104,0.472,0.692,30.9,14.54,0.031,0.944,34.46,778.86,Medium
2111,C-scan (BVID with Holes),Damaged,BVID,2,0.58,0.026,78.83,0.298,0.16,0.317,87.83,6.01,0.145,2.26,43.87,556.81,Medium
2112,C-scan (BVID with Holes),Damaged,BVID,2,0.601,0.017,63.3,0.697,0.998,0.692,88.71,3.14,0.15,2.333,46.78,582.63,Medium
2113,C-scan (BVID with Holes),Damaged,BVID,6,0.619,0.025,5.01,0.46,0.725,0.22,82.04,3.04,0.085,4.911,56.33,742.59,Medium
2114,C-scan (Pristine with Holes),Pristine,None,5,0.689,0.028,63.36,0.795,0.285,0.593,28.37,14.86,0.042,0.41,57.15,725.17,High
2115,C-scan (BVID with Holes),Damaged,BVID,2,0.605,0.046,57.03,0.177,0.771,0.497,46.36,9.29,0.192,3.814,33.4,692.71,Medium
2116,C-scan (Pristine with Holes),Pristine,None,2,0.486,0.074,60.95,0.51,0.537,0.675,107.86,14.11,0.031,0.73,29.21,543.51,Low
2117,Thermograph,Mixed,Thermal Anomaly,3,0.613,0.08,35.46,0.112,0.419,0.641,54.12,5.96,0.038,3.315,32.51,774.92,Medium
2118,C-scan (Pristine with Holes),Pristine,None,3,0.677,0.041,69.72,0.593,0.855,0.679,50.29,0.6,0.043,0.148,25.09,351.09,Low
2119,C-scan (BVID with Holes),Damaged,BVID,3,0.512,0.063,66.34,0.437,0.262,0.542,103.93,5.83,0.1,4.079,48.82,788.2,Medium
2120,C-scan (Pristine with Holes),Pristine,None,2,0.603,0.075,55.06,0.852,0.835,0.34,114.5,3.77,0.027,0.573,50.11,879.21,High
2121,Thermograph,Mixed,Thermal Anomaly,4,0.515,0.07,55.27,0.676,0.262,0.215,119.72,11.57,0.107,2.016,20.68,516.78,Low
2122,C-scan (Pristine with Holes),Pristine,None,4,0.464,0.077,79.48,0.418,0.347,0.668,92.08,14.14,0.042,0.778,21.01,834.91,Low
2123,C-scan (BVID with Holes),Damaged,BVID,2,0.492,0.069,51.87,0.504,0.739,0.776,94.25,13.11,0.134,4.962,54.41,620.75,Medium
2124,C-scan (Pristine with Holes),Pristine,None,5,0.675,0.031,59.48,0.962,0.214,0.663,73.71,8.8,0.03,0.821,37.63,742.08,Medium
2125,Thermograph,Mixed,None,4,0.678,0.021,72.91,0.819,0.679,0.875,39.13,9.12,0.121,1.631,31.52,702.78,Medium
2126,C-scan (Pristine with Holes),Pristine,None,4,0.586,0.021,41.19,0.303,0.109,0.246,72.81,6.03,0.017,0.5,30.84,825.44,Medium
2127,Thermograph,Mixed,Thermal Anomaly,5,0.599,0.038,34.89,0.26,0.877,0.277,32.89,8.32,0.04,1.71,30.68,897.06,Medium
2128,Thermograph,Mixed,None,3,0.607,0.042,12.99,0.603,0.679,0.406,119.62,5.81,0.06,1.425,34.43,899.27,Medium
2129,C-scan (Pristine with Holes),Pristine,None,4,0.46,0.075,43.85,0.937,0.48,0.52,42.01,14.6,0.02,0.896,25.92,767.41,Low
2130,Thermograph,Mixed,Thermal Anomaly,2,0.662,0.024,11.72,0.412,0.554,0.704,91.09,13.52,0.114,0.602,39.72,665.86,Medium
2131,Thermograph,Mixed,Thermal Anomaly,5,0.464,0.029,86.47,0.599,0.835,0.772,47.36,11.46,0.073,2.86,26.62,746.23,Low
2132,C-scan (BVID with Holes),Damaged,BVID,4,0.547,0.017,49.11,0.865,0.206,0.251,26.48,2.3,0.159,4.394,54.32,475.99,Medium
2133,C-scan (BVID with Holes),Damaged,BVID,5,0.636,0.051,11.79,0.933,0.28,0.239,99.87,13.78,0.168,2.926,39.95,389.95,Medium
2134,C-scan (Pristine with Holes),Pristine,None,6,0.544,0.011,3.37,0.453,0.501,0.357,69.79,2.02,0.022,0.465,28.01,390.33,Low
2135,C-scan (Pristine with Holes),Pristine,None,6,0.464,0.011,82.67,0.921,0.622,0.587,47.96,5.21,0.017,0.479,25.8,508.73,Low
2136,C-scan (Pristine with Holes),Pristine,None,6,0.525,0.05,86.47,0.706,0.34,0.541,92.47,3.1,0.022,0.403,48.49,880.99,High
2137,C-scan (Pristine with Holes),Pristine,None,6,0.61,0.028,78.77,0.247,0.255,0.404,86.58,11.2,0.036,0.314,39.55,499.75,Medium
2138,C-scan (Pristine with Holes),Pristine,None,2,0.544,0.012,54.42,0.999,0.816,0.777,62.95,11.83,0.021,0.185,30.77,804.14,Medium
2139,Thermograph,Mixed,Thermal Anomaly,6,0.465,0.055,8.89,0.16,0.998,0.749,109.1,12.08,0.124,1.708,35.81,464.28,Medium
2140,C-scan (Pristine with Holes),Pristine,None,3,0.689,0.046,52.72,0.409,0.882,0.24,98.98,2.83,0.035,0.382,23.05,507.55,Low
2141,C-scan (Pristine with Holes),Pristine,None,4,0.468,0.014,46.6,0.523,0.108,0.495,105.84,11.05,0.046,0.642,57.16,659.43,High
2142,C-scan (Pristine with Holes),Pristine,None,3,0.451,0.065,24.78,0.158,0.763,0.505,36.79,0.55,0.027,0.915,28.04,779.65,Low
2143,C-scan (Pristine with Holes),Pristine,None,4,0.535,0.06,3.81,0.574,0.576,0.777,118.16,8.79,0.018,0.334,31.69,572.11,Medium
2144,C-scan (Pristine with Holes),Pristine,None,2,0.494,0.079,57.34,0.279,0.483,0.73,49.18,3.63,0.027,0.643,47.68,515.57,High
2145,C-scan (BVID with Holes),Damaged,BVID,6,0.621,0.017,18.29,0.641,0.145,0.724,114.14,2.12,0.147,2.422,24.81,511.1,Low
2146,Thermograph,Mixed,None,6,0.55,0.077,87.61,0.446,0.368,0.406,70.09,7.13,0.118,2.146,46.48,568.6,Medium
2147,C-scan (BVID with Holes),Damaged,BVID,2,0.572,0.024,25.23,0.397,0.958,0.52,53.71,4.97,0.095,2.233,45.74,571.57,Medium
2148,Thermograph,Mixed,Thermal Anomaly,4,0.54,0.059,12.86,0.121,0.811,0.557,106.73,8.23,0.146,3.254,57.18,402.04,Medium
2149,C-scan (Pristine with Holes),Pristine,None,2,0.579,0.039,87.34,0.435,0.826,0.889,112.09,12.76,0.04,0.456,57.44,422.76,High
2150,C-scan (Pristine with Holes),Pristine,None,3,0.559,0.031,47.77,0.83,0.625,0.227,45.86,2.67,0.018,0.466,34.78,839.26,Medium
2151,Thermograph,Mixed,Thermal Anomaly,2,0.459,0.032,31.11,0.902,0.845,0.746,101.55,12.31,0.094,0.691,50.15,434.98,Medium
2152,C-scan (BVID with Holes),Damaged,BVID,3,0.544,0.036,28.46,0.767,0.256,0.846,102.52,8.16,0.083,3.439,45.29,656.02,Medium
2153,Thermograph,Mixed,None,3,0.687,0.021,89.33,0.832,0.391,0.391,88.58,8.25,0.137,3.124,43.89,618.61,Medium
2154,Thermograph,Mixed,Thermal Anomaly,3,0.51,0.03,27.2,0.386,0.52,0.528,111.46,14.17,0.088,2.881,35.17,770.34,Medium
2155,C-scan (Pristine with Holes),Pristine,None,2,0.465,0.042,28.04,0.758,0.12,0.464,102.12,5.5,0.048,0.623,34.38,398.66,Medium
2156,C-scan (BVID with Holes),Damaged,BVID,3,0.662,0.075,6.44,0.655,0.14,0.423,75.46,2.42,0.111,1.5,33.1,701.86,Medium
2157,C-scan (Pristine with Holes),Pristine,None,2,0.605,0.037,52.51,0.761,0.471,0.352,59.13,4.25,0.035,0.287,42.87,457.13,Medium
2158,C-scan (Pristine with Holes),Pristine,None,2,0.563,0.016,86.16,0.153,0.302,0.434,38.67,10.09,0.041,0.296,53.37,619.18,High
2159,C-scan (Pristine with Holes),Pristine,None,4,0.456,0.069,73.55,0.141,0.667,0.481,63.5,1.52,0.045,0.486,22.04,800.06,Low
2160,Thermograph,Mixed,Thermal Anomaly,3,0.496,0.012,81.25,0.321,0.809,0.436,92.15,7.4,0.142,2.679,43.76,444.16,Medium
2161,C-scan (BVID with Holes),Damaged,BVID,6,0.466,0.037,38.68,0.23,0.36,0.891,86.0,6.17,0.188,3.258,26.88,440.13,Low
2162,C-scan (BVID with Holes),Damaged,BVID,5,0.507,0.068,64.23,0.519,0.336,0.787,71.59,8.71,0.149,4.686,59.83,382.84,Medium
2163,Thermograph,Mixed,Thermal Anomaly,3,0.451,0.029,46.94,0.325,0.301,0.814,41.72,9.06,0.045,1.986,30.68,869.45,Medium
2164,Thermograph,Mixed,Thermal Anomaly,4,0.659,0.011,48.81,0.443,0.674,0.65,76.81,1.18,0.076,2.217,42.52,449.67,Medium
2165,C-scan (Pristine with Holes),Pristine,None,3,0.576,0.074,21.24,0.618,0.462,0.726,80.87,10.97,0.026,0.219,46.02,387.78,High
2166,C-scan (Pristine with Holes),Pristine,None,5,0.61,0.056,20.73,0.544,0.633,0.854,43.03,11.8,0.025,0.815,22.18,428.97,Low
2167,C-scan (BVID with Holes),Damaged,BVID,2,0.471,0.068,42.53,0.987,0.285,0.201,100.56,13.46,0.161,2.527,36.48,432.42,Medium
2168,C-scan (Pristine with Holes),Pristine,None,4,0.651,0.031,52.25,0.392,0.42,0.469,112.63,13.29,0.035,0.667,47.63,525.22,High
2169,C-scan (Pristine with Holes),Pristine,None,3,0.652,0.031,56.33,0.367,0.422,0.42,37.13,1.4,0.028,0.281,32.87,639.7,Medium
2170,C-scan (Pristine with Holes),Pristine,None,4,0.599,0.035,19.71,0.952,0.981,0.762,68.11,1.87,0.043,0.213,31.7,705.42,Medium
2171,C-scan (BVID with Holes),Damaged,BVID,6,0.513,0.038,78.11,0.196,0.623,0.238,35.05,7.29,0.143,4.848,54.38,644.54,Medium
2172,Thermograph,Mixed,Thermal Anomaly,6,0.571,0.029,57.45,0.883,0.163,0.351,36.79,8.22,0.086,3.245,31.48,411.75,Medium
2173,C-scan (BVID with Holes),Damaged,BVID,3,0.569,0.044,4.54,0.837,0.68,0.457,73.73,4.57,0.147,3.461,46.55,831.78,Medium
2174,C-scan (BVID with Holes),Damaged,BVID,6,0.667,0.011,71.63,0.968,0.474,0.867,86.41,13.36,0.184,3.633,51.33,520.79,Medium
2175,Thermograph,Mixed,None,3,0.497,0.055,51.72,0.658,0.605,0.744,116.92,10.96,0.149,1.086,50.87,783.81,Medium
2176,Thermograph,Mixed,None,3,0.499,0.052,32.83,0.826,0.808,0.489,40.04,8.65,0.05,3.176,59.06,363.79,High
2177,Thermograph,Mixed,Thermal Anomaly,5,0.459,0.043,52.0,0.624,0.644,0.86,105.95,10.88,0.15,0.82,33.5,656.72,Medium
2178,Thermograph,Mixed,None,4,0.612,0.045,44.94,0.648,0.205,0.561,85.67,4.08,0.036,1.134,38.18,764.02,Medium
2179,Thermograph,Mixed,Thermal Anomaly,3,0.682,0.038,71.11,0.114,0.822,0.344,102.63,13.75,0.108,1.809,24.46,599.12,Low
2180,C-scan (BVID with Holes),Damaged,BVID,3,0.474,0.059,16.48,0.869,0.147,0.758,65.38,8.98,0.115,2.915,25.8,609.78,Low
2181,Thermograph,Mixed,None,3,0.63,0.069,14.94,0.611,0.532,0.684,48.83,4.87,0.073,2.523,42.67,473.02,Medium
2182,Thermograph,Mixed,None,2,0.61,0.072,59.93,0.471,0.951,0.625,28.74,1.83,0.126,1.011,33.92,418.1,Medium
2183,Thermograph,Mixed,None,4,0.537,0.058,34.67,0.78,0.656,0.804,78.47,1.86,0.063,1.116,49.08,431.05,High
2184,C-scan (BVID with Holes),Damaged,BVID,3,0.647,0.019,61.58,0.369,0.239,0.576,90.53,14.53,0.198,1.325,55.03,473.86,Medium
2185,C-scan (Pristine with Holes),Pristine,None,6,0.637,0.065,12.58,0.371,0.581,0.89,57.08,9.05,0.037,0.552,56.43,561.57,High
2186,C-scan (Pristine with Holes),Pristine,None,2,0.593,0.024,72.22,0.606,0.433,0.496,61.78,12.22,0.049,0.778,23.55,773.34,Low
2187,C-scan (BVID with Holes),Damaged,BVID,4,0.49,0.04,59.46,0.13,0.122,0.323,79.91,3.92,0.13,4.187,44.98,354.71,Medium
2188,C-scan (Pristine with Holes),Pristine,None,2,0.496,0.03,22.08,0.506,0.232,0.358,39.03,11.79,0.017,0.657,24.62,712.81,Low
2189,C-scan (BVID with Holes),Damaged,BVID,3,0.636,0.065,47.78,0.241,0.861,0.653,59.05,12.08,0.123,3.027,39.06,821.05,Medium
2190,Thermograph,Mixed,Thermal Anomaly,6,0.496,0.051,79.58,0.618,0.575,0.42,114.96,7.41,0.091,0.821,57.23,799.58,Medium
2191,Thermograph,Mixed,Thermal Anomaly,3,0.463,0.037,78.35,0.752,0.529,0.282,44.6,12.15,0.131,3.276,49.73,781.54,Medium
2192,C-scan (BVID with Holes),Damaged,BVID,3,0.471,0.077,42.87,0.401,0.489,0.477,57.48,9.19,0.125,4.213,53.46,367.81,Medium
2193,C-scan (BVID with Holes),Damaged,BVID,4,0.661,0.024,18.37,0.733,0.251,0.887,55.58,7.02,0.107,3.012,46.81,692.73,Medium
2194,Thermograph,Mixed,None,6,0.495,0.035,62.64,0.929,0.803,0.879,90.18,4.28,0.082,2.078,28.12,660.33,Low
2195,Thermograph,Mixed,None,6,0.631,0.027,31.48,0.721,0.434,0.7,32.54,1.64,0.124,0.902,44.16,728.97,Medium
2196,C-scan (BVID with Holes),Damaged,BVID,5,0.466,0.039,83.65,0.624,0.194,0.886,44.61,1.44,0.174,1.94,22.47,741.35,Low
2197,Thermograph,Mixed,Thermal Anomaly,5,0.495,0.024,85.01,0.891,0.324,0.757,114.74,13.32,0.08,0.632,48.8,561.43,Medium
2198,Thermograph,Mixed,None,6,0.562,0.035,54.73,0.389,0.555,0.739,29.7,0.81,0.09,2.329,29.24,462.66,Low
2199,C-scan (BVID with Holes),Damaged,BVID,3,0.563,0.013,10.89,0.141,0.587,0.824,106.3,14.35,0.166,2.735,21.24,461.18,Low
2200,C-scan (Pristine with Holes),Pristine,None,4,0.509,0.077,12.72,0.841,0.921,0.641,96.41,11.33,0.015,0.902,29.17,847.58,Low
2201,Thermograph,Mixed,None,3,0.682,0.033,26.52,0.191,0.963,0.607,35.7,14.51,0.122,1.862,22.25,477.73,Low
2202,C-scan (BVID with Holes),Damaged,BVID,5,0.54,0.03,18.11,0.734,0.454,0.839,76.02,14.42,0.157,1.528,53.62,496.37,Medium
2203,Thermograph,Mixed,Thermal Anomaly,3,0.566,0.072,63.06,0.857,0.789,0.735,79.52,6.05,0.096,1.018,34.7,618.05,Medium
2204,C-scan (BVID with Holes),Damaged,BVID,6,0.451,0.013,76.57,0.393,0.29,0.884,37.3,13.63,0.138,4.575,49.58,800.9,Medium
2205,C-scan (BVID with Holes),Damaged,BVID,6,0.515,0.08,4.53,0.564,0.408,0.771,99.89,7.68,0.163,3.983,57.09,807.05,Medium
2206,Thermograph,Mixed,None,6,0.523,0.068,79.62,0.603,0.821,0.45,63.11,1.75,0.115,2.737,26.99,796.07,Low
2207,C-scan (BVID with Holes),Damaged,BVID,6,0.69,0.052,60.08,0.488,0.474,0.587,114.76,5.71,0.176,4.681,46.73,523.35,Medium
2208,C-scan (Pristine with Holes),Pristine,None,4,0.573,0.077,39.75,0.628,0.567,0.241,112.19,1.42,0.046,0.722,41.63,355.72,Medium
2209,Thermograph,Mixed,Thermal Anomaly,3,0.558,0.031,78.53,0.89,0.81,0.733,31.95,6.85,0.119,1.681,54.24,414.89,Medium
2210,C-scan (BVID with Holes),Damaged,BVID,5,0.607,0.025,9.62,0.176,0.8,0.86,97.46,6.77,0.179,1.713,41.05,706.89,Medium
2211,Thermograph,Mixed,None,3,0.611,0.072,1.23,0.525,0.494,0.471,85.4,1.77,0.068,2.15,28.93,383.86,Low
2212,Thermograph,Mixed,Thermal Anomaly,2,0.666,0.016,5.01,0.598,0.14,0.793,83.41,1.71,0.052,3.087,26.87,638.99,Low
2213,C-scan (Pristine with Holes),Pristine,None,2,0.648,0.063,6.29,0.136,0.33,0.741,88.88,7.36,0.04,0.81,36.61,741.07,Medium
2214,C-scan (Pristine with Holes),Pristine,None,4,0.659,0.037,34.32,0.841,0.208,0.877,98.17,9.18,0.045,0.205,49.06,697.26,High
2215,C-scan (Pristine with Holes),Pristine,None,3,0.628,0.076,32.98,0.168,0.311,0.509,79.66,0.63,0.031,0.409,47.4,382.37,High
2216,C-scan (BVID with Holes),Damaged,BVID,5,0.576,0.071,88.29,0.649,0.213,0.521,89.47,1.98,0.146,1.103,33.85,387.21,Medium
2217,C-scan (BVID with Holes),Damaged,BVID,4,0.618,0.04,37.58,0.955,0.952,0.335,116.07,5.11,0.167,2.395,37.66,417.86,Medium
2218,Thermograph,Mixed,None,4,0.527,0.058,68.73,0.688,0.345,0.494,92.05,13.16,0.092,2.11,23.8,608.49,Low
2219,Thermograph,Mixed,Thermal Anomaly,4,0.648,0.029,49.79,0.974,0.706,0.637,44.78,13.47,0.049,2.947,32.24,582.2,Medium
2220,C-scan (Pristine with Holes),Pristine,None,4,0.495,0.072,33.25,0.896,0.909,0.254,61.82,12.37,0.015,0.205,20.06,518.75,Low
2221,C-scan (BVID with Holes),Damaged,BVID,5,0.619,0.02,31.68,0.929,0.743,0.476,81.98,5.24,0.113,4.476,28.54,889.86,Low
2222,Thermograph,Mixed,Thermal Anomaly,6,0.647,0.024,26.64,0.501,0.753,0.345,107.25,2.22,0.114,2.549,55.75,782.65,Medium
2223,C-scan (BVID with Holes),Damaged,BVID,6,0.461,0.01,37.76,0.85,0.44,0.653,35.93,13.59,0.114,2.546,59.56,519.92,Medium
2224,C-scan (BVID with Holes),Damaged,BVID,4,0.605,0.03,63.57,0.757,0.764,0.386,82.72,12.76,0.11,2.056,37.13,765.79,Medium
2225,C-scan (BVID with Holes),Damaged,BVID,6,0.576,0.026,2.24,0.493,0.684,0.757,55.93,5.91,0.091,4.856,34.39,750.54,Medium
2226,C-scan (BVID with Holes),Damaged,BVID,6,0.608,0.068,35.12,0.39,0.901,0.892,36.64,5.46,0.099,4.344,22.72,545.61,Low
2227,C-scan (Pristine with Holes),Pristine,None,2,0.634,0.063,19.64,0.362,0.337,0.661,96.48,4.17,0.024,0.575,43.94,829.14,Medium
2228,C-scan (Pristine with Holes),Pristine,None,4,0.452,0.028,16.79,0.251,0.343,0.259,44.56,10.59,0.023,0.936,34.76,722.93,Medium
2229,C-scan (Pristine with Holes),Pristine,None,5,0.664,0.023,58.29,0.713,0.672,0.89,27.58,6.87,0.019,0.485,46.11,555.4,High
2230,C-scan (Pristine with Holes),Pristine,None,5,0.576,0.04,16.48,0.305,0.306,0.801,37.2,8.47,0.014,0.675,31.79,854.18,Medium
2231,Thermograph,Mixed,Thermal Anomaly,3,0.513,0.059,21.97,0.807,0.197,0.891,57.89,1.41,0.118,2.852,34.97,503.3,Medium
2232,C-scan (BVID with Holes),Damaged,BVID,4,0.594,0.051,2.5,0.648,0.654,0.632,43.1,4.06,0.18,4.57,35.62,698.51,Medium
2233,C-scan (Pristine with Holes),Pristine,None,4,0.665,0.054,71.13,0.226,0.254,0.324,88.18,0.56,0.043,0.706,49.34,880.79,High
2234,Thermograph,Mixed,None,3,0.532,0.035,8.4,0.427,0.419,0.404,74.36,10.99,0.118,3.472,27.62,589.88,Low
2235,C-scan (BVID with Holes),Damaged,BVID,5,0.651,0.032,86.65,0.833,0.457,0.394,43.84,13.76,0.179,1.547,50.65,356.86,Medium
2236,Thermograph,Mixed,None,4,0.486,0.066,20.11,0.182,0.557,0.353,25.43,1.74,0.072,2.19,45.78,642.45,High
2237,Thermograph,Mixed,None,2,0.616,0.028,40.51,0.844,0.816,0.742,94.21,9.57,0.14,0.65,27.69,827.07,Low
2238,Thermograph,Mixed,None,4,0.66,0.073,45.16,0.294,0.76,0.671,73.38,6.26,0.103,1.011,38.86,725.7,Medium
2239,C-scan (BVID with Holes),Damaged,BVID,3,0.546,0.01,3.22,0.188,0.482,0.515,112.51,5.85,0.166,2.648,56.68,665.01,Medium
2240,C-scan (BVID with Holes),Damaged,BVID,2,0.66,0.027,23.96,0.921,0.328,0.647,28.93,11.59,0.163,3.417,43.29,384.0,Medium
2241,Thermograph,Mixed,None,5,0.605,0.034,74.49,0.662,0.758,0.486,63.77,8.93,0.059,1.603,38.69,552.63,Medium
2242,C-scan (Pristine with Holes),Pristine,None,6,0.608,0.02,63.07,0.258,0.148,0.369,27.36,14.53,0.037,0.293,44.7,493.15,Medium
2243,C-scan (Pristine with Holes),Pristine,None,4,0.539,0.022,41.06,0.889,0.481,0.713,41.93,11.97,0.013,0.925,38.84,713.96,Medium
2244,Thermograph,Mixed,None,4,0.675,0.078,24.89,0.322,0.866,0.653,52.63,9.59,0.144,1.425,34.81,878.22,Medium
2245,Thermograph,Mixed,Thermal Anomaly,4,0.609,0.059,49.99,0.327,0.53,0.82,101.37,1.68,0.145,1.187,26.98,784.67,Low
2246,Thermograph,Mixed,Thermal Anomaly,4,0.502,0.078,82.35,0.917,0.202,0.819,107.34,9.26,0.069,2.846,48.06,698.71,High
2247,C-scan (BVID with Holes),Damaged,BVID,6,0.457,0.029,7.2,0.5,0.672,0.42,110.8,10.85,0.095,4.694,37.45,465.03,Medium
2248,C-scan (Pristine with Holes),Pristine,None,2,0.483,0.013,82.68,0.94,0.618,0.634,118.12,14.58,0.016,0.316,27.25,776.02,Low
2249,C-scan (Pristine with Holes),Pristine,None,2,0.653,0.049,45.23,0.4,0.473,0.626,49.35,9.88,0.039,0.941,27.55,562.86,Low
2250,Thermograph,Mixed,None,6,0.639,0.076,30.95,0.134,0.876,0.413,66.54,4.39,0.068,1.086,29.2,655.63,Low
2251,Thermograph,Mixed,Thermal Anomaly,5,0.561,0.079,9.92,0.179,0.842,0.413,73.32,3.83,0.079,1.555,20.98,353.45,Low
2252,C-scan (BVID with Holes),Damaged,BVID,3,0.536,0.046,43.6,0.942,0.357,0.393,79.28,11.78,0.099,2.256,31.25,508.85,Medium
2253,C-scan (Pristine with Holes),Pristine,None,3,0.561,0.04,75.88,0.634,0.121,0.319,58.59,12.92,0.016,0.885,59.47,782.71,High
2254,C-scan (BVID with Holes),Damaged,BVID,5,0.577,0.036,25.71,0.83,0.746,0.4,30.84,5.12,0.118,2.317,24.48,448.92,Low
2255,C-scan (BVID with Holes),Damaged,BVID,2,0.519,0.016,66.93,0.166,0.222,0.312,107.72,4.01,0.181,1.917,50.45,827.33,Medium
2256,C-scan (Pristine with Holes),Pristine,None,3,0.452,0.034,58.32,0.46,0.105,0.606,113.54,10.6,0.047,0.168,48.35,773.95,High
2257,C-scan (BVID with Holes),Damaged,BVID,5,0.468,0.057,18.71,0.248,0.455,0.748,68.42,10.3,0.103,2.899,52.56,874.0,Medium
2258,C-scan (Pristine with Holes),Pristine,None,2,0.657,0.046,69.13,0.202,0.119,0.688,62.43,5.04,0.038,0.458,45.62,891.83,High
2259,C-scan (BVID with Holes),Damaged,BVID,4,0.618,0.046,15.89,0.614,0.445,0.559,89.61,4.05,0.12,2.511,53.9,823.35,Medium
2260,C-scan (Pristine with Holes),Pristine,None,4,0.578,0.036,35.18,0.147,0.657,0.831,54.37,14.9,0.013,0.153,23.44,546.49,Low
2261,Thermograph,Mixed,None,2,0.559,0.026,4.86,0.988,0.908,0.229,92.03,8.59,0.075,2.264,43.9,534.76,Medium
2262,C-scan (Pristine with Holes),Pristine,None,4,0.607,0.049,35.82,0.213,0.672,0.441,74.25,9.37,0.048,0.419,41.52,670.56,Medium
2263,Thermograph,Mixed,None,6,0.549,0.041,24.57,0.881,0.763,0.336,112.33,13.91,0.092,3.231,37.45,438.23,Medium
2264,C-scan (BVID with Holes),Damaged,BVID,6,0.693,0.042,77.26,0.601,0.93,0.424,73.12,9.94,0.146,2.73,22.48,691.34,Low
2265,Thermograph,Mixed,Thermal Anomaly,6,0.559,0.053,87.41,0.529,0.99,0.669,97.81,1.14,0.08,2.697,48.95,412.29,Medium
2266,C-scan (Pristine with Holes),Pristine,None,4,0.551,0.037,81.29,0.728,0.333,0.895,53.03,7.17,0.011,0.223,38.0,633.35,Medium
2267,Thermograph,Mixed,Thermal Anomaly,6,0.612,0.023,11.17,0.671,0.184,0.364,96.03,0.82,0.125,2.021,30.88,726.46,Medium
2268,C-scan (Pristine with Holes),Pristine,None,6,0.469,0.023,44.47,0.153,0.395,0.756,118.89,7.76,0.011,0.446,56.74,892.2,High
2269,C-scan (BVID with Holes),Damaged,BVID,3,0.62,0.023,9.32,0.724,0.194,0.28,57.43,5.11,0.103,1.176,50.31,399.38,Medium
2270,Thermograph,Mixed,Thermal Anomaly,2,0.524,0.073,38.9,0.966,0.163,0.738,92.36,1.74,0.115,1.959,32.5,558.26,Medium
2271,C-scan (Pristine with Holes),Pristine,None,4,0.682,0.035,55.82,0.275,0.643,0.451,65.75,9.56,0.026,0.935,57.9,773.92,High
2272,C-scan (BVID with Holes),Damaged,BVID,2,0.633,0.03,4.77,0.336,0.603,0.605,85.17,8.69,0.153,2.091,27.99,677.37,Low
2273,Thermograph,Mixed,Thermal Anomaly,2,0.483,0.075,26.83,0.651,0.324,0.439,101.65,7.21,0.07,1.402,38.86,431.57,Medium
2274,C-scan (BVID with Holes),Damaged,BVID,6,0.551,0.028,84.7,0.553,0.547,0.837,41.15,10.23,0.132,2.743,33.47,780.89,Medium
2275,C-scan (Pristine with Holes),Pristine,None,4,0.472,0.071,83.81,0.521,0.12,0.718,81.68,1.58,0.043,0.694,55.95,414.92,High
2276,Thermograph,Mixed,Thermal Anomaly,6,0.493,0.036,6.91,0.481,0.859,0.431,116.24,7.25,0.075,1.417,26.66,605.04,Low
2277,C-scan (BVID with Holes),Damaged,BVID,3,0.459,0.068,72.92,0.456,0.997,0.724,67.67,13.48,0.168,4.033,37.16,815.83,Medium
2278,C-scan (BVID with Holes),Damaged,BVID,2,0.656,0.05,17.3,0.641,0.779,0.588,65.43,1.31,0.098,1.372,39.57,391.27,Medium
2279,Thermograph,Mixed,Thermal Anomaly,4,0.492,0.049,49.82,0.447,0.203,0.604,72.29,6.89,0.07,0.745,35.75,658.51,Medium
2280,C-scan (Pristine with Holes),Pristine,None,4,0.685,0.011,65.63,0.801,0.265,0.395,31.1,7.26,0.017,0.163,30.29,669.25,Medium
2281,C-scan (BVID with Holes),Damaged,BVID,5,0.684,0.019,24.47,0.358,0.509,0.825,77.48,14.22,0.128,4.851,26.2,694.63,Low
2282,C-scan (BVID with Holes),Damaged,BVID,2,0.477,0.047,22.83,0.191,0.871,0.68,62.77,11.36,0.129,4.583,56.26,537.7,Medium
2283,C-scan (Pristine with Holes),Pristine,None,5,0.667,0.053,19.42,0.497,0.145,0.772,90.49,3.38,0.046,0.225,53.12,581.36,High
2284,Thermograph,Mixed,Thermal Anomaly,5,0.642,0.033,57.06,0.36,0.783,0.319,47.32,7.9,0.035,2.735,51.8,734.92,High
2285,C-scan (BVID with Holes),Damaged,BVID,6,0.685,0.072,77.64,0.632,0.775,0.614,43.72,9.74,0.115,1.214,58.26,885.46,Medium
2286,C-scan (Pristine with Holes),Pristine,None,2,0.469,0.022,21.22,0.528,0.224,0.877,29.38,7.4,0.043,0.237,20.74,865.2,Low
2287,C-scan (BVID with Holes),Damaged,BVID,6,0.635,0.057,16.73,0.51,0.703,0.62,27.49,8.1,0.191,1.333,57.15,840.18,Medium
2288,C-scan (BVID with Holes),Damaged,BVID,5,0.562,0.05,16.38,0.494,0.97,0.611,91.78,12.14,0.198,2.658,28.22,844.07,Low
2289,C-scan (BVID with Holes),Damaged,BVID,2,0.632,0.032,72.18,0.552,0.596,0.446,34.2,2.93,0.12,2.004,27.9,420.87,Low
2290,C-scan (BVID with Holes),Damaged,BVID,4,0.666,0.017,25.41,0.949,0.156,0.505,111.75,10.83,0.19,4.916,38.34,791.44,Medium
2291,C-scan (BVID with Holes),Damaged,BVID,3,0.504,0.02,17.69,0.578,0.52,0.639,97.68,4.62,0.167,3.988,45.6,861.62,Medium
2292,Thermograph,Mixed,None,6,0.465,0.035,35.09,0.905,0.406,0.33,75.13,7.73,0.108,3.463,43.49,561.19,Medium
2293,C-scan (Pristine with Holes),Pristine,None,6,0.465,0.018,65.56,0.598,0.158,0.682,89.81,11.51,0.041,0.716,23.57,454.86,Low
2294,C-scan (Pristine with Holes),Pristine,None,3,0.455,0.048,79.1,0.951,0.979,0.361,36.05,7.12,0.037,0.617,29.86,352.59,Low
2295,C-scan (Pristine with Holes),Pristine,None,6,0.451,0.058,16.1,0.801,0.484,0.715,36.89,10.44,0.039,0.192,23.07,556.2,Low
2296,C-scan (BVID with Holes),Damaged,BVID,4,0.621,0.025,35.19,0.515,0.108,0.511,51.36,10.37,0.133,4.999,52.19,576.54,Medium
2297,C-scan (BVID with Holes),Damaged,BVID,2,0.65,0.062,73.3,0.283,0.676,0.588,81.53,10.29,0.169,2.139,31.39,419.89,Medium
2298,Thermograph,Mixed,None,2,0.618,0.03,67.59,0.669,0.826,0.309,87.61,14.12,0.126,1.064,34.11,656.35,Medium
2299,C-scan (Pristine with Holes),Pristine,None,5,0.555,0.049,56.79,0.298,0.29,0.348,99.62,13.03,0.017,0.822,56.79,568.38,High
2300,Thermograph,Mixed,Thermal Anomaly,3,0.672,0.035,22.79,0.789,0.787,0.834,108.71,3.05,0.103,1.315,39.47,403.19,Medium
2301,C-scan (BVID with Holes),Damaged,BVID,2,0.653,0.026,83.07,0.458,0.554,0.413,112.04,8.51,0.197,2.606,47.06,863.25,Medium
2302,Thermograph,Mixed,None,3,0.45,0.045,88.09,0.644,0.363,0.507,70.87,3.9,0.035,0.946,43.29,605.31,Medium
2303,C-scan (BVID with Holes),Damaged,BVID,6,0.472,0.054,47.49,0.884,0.542,0.69,43.85,7.75,0.108,1.562,35.69,466.51,Medium
2304,C-scan (Pristine with Holes),Pristine,None,5,0.66,0.078,59.98,0.108,0.195,0.624,103.26,6.39,0.04,0.117,48.13,893.84,High
2305,C-scan (BVID with Holes),Damaged,BVID,2,0.63,0.011,69.47,0.199,0.797,0.705,90.98,9.82,0.143,2.219,44.24,480.25,Medium
2306,Thermograph,Mixed,None,4,0.596,0.013,26.39,0.142,0.589,0.731,32.95,12.19,0.121,3.412,51.69,376.02,Medium
2307,C-scan (BVID with Holes),Damaged,BVID,6,0.589,0.045,86.14,0.588,0.438,0.831,92.07,1.19,0.177,1.511,24.54,490.56,Low
2308,C-scan (Pristine with Holes),Pristine,None,6,0.497,0.04,63.33,0.458,0.674,0.292,101.35,9.93,0.05,0.359,32.44,751.91,Medium
2309,C-scan (BVID with Holes),Damaged,BVID,2,0.658,0.031,26.14,0.746,0.114,0.89,100.53,4.91,0.081,3.745,50.15,413.15,Medium
2310,Thermograph,Mixed,None,2,0.679,0.068,87.9,0.905,0.164,0.881,103.06,6.76,0.079,2.901,29.57,855.93,Low
2311,C-scan (Pristine with Holes),Pristine,None,3,0.646,0.017,13.4,0.658,0.945,0.359,49.5,2.95,0.047,0.745,33.05,468.62,Medium
2312,C-scan (Pristine with Holes),Pristine,None,4,0.538,0.02,59.32,0.717,0.566,0.677,64.23,13.72,0.036,0.68,35.24,853.31,Medium
2313,C-scan (BVID with Holes),Damaged,BVID,2,0.689,0.033,38.14,0.63,0.555,0.542,62.31,7.34,0.157,2.64,35.33,623.92,Medium
2314,Thermograph,Mixed,None,2,0.647,0.015,81.51,0.255,0.396,0.584,68.54,9.95,0.046,2.798,59.82,500.76,High
2315,C-scan (BVID with Holes),Damaged,BVID,5,0.509,0.034,5.63,0.281,0.432,0.737,68.55,2.63,0.146,3.073,44.32,377.26,Medium
2316,Thermograph,Mixed,Thermal Anomaly,6,0.522,0.018,13.05,0.49,0.301,0.557,90.9,14.65,0.069,1.463,33.65,429.31,Medium
2317,C-scan (BVID with Holes),Damaged,BVID,3,0.528,0.057,54.19,0.482,0.247,0.667,36.55,11.89,0.134,4.334,43.88,403.36,Medium
2318,C-scan (Pristine with Holes),Pristine,None,6,0.688,0.034,14.99,0.298,0.263,0.671,48.73,3.38,0.018,0.361,35.13,466.56,Medium
2319,Thermograph,Mixed,None,4,0.511,0.052,82.97,0.66,0.442,0.645,28.7,5.26,0.114,3.061,43.64,751.86,Medium
2320,C-scan (BVID with Holes),Damaged,BVID,6,0.585,0.021,79.94,0.163,0.949,0.739,29.63,8.66,0.176,4.93,29.57,492.38,Low
2321,C-scan (BVID with Holes),Damaged,BVID,5,0.613,0.01,41.57,0.583,0.953,0.627,63.24,6.4,0.183,1.048,52.69,495.34,Medium
2322,Thermograph,Mixed,Thermal Anomaly,5,0.698,0.038,51.98,0.636,0.664,0.892,77.9,5.77,0.082,1.75,26.4,780.71,Low
2323,Thermograph,Mixed,None,3,0.461,0.059,77.0,0.98,0.724,0.288,97.02,5.66,0.134,0.745,20.89,421.59,Low
2324,C-scan (Pristine with Holes),Pristine,None,4,0.494,0.047,6.89,0.562,0.851,0.37,82.37,9.07,0.046,0.109,45.71,644.6,High
2325,Thermograph,Mixed,Thermal Anomaly,5,0.561,0.079,80.04,0.527,0.884,0.233,80.08,2.63,0.144,1.09,48.71,459.8,Medium
2326,Thermograph,Mixed,Thermal Anomaly,6,0.668,0.022,55.12,0.487,0.536,0.446,59.17,14.5,0.087,3.315,53.74,730.04,Medium
2327,C-scan (BVID with Holes),Damaged,BVID,3,0.602,0.068,29.97,0.932,0.544,0.77,81.92,8.31,0.189,1.528,23.44,706.06,Low
2328,C-scan (Pristine with Holes),Pristine,None,6,0.488,0.017,84.42,0.666,0.667,0.552,66.63,1.45,0.017,0.947,21.1,404.78,Low
2329,Thermograph,Mixed,Thermal Anomaly,4,0.674,0.04,22.36,0.613,0.84,0.523,85.58,12.91,0.095,2.966,28.58,637.57,Low
2330,C-scan (Pristine with Holes),Pristine,None,2,0.601,0.079,35.03,0.951,0.122,0.597,69.46,1.19,0.044,0.275,25.84,792.08,Low
2331,C-scan (Pristine with Holes),Pristine,None,4,0.685,0.079,85.72,0.31,0.509,0.863,117.13,6.34,0.013,0.767,47.55,725.6,High
2332,C-scan (Pristine with Holes),Pristine,None,6,0.528,0.066,88.01,0.52,0.458,0.31,59.29,6.42,0.05,0.397,49.93,846.31,High
2333,C-scan (BVID with Holes),Damaged,BVID,2,0.536,0.045,79.74,0.206,0.893,0.847,31.64,4.54,0.155,2.002,41.05,570.01,Medium
2334,Thermograph,Mixed,None,2,0.496,0.047,85.33,0.237,0.407,0.841,47.4,5.77,0.052,3.366,38.8,872.89,Medium
2335,Thermograph,Mixed,Thermal Anomaly,2,0.593,0.023,63.71,0.275,0.77,0.461,96.05,3.32,0.048,0.846,44.48,496.82,Medium
2336,C-scan (Pristine with Holes),Pristine,None,5,0.597,0.019,13.57,0.165,0.25,0.578,25.51,11.97,0.048,0.543,47.59,887.16,High
2337,Thermograph,Mixed,Thermal Anomaly,2,0.646,0.07,12.67,0.721,0.873,0.725,63.05,11.14,0.085,1.512,26.74,473.63,Low
2338,Thermograph,Mixed,None,2,0.698,0.027,27.71,0.922,0.12,0.888,69.76,4.68,0.105,1.293,23.73,688.62,Low
2339,Thermograph,Mixed,Thermal Anomaly,3,0.471,0.012,28.57,0.707,0.413,0.282,100.13,2.3,0.124,3.165,43.93,896.22,Medium
2340,C-scan (Pristine with Holes),Pristine,None,6,0.667,0.077,67.33,0.804,0.439,0.398,42.72,3.69,0.016,0.729,59.15,482.29,High
2341,C-scan (Pristine with Holes),Pristine,None,5,0.452,0.064,81.14,0.704,0.547,0.536,45.6,4.11,0.05,0.131,31.19,874.63,Medium
2342,C-scan (Pristine with Holes),Pristine,None,3,0.674,0.079,69.99,0.234,0.421,0.899,35.62,7.62,0.017,0.855,33.82,499.57,Medium
2343,C-scan (Pristine with Holes),Pristine,None,3,0.578,0.055,75.2,0.513,0.497,0.345,70.7,5.68,0.031,0.82,44.32,863.59,Medium
2344,Thermograph,Mixed,None,6,0.455,0.033,80.29,0.318,0.393,0.565,76.3,6.15,0.067,0.695,57.59,671.9,High
2345,Thermograph,Mixed,None,2,0.532,0.074,2.79,0.263,0.814,0.618,57.01,5.27,0.147,1.14,51.35,421.8,Medium
2346,C-scan (BVID with Holes),Damaged,BVID,3,0.66,0.073,0.84,0.438,0.515,0.228,84.85,10.65,0.132,3.901,48.07,833.48,Medium
2347,C-scan (BVID with Holes),Damaged,BVID,3,0.456,0.042,78.16,0.688,0.235,0.223,117.17,3.26,0.103,3.325,50.36,390.41,Medium
2348,Thermograph,Mixed,None,4,0.597,0.019,52.97,0.417,0.123,0.895,67.15,9.87,0.057,1.126,53.21,782.86,High
2349,C-scan (BVID with Holes),Damaged,BVID,4,0.561,0.041,46.82,0.822,0.457,0.291,29.98,5.66,0.145,2.671,45.75,538.28,Medium
2350,C-scan (Pristine with Holes),Pristine,None,6,0.678,0.074,82.95,0.113,0.423,0.456,74.17,14.63,0.033,0.993,52.2,756.83,High
2351,Thermograph,Mixed,None,2,0.568,0.013,61.39,0.744,0.48,0.668,61.15,2.1,0.071,2.045,42.25,528.34,Medium
2352,C-scan (BVID with Holes),Damaged,BVID,2,0.479,0.024,1.39,0.343,0.463,0.437,67.65,13.8,0.089,2.404,43.19,734.47,Medium
2353,C-scan (BVID with Holes),Damaged,BVID,4,0.668,0.036,33.5,0.705,0.335,0.28,61.82,14.46,0.191,2.949,29.93,606.71,Low
2354,C-scan (Pristine with Holes),Pristine,None,4,0.66,0.073,25.05,0.986,0.747,0.451,75.07,12.41,0.039,0.419,45.24,351.59,High
2355,C-scan (BVID with Holes),Damaged,BVID,3,0.567,0.016,35.34,0.232,0.518,0.728,94.77,4.85,0.096,2.756,20.35,384.36,Low
2356,C-scan (BVID with Holes),Damaged,BVID,3,0.452,0.03,89.35,0.188,0.853,0.542,61.54,4.3,0.092,2.742,31.34,742.36,Medium
2357,C-scan (BVID with Holes),Damaged,BVID,4,0.651,0.049,79.81,0.307,0.982,0.863,115.53,11.78,0.189,2.668,22.39,729.72,Low
2358,Thermograph,Mixed,None,2,0.657,0.011,65.48,0.569,0.214,0.713,109.39,8.08,0.099,1.389,42.08,416.52,Medium
2359,C-scan (BVID with Holes),Damaged,BVID,6,0.677,0.062,70.8,0.731,0.636,0.255,52.3,9.25,0.145,3.034,59.65,856.35,Medium
2360,Thermograph,Mixed,None,3,0.513,0.019,19.13,0.244,0.455,0.354,39.74,8.9,0.044,0.904,33.74,549.46,Medium
2361,Thermograph,Mixed,None,3,0.56,0.069,32.74,0.571,0.69,0.859,93.75,3.52,0.102,3.073,29.44,743.88,Low
2362,Thermograph,Mixed,Thermal Anomaly,2,0.509,0.068,12.39,0.372,0.124,0.642,104.94,2.29,0.031,2.381,42.26,692.95,Medium
2363,C-scan (Pristine with Holes),Pristine,None,3,0.553,0.059,8.68,0.237,0.591,0.539,117.17,14.57,0.038,0.48,20.04,885.09,Low
2364,C-scan (BVID with Holes),Damaged,BVID,5,0.455,0.062,17.65,0.343,0.932,0.443,57.41,11.56,0.123,3.431,30.51,357.04,Medium
2365,C-scan (BVID with Holes),Damaged,BVID,2,0.478,0.042,76.1,0.568,0.104,0.596,36.77,5.6,0.153,3.332,51.63,827.06,Medium
2366,Thermograph,Mixed,None,2,0.486,0.073,73.96,0.202,0.503,0.873,80.96,11.31,0.111,3.301,27.52,799.43,Low
2367,C-scan (BVID with Holes),Damaged,BVID,5,0.555,0.056,26.53,0.749,0.447,0.884,77.96,6.32,0.18,4.221,56.15,718.23,Medium
2368,C-scan (Pristine with Holes),Pristine,None,5,0.656,0.027,64.56,0.422,0.893,0.665,108.05,14.09,0.047,0.518,52.48,458.86,High
2369,C-scan (BVID with Holes),Damaged,BVID,5,0.685,0.053,21.74,0.854,0.394,0.684,58.74,5.71,0.149,1.484,33.16,386.59,Medium
2370,Thermograph,Mixed,Thermal Anomaly,4,0.689,0.072,18.42,0.819,0.471,0.43,82.83,5.57,0.139,2.766,49.52,864.54,Medium
2371,Thermograph,Mixed,Thermal Anomaly,5,0.644,0.047,10.38,0.222,0.945,0.469,111.1,13.89,0.042,2.425,43.08,897.35,Medium
2372,C-scan (BVID with Holes),Damaged,BVID,5,0.608,0.02,64.08,0.682,0.242,0.345,37.86,9.65,0.093,2.042,48.1,745.53,Medium
2373,C-scan (Pristine with Holes),Pristine,None,3,0.494,0.025,17.5,0.211,0.571,0.306,47.13,3.01,0.043,0.426,42.83,639.84,Medium
2374,C-scan (BVID with Holes),Damaged,BVID,4,0.573,0.019,25.27,0.81,0.625,0.396,25.1,6.96,0.16,4.785,29.43,739.0,Low
2375,C-scan (Pristine with Holes),Pristine,None,6,0.478,0.051,58.83,0.325,0.786,0.647,84.55,13.67,0.049,0.469,30.94,461.2,Medium
2376,Thermograph,Mixed,Thermal Anomaly,5,0.541,0.012,13.22,0.33,0.164,0.27,67.03,11.28,0.137,0.842,20.99,865.03,Low
2377,C-scan (BVID with Holes),Damaged,BVID,3,0.612,0.033,31.91,0.889,0.393,0.45,91.11,6.7,0.17,3.681,50.29,479.0,Medium
2378,C-scan (Pristine with Holes),Pristine,None,3,0.672,0.022,30.25,0.835,0.559,0.222,41.5,12.89,0.028,0.799,28.48,622.99,Low
2379,C-scan (Pristine with Holes),Pristine,None,2,0.503,0.032,18.32,0.495,0.712,0.397,49.2,9.93,0.032,0.371,59.09,484.15,High
2380,Thermograph,Mixed,Thermal Anomaly,5,0.696,0.049,28.72,0.412,0.645,0.434,45.86,10.08,0.097,2.747,55.15,555.27,Medium
2381,Thermograph,Mixed,Thermal Anomaly,3,0.474,0.073,22.95,0.286,0.464,0.687,96.1,1.41,0.108,1.635,54.17,554.18,Medium
2382,C-scan (BVID with Holes),Damaged,BVID,2,0.54,0.036,52.95,0.635,0.855,0.811,66.55,13.35,0.135,4.477,58.19,883.78,Medium
2383,C-scan (Pristine with Holes),Pristine,None,3,0.615,0.067,64.71,0.592,0.355,0.709,87.88,0.83,0.01,0.197,56.59,863.98,High
2384,C-scan (Pristine with Holes),Pristine,None,3,0.612,0.046,81.02,0.848,0.638,0.339,74.42,5.98,0.011,0.643,20.71,879.53,Low
2385,Thermograph,Mixed,Thermal Anomaly,5,0.571,0.066,61.23,0.771,0.406,0.426,31.76,2.98,0.04,1.672,55.67,624.71,High
2386,Thermograph,Mixed,None,4,0.65,0.045,17.1,0.544,0.364,0.653,86.88,13.98,0.108,1.977,42.82,800.15,Medium
2387,C-scan (BVID with Holes),Damaged,BVID,4,0.567,0.053,0.47,0.312,0.958,0.518,107.27,8.84,0.092,1.845,33.27,615.54,Medium
2388,C-scan (Pristine with Holes),Pristine,None,6,0.535,0.078,59.59,0.68,0.314,0.647,38.22,7.84,0.03,0.2,35.93,427.8,Medium
2389,Thermograph,Mixed,None,3,0.652,0.025,30.78,0.405,0.122,0.263,89.59,9.83,0.109,2.728,46.08,832.1,Medium
2390,Thermograph,Mixed,Thermal Anomaly,3,0.639,0.073,47.17,0.997,0.711,0.794,92.7,6.81,0.057,2.601,45.58,781.09,High
2391,C-scan (Pristine with Holes),Pristine,None,6,0.584,0.024,1.67,0.149,0.269,0.302,119.95,1.05,0.027,0.838,53.97,868.12,High
2392,C-scan (Pristine with Holes),Pristine,None,3,0.464,0.024,20.99,0.113,0.28,0.733,51.04,10.53,0.013,0.154,34.29,456.14,Medium
2393,C-scan (Pristine with Holes),Pristine,None,4,0.493,0.057,29.97,0.253,0.423,0.648,69.42,6.8,0.024,0.805,27.84,444.93,Low
2394,C-scan (BVID with Holes),Damaged,BVID,6,0.513,0.012,11.94,0.536,0.905,0.637,97.8,2.32,0.12,4.612,22.21,513.42,Low
2395,C-scan (Pristine with Holes),Pristine,None,3,0.665,0.033,21.57,0.259,0.704,0.392,69.58,6.2,0.011,0.458,45.74,443.83,High
2396,C-scan (BVID with Holes),Damaged,BVID,4,0.528,0.022,57.68,0.138,0.515,0.8,88.03,14.14,0.144,4.665,43.43,787.05,Medium
2397,C-scan (BVID with Holes),Damaged,BVID,3,0.532,0.044,37.78,0.249,0.297,0.702,66.42,2.65,0.087,2.008,40.54,635.36,Medium
2398,C-scan (BVID with Holes),Damaged,BVID,5,0.504,0.038,44.56,0.138,0.263,0.42,115.12,1.88,0.107,2.896,58.37,641.81,Medium
2399,C-scan (BVID with Holes),Damaged,BVID,6,0.46,0.07,4.06,0.245,0.695,0.489,102.27,10.92,0.124,2.271,35.7,873.16,Medium
2400,C-scan (BVID with Holes),Damaged,BVID,6,0.675,0.067,13.31,0.489,0.313,0.897,69.06,13.42,0.103,2.159,49.24,873.9,Medium
2401,C-scan (Pristine with Holes),Pristine,None,5,0.684,0.06,41.47,0.307,0.6,0.628,44.73,5.85,0.038,0.29,52.43,615.91,High
2402,Thermograph,Mixed,Thermal Anomaly,6,0.475,0.066,85.55,0.584,0.183,0.349,95.18,10.68,0.045,2.205,22.61,806.31,Low
2403,Thermograph,Mixed,None,6,0.601,0.022,48.28,0.172,0.575,0.388,86.69,1.36,0.077,3.104,30.49,736.97,Medium
2404,Thermograph,Mixed,Thermal Anomaly,5,0.547,0.015,2.89,0.711,0.278,0.768,117.41,1.62,0.15,2.588,53.39,798.59,Medium
2405,Thermograph,Mixed,Thermal Anomaly,6,0.552,0.011,63.81,0.295,0.501,0.424,90.38,11.64,0.11,0.787,28.91,411.96,Low
2406,Thermograph,Mixed,None,4,0.684,0.016,43.62,0.653,0.491,0.579,95.5,1.05,0.099,1.488,32.34,836.94,Medium
2407,C-scan (BVID with Holes),Damaged,BVID,6,0.511,0.055,65.01,0.351,0.328,0.625,105.19,13.17,0.126,4.709,23.2,748.82,Low
2408,Thermograph,Mixed,Thermal Anomaly,4,0.64,0.062,10.44,0.679,0.222,0.398,54.74,3.28,0.108,2.377,57.85,590.43,Medium
2409,C-scan (BVID with Holes),Damaged,BVID,4,0.578,0.017,9.42,0.659,0.315,0.553,108.97,11.02,0.158,2.046,48.03,441.26,Medium
2410,C-scan (BVID with Holes),Damaged,BVID,3,0.7,0.045,34.23,0.601,0.992,0.307,60.17,1.63,0.154,1.492,47.5,765.14,Medium
2411,C-scan (Pristine with Holes),Pristine,None,3,0.653,0.047,17.25,0.631,0.652,0.434,25.62,3.27,0.029,0.175,57.61,820.99,High
2412,Thermograph,Mixed,Thermal Anomaly,4,0.635,0.039,87.99,0.75,0.299,0.647,114.07,4.39,0.076,0.83,42.92,484.04,Medium
2413,C-scan (BVID with Holes),Damaged,BVID,6,0.489,0.028,65.4,0.254,0.348,0.271,60.47,11.08,0.099,2.575,24.71,456.68,Low
2414,Thermograph,Mixed,Thermal Anomaly,3,0.57,0.08,20.3,0.755,0.716,0.521,89.14,3.06,0.034,1.047,51.4,364.13,High
2415,C-scan (BVID with Holes),Damaged,BVID,2,0.461,0.078,36.29,0.108,0.548,0.855,85.24,7.75,0.196,2.279,44.16,507.64,Medium
2416,Thermograph,Mixed,Thermal Anomaly,5,0.676,0.043,4.36,0.575,0.189,0.509,60.89,4.01,0.119,1.855,21.24,893.88,Low
2417,Thermograph,Mixed,None,3,0.516,0.027,58.04,0.94,0.711,0.768,55.55,8.16,0.083,3.418,56.27,353.96,Medium
2418,Thermograph,Mixed,Thermal Anomaly,6,0.654,0.034,33.28,0.3,0.229,0.567,108.08,2.94,0.106,1.274,59.23,839.42,Medium
2419,C-scan (BVID with Holes),Damaged,BVID,6,0.693,0.062,7.89,0.448,0.861,0.606,77.04,13.39,0.157,4.152,45.47,493.65,Medium
2420,Thermograph,Mixed,None,4,0.656,0.026,59.24,0.573,0.844,0.31,28.78,8.99,0.116,1.6,30.01,504.26,Medium
2421,C-scan (BVID with Holes),Damaged,BVID,5,0.579,0.03,50.9,0.37,0.277,0.685,54.1,3.94,0.198,1.068,43.98,496.95,Medium
2422,Thermograph,Mixed,None,6,0.606,0.016,74.08,0.72,0.869,0.585,118.37,10.17,0.113,2.111,37.49,375.24,Medium
2423,C-scan (BVID with Holes),Damaged,BVID,4,0.501,0.068,66.34,0.295,0.958,0.627,53.94,6.03,0.107,1.056,34.56,762.82,Medium
2424,C-scan (Pristine with Holes),Pristine,None,2,0.546,0.032,61.65,0.168,0.552,0.766,66.06,8.96,0.043,0.784,33.81,837.94,Medium
2425,C-scan (Pristine with Holes),Pristine,None,6,0.559,0.077,12.26,0.582,0.447,0.892,96.72,4.31,0.025,0.6,22.74,413.91,Low
2426,Thermograph,Mixed,Thermal Anomaly,3,0.653,0.078,57.54,0.331,0.653,0.222,46.17,11.58,0.069,1.95,48.56,507.69,High
2427,C-scan (BVID with Holes),Damaged,BVID,2,0.509,0.072,74.97,0.919,0.543,0.825,115.44,8.86,0.18,1.207,48.58,596.74,Medium
2428,C-scan (Pristine with Holes),Pristine,None,4,0.656,0.078,54.68,0.248,0.99,0.445,68.61,13.48,0.044,0.436,20.25,363.03,Low
2429,C-scan (Pristine with Holes),Pristine,None,6,0.627,0.057,7.2,0.774,0.734,0.898,45.09,2.3,0.029,0.595,29.8,888.73,Low
2430,C-scan (BVID with Holes),Damaged,BVID,5,0.693,0.012,17.16,0.752,0.157,0.711,57.61,9.0,0.138,4.352,55.05,650.01,Medium
2431,C-scan (BVID with Holes),Damaged,BVID,3,0.555,0.036,35.74,0.416,0.924,0.837,100.87,3.21,0.082,3.821,56.71,555.37,Medium
2432,C-scan (Pristine with Holes),Pristine,None,5,0.607,0.038,7.14,0.786,0.256,0.746,68.55,4.22,0.036,0.261,24.24,857.93,Low
2433,Thermograph,Mixed,None,6,0.696,0.025,13.53,0.279,0.433,0.626,114.69,8.07,0.131,2.14,51.55,686.26,Medium
2434,Thermograph,Mixed,None,6,0.517,0.041,38.34,0.859,0.482,0.209,106.14,8.69,0.092,1.913,50.4,633.88,Medium
2435,C-scan (Pristine with Holes),Pristine,None,2,0.476,0.076,32.64,0.777,0.728,0.711,67.89,3.33,0.011,0.757,35.34,522.3,Medium
2436,C-scan (BVID with Holes),Damaged,BVID,5,0.514,0.027,24.07,0.123,0.126,0.24,38.8,6.85,0.157,1.922,21.62,896.88,Low
2437,C-scan (BVID with Holes),Damaged,BVID,5,0.489,0.016,3.02,0.655,0.931,0.503,42.65,6.3,0.147,2.741,22.07,510.97,Low
2438,C-scan (Pristine with Holes),Pristine,None,4,0.672,0.056,59.44,0.672,0.571,0.707,65.46,6.62,0.02,0.99,24.51,536.58,Low
2439,Thermograph,Mixed,None,5,0.581,0.061,69.32,0.439,0.525,0.805,105.17,8.9,0.146,0.873,24.43,483.84,Low
2440,C-scan (Pristine with Holes),Pristine,None,3,0.51,0.062,15.7,0.793,0.726,0.62,68.67,8.67,0.046,0.904,52.75,739.63,High
2441,C-scan (Pristine with Holes),Pristine,None,4,0.572,0.06,0.41,0.975,0.481,0.351,57.4,0.88,0.049,0.626,54.85,368.05,High
2442,Thermograph,Mixed,Thermal Anomaly,2,0.486,0.073,87.07,0.617,0.15,0.205,61.22,7.02,0.049,3.259,37.58,431.26,Medium
2443,Thermograph,Mixed,Thermal Anomaly,4,0.513,0.019,27.77,0.892,0.54,0.852,63.14,9.92,0.056,0.513,32.3,630.99,Medium
2444,C-scan (Pristine with Holes),Pristine,None,5,0.484,0.016,5.62,0.146,0.683,0.421,80.91,13.33,0.015,0.762,25.95,627.18,Low
2445,C-scan (Pristine with Holes),Pristine,None,4,0.58,0.039,29.23,0.37,0.732,0.431,49.79,11.24,0.046,0.134,25.98,469.27,Low
2446,C-scan (BVID with Holes),Damaged,BVID,3,0.51,0.022,60.96,0.133,0.207,0.834,75.86,6.44,0.187,2.158,50.19,512.25,Medium
2447,C-scan (Pristine with Holes),Pristine,None,6,0.652,0.015,39.96,0.13,0.494,0.452,103.88,4.46,0.035,0.691,57.02,466.22,High
2448,C-scan (BVID with Holes),Damaged,BVID,4,0.475,0.044,58.13,0.267,0.74,0.819,93.27,6.86,0.081,1.862,20.58,660.37,Low
2449,C-scan (Pristine with Holes),Pristine,None,3,0.626,0.065,0.87,0.537,0.347,0.388,79.42,13.19,0.016,0.192,44.23,361.0,Medium
2450,Thermograph,Mixed,None,2,0.532,0.041,76.05,0.967,0.276,0.736,62.98,8.11,0.091,2.455,32.56,419.16,Medium
2451,C-scan (Pristine with Holes),Pristine,None,5,0.526,0.063,31.71,0.462,0.969,0.9,116.09,13.65,0.03,0.365,55.49,814.64,High
2452,C-scan (Pristine with Holes),Pristine,None,4,0.657,0.028,4.18,0.201,0.985,0.623,71.34,7.32,0.031,0.323,56.0,371.75,High
2453,Thermograph,Mixed,Thermal Anomaly,5,0.529,0.013,35.07,0.687,0.294,0.703,77.41,8.86,0.109,1.989,23.85,534.65,Low
2454,C-scan (Pristine with Holes),Pristine,None,6,0.555,0.075,54.26,0.524,0.482,0.711,51.67,7.09,0.043,0.846,29.34,779.65,Low
2455,Thermograph,Mixed,None,3,0.668,0.064,51.2,0.326,0.859,0.834,110.22,4.35,0.093,3.485,33.42,669.41,Medium
2456,C-scan (BVID with Holes),Damaged,BVID,5,0.688,0.017,2.53,0.951,0.136,0.592,45.18,3.86,0.179,4.479,36.74,756.55,Medium
2457,C-scan (BVID with Holes),Damaged,BVID,5,0.61,0.037,21.8,0.357,0.859,0.57,82.52,7.09,0.162,3.392,22.25,727.62,Low
2458,C-scan (BVID with Holes),Damaged,BVID,3,0.664,0.079,12.09,0.326,0.923,0.877,98.56,13.96,0.172,3.064,33.56,581.43,Medium
2459,C-scan (BVID with Holes),Damaged,BVID,6,0.488,0.02,49.79,0.727,0.216,0.497,106.4,1.34,0.132,2.694,33.88,808.24,Medium
2460,C-scan (BVID with Holes),Damaged,BVID,6,0.476,0.03,80.97,0.982,0.148,0.627,40.34,11.39,0.087,4.138,42.26,559.41,Medium
2461,C-scan (Pristine with Holes),Pristine,None,6,0.668,0.025,17.77,0.675,0.704,0.22,88.69,2.33,0.049,0.497,27.56,503.33,Low
2462,C-scan (Pristine with Holes),Pristine,None,2,0.549,0.063,79.23,0.881,0.711,0.326,66.76,2.65,0.039,0.867,27.95,746.9,Low
2463,Thermograph,Mixed,None,6,0.532,0.054,8.18,0.208,0.773,0.727,87.02,8.65,0.1,2.669,29.66,368.54,Low
2464,Thermograph,Mixed,None,2,0.622,0.017,68.18,0.629,0.346,0.791,94.7,2.93,0.034,1.658,37.31,618.99,Medium
2465,C-scan (Pristine with Holes),Pristine,None,4,0.691,0.048,48.39,0.504,0.4,0.416,51.35,7.98,0.035,0.822,20.3,425.17,Low
2466,Thermograph,Mixed,Thermal Anomaly,5,0.512,0.026,1.75,0.358,0.602,0.25,118.37,6.06,0.122,0.806,47.87,812.84,Medium
2467,C-scan (BVID with Holes),Damaged,BVID,4,0.483,0.04,23.75,0.698,0.68,0.557,80.67,12.92,0.152,1.082,37.89,887.51,Medium
2468,Thermograph,Mixed,None,5,0.687,0.075,58.26,0.46,0.837,0.755,115.77,10.95,0.031,1.865,39.87,441.97,Medium
2469,C-scan (Pristine with Holes),Pristine,None,4,0.639,0.061,0.4,0.552,0.177,0.413,47.45,11.08,0.044,0.138,31.42,541.55,Medium
2470,C-scan (BVID with Holes),Damaged,BVID,5,0.672,0.075,20.54,0.229,0.503,0.339,76.65,2.7,0.176,2.895,38.84,388.67,Medium
2471,C-scan (Pristine with Holes),Pristine,None,2,0.642,0.042,52.66,0.438,0.893,0.756,88.45,11.65,0.035,0.936,48.31,470.51,High
2472,C-scan (BVID with Holes),Damaged,BVID,4,0.523,0.048,33.42,0.151,0.289,0.612,108.01,3.94,0.096,4.05,53.95,393.87,Medium
2473,Thermograph,Mixed,Thermal Anomaly,5,0.695,0.068,65.57,0.87,0.626,0.397,51.87,8.83,0.096,1.654,58.29,596.22,Medium
2474,C-scan (BVID with Holes),Damaged,BVID,2,0.675,0.046,14.51,0.432,0.838,0.499,56.01,1.96,0.171,1.533,44.37,411.61,Medium
2475,C-scan (Pristine with Holes),Pristine,None,5,0.478,0.055,29.18,0.762,0.616,0.294,31.62,2.14,0.044,0.404,35.53,858.24,Medium
2476,Thermograph,Mixed,Thermal Anomaly,3,0.662,0.013,63.57,0.241,0.519,0.872,84.26,13.34,0.115,2.667,24.88,561.45,Low
2477,Thermograph,Mixed,Thermal Anomaly,4,0.642,0.025,75.51,0.556,0.761,0.295,42.69,7.99,0.14,3.187,31.28,849.77,Medium
2478,Thermograph,Mixed,None,2,0.464,0.076,85.95,0.435,0.955,0.726,95.14,11.34,0.118,0.708,27.34,691.11,Low
2479,Thermograph,Mixed,Thermal Anomaly,4,0.482,0.069,56.82,0.248,0.663,0.524,115.71,12.97,0.078,1.868,36.4,390.13,Medium
2480,C-scan (Pristine with Holes),Pristine,None,4,0.662,0.022,80.91,0.365,0.968,0.629,48.64,3.99,0.011,0.817,31.68,802.89,Medium
2481,C-scan (BVID with Holes),Damaged,BVID,2,0.514,0.06,9.79,0.436,0.492,0.244,30.96,3.39,0.114,3.859,32.04,815.98,Medium
2482,C-scan (BVID with Holes),Damaged,BVID,3,0.558,0.018,73.76,0.714,0.84,0.544,68.65,14.02,0.164,3.553,39.42,497.56,Medium
2483,C-scan (BVID with Holes),Damaged,BVID,3,0.613,0.041,27.68,0.204,0.594,0.466,40.8,5.24,0.166,2.846,48.7,840.9,Medium
2484,C-scan (BVID with Holes),Damaged,BVID,5,0.533,0.064,37.19,0.312,0.769,0.348,79.44,12.42,0.178,3.63,50.25,366.99,Medium
2485,C-scan (Pristine with Holes),Pristine,None,6,0.62,0.019,4.09,0.726,0.593,0.579,118.21,2.14,0.036,0.247,46.53,722.26,High
2486,C-scan (Pristine with Holes),Pristine,None,5,0.525,0.059,47.96,0.948,0.575,0.293,58.43,9.79,0.04,0.669,46.97,361.98,High
2487,Thermograph,Mixed,None,4,0.556,0.057,51.81,0.234,0.255,0.361,32.25,1.06,0.087,1.469,38.0,616.82,Medium
2488,C-scan (Pristine with Holes),Pristine,None,5,0.583,0.056,34.23,0.991,0.646,0.472,108.29,3.93,0.026,0.916,48.4,844.51,High
2489,C-scan (BVID with Holes),Damaged,BVID,6,0.624,0.04,38.94,0.917,0.281,0.27,35.66,10.04,0.156,4.703,47.93,573.7,Medium
2490,C-scan (BVID with Holes),Damaged,BVID,2,0.64,0.035,79.1,0.153,0.195,0.732,116.05,10.74,0.094,2.548,59.18,773.25,Medium
2491,Thermograph,Mixed,None,3,0.637,0.078,22.87,0.817,0.177,0.334,108.2,2.84,0.133,2.187,20.56,507.35,Low
2492,C-scan (Pristine with Holes),Pristine,None,4,0.611,0.047,30.55,0.364,0.379,0.374,38.01,11.85,0.012,0.247,53.25,702.72,High
2493,C-scan (BVID with Holes),Damaged,BVID,6,0.63,0.066,79.33,0.128,0.919,0.467,111.22,5.21,0.149,3.925,22.65,468.94,Low
2494,C-scan (BVID with Holes),Damaged,BVID,4,0.538,0.029,32.27,0.168,0.485,0.857,76.07,12.66,0.156,3.888,49.31,820.06,Medium
2495,Thermograph,Mixed,None,3,0.565,0.028,8.51,0.439,0.198,0.684,31.58,1.22,0.063,2.506,49.89,590.84,High
2496,C-scan (Pristine with Holes),Pristine,None,6,0.663,0.067,41.08,0.303,0.566,0.288,38.16,3.78,0.034,0.913,53.6,799.99,High
2497,C-scan (BVID with Holes),Damaged,BVID,4,0.523,0.058,21.91,0.815,0.989,0.675,116.55,13.87,0.094,3.649,42.15,701.07,Medium
2498,C-scan (BVID with Holes),Damaged,BVID,4,0.528,0.018,74.14,0.476,0.86,0.539,81.21,4.1,0.14,3.96,33.58,503.59,Medium
2499,C-scan (BVID with Holes),Damaged,BVID,6,0.694,0.051,60.95,0.919,0.842,0.256,63.42,11.0,0.175,4.947,30.99,371.11,Medium
2500,C-scan (Pristine with Holes),Pristine,None,6,0.659,0.061,34.31,0.979,0.607,0.715,94.73,4.63,0.029,0.478,29.58,505.11,Low
2501,C-scan (Pristine with Holes),Pristine,None,4,0.615,0.075,47.86,0.788,0.323,0.739,85.69,1.03,0.041,0.11,40.37,892.07,Medium
2502,C-scan (Pristine with Holes),Pristine,None,3,0.549,0.03,86.16,0.513,0.382,0.518,108.35,1.18,0.042,0.137,46.57,656.55,High
2503,C-scan (BVID with Holes),Damaged,BVID,6,0.687,0.063,60.79,0.17,0.159,0.883,112.86,3.16,0.119,2.562,50.37,530.77,Medium
2504,C-scan (BVID with Holes),Damaged,BVID,5,0.695,0.046,68.34,0.14,0.359,0.233,118.96,12.64,0.173,4.909,59.53,696.66,Medium
2505,Thermograph,Mixed,Thermal Anomaly,2,0.514,0.017,1.15,0.417,0.199,0.382,81.15,1.16,0.059,1.804,34.05,894.45,Medium
2506,Thermograph,Mixed,None,6,0.616,0.055,49.23,0.518,0.787,0.684,88.98,11.2,0.142,2.552,40.59,561.84,Medium
2507,C-scan (Pristine with Holes),Pristine,None,3,0.579,0.065,67.93,0.816,0.332,0.793,76.46,2.23,0.048,0.32,58.64,652.02,High
2508,C-scan (Pristine with Holes),Pristine,None,6,0.573,0.036,70.59,0.224,0.416,0.856,72.07,1.28,0.038,0.484,24.73,516.09,Low
2509,C-scan (Pristine with Holes),Pristine,None,2,0.68,0.039,67.8,0.774,0.56,0.57,95.23,9.49,0.021,0.271,53.29,692.62,High
2510,Thermograph,Mixed,Thermal Anomaly,3,0.619,0.021,21.97,0.164,0.366,0.877,26.7,10.38,0.076,2.201,27.33,473.72,Low
2511,C-scan (Pristine with Holes),Pristine,None,6,0.686,0.078,22.38,0.805,0.151,0.328,62.98,5.32,0.031,0.551,45.1,543.14,High
2512,C-scan (BVID with Holes),Damaged,BVID,4,0.593,0.053,89.87,0.671,0.791,0.453,100.75,7.89,0.117,1.573,35.11,595.88,Medium
2513,C-scan (Pristine with Holes),Pristine,None,2,0.654,0.066,17.44,0.899,0.888,0.566,35.55,2.24,0.02,0.206,30.97,607.13,Medium
2514,Thermograph,Mixed,Thermal Anomaly,6,0.533,0.065,31.39,0.576,0.93,0.895,114.54,11.26,0.135,2.427,48.74,686.78,Medium
2515,C-scan (Pristine with Holes),Pristine,None,4,0.552,0.069,62.72,0.62,0.451,0.455,117.33,14.83,0.029,0.838,30.9,506.6,Medium
2516,C-scan (BVID with Holes),Damaged,BVID,4,0.627,0.05,89.55,0.884,0.65,0.297,98.43,14.86,0.089,1.159,20.23,522.18,Low
2517,C-scan (Pristine with Holes),Pristine,None,3,0.584,0.056,64.12,0.351,0.915,0.346,67.66,5.71,0.011,0.739,32.94,831.77,Medium
2518,C-scan (Pristine with Holes),Pristine,None,4,0.473,0.043,25.94,0.218,0.323,0.304,103.67,12.06,0.026,0.54,50.94,821.4,High
2519,Thermograph,Mixed,Thermal Anomaly,2,0.687,0.03,16.32,0.192,0.452,0.784,57.95,4.89,0.032,1.607,48.43,682.46,High
2520,C-scan (BVID with Holes),Damaged,BVID,2,0.572,0.045,13.99,0.108,0.166,0.836,78.38,4.24,0.163,2.946,33.13,520.57,Medium
2521,C-scan (Pristine with Holes),Pristine,None,3,0.45,0.012,86.48,0.742,0.623,0.408,52.17,1.37,0.021,0.787,42.37,701.39,Medium
2522,C-scan (Pristine with Holes),Pristine,None,3,0.558,0.031,23.93,0.83,0.886,0.468,100.27,11.83,0.034,0.23,54.17,520.48,High
2523,Thermograph,Mixed,Thermal Anomaly,6,0.695,0.038,76.32,0.597,0.359,0.51,32.8,14.58,0.038,0.508,57.89,826.57,High
2524,C-scan (Pristine with Holes),Pristine,None,6,0.647,0.052,23.41,0.602,0.774,0.529,68.39,5.88,0.021,0.539,50.1,390.82,High
2525,C-scan (BVID with Holes),Damaged,BVID,4,0.579,0.022,7.33,0.242,0.282,0.374,117.53,2.22,0.132,1.477,59.74,539.41,Medium
2526,C-scan (Pristine with Holes),Pristine,None,5,0.552,0.036,64.7,0.643,0.974,0.668,53.61,4.53,0.037,0.416,50.04,721.8,High
2527,Thermograph,Mixed,None,3,0.51,0.011,2.33,0.105,0.777,0.36,82.42,9.09,0.074,1.985,22.44,748.5,Low
2528,C-scan (Pristine with Holes),Pristine,None,3,0.462,0.069,65.3,0.58,0.3,0.538,60.81,14.06,0.026,0.285,48.99,375.75,High
2529,C-scan (BVID with Holes),Damaged,BVID,4,0.602,0.037,3.3,0.693,0.423,0.766,50.87,11.96,0.166,3.289,37.55,828.66,Medium
2530,C-scan (Pristine with Holes),Pristine,None,6,0.504,0.016,15.1,0.7,0.934,0.33,83.9,1.25,0.039,0.11,39.81,773.26,Medium
2531,C-scan (BVID with Holes),Damaged,BVID,3,0.532,0.038,45.08,0.368,0.325,0.774,70.19,12.9,0.149,4.127,42.61,586.63,Medium
2532,Thermograph,Mixed,None,6,0.481,0.029,53.45,0.296,0.863,0.369,86.89,7.79,0.137,2.902,31.44,489.89,Medium
2533,C-scan (BVID with Holes),Damaged,BVID,6,0.556,0.065,88.47,0.888,0.837,0.737,99.17,6.95,0.118,1.819,47.71,668.69,Medium
2534,C-scan (BVID with Holes),Damaged,BVID,2,0.629,0.075,8.39,0.76,0.896,0.683,108.65,1.77,0.116,3.976,40.95,654.72,Medium
2535,Thermograph,Mixed,Thermal Anomaly,6,0.661,0.021,48.16,0.281,0.201,0.792,40.27,7.11,0.072,1.73,34.85,548.1,Medium
2536,C-scan (Pristine with Holes),Pristine,None,5,0.495,0.056,26.81,0.838,0.702,0.342,57.2,9.71,0.047,0.355,46.53,666.25,High
2537,C-scan (Pristine with Holes),Pristine,None,3,0.539,0.079,71.73,0.769,0.221,0.357,89.64,13.0,0.026,0.983,21.51,560.4,Low
2538,C-scan (Pristine with Holes),Pristine,None,3,0.542,0.012,10.13,0.697,0.419,0.553,36.56,5.34,0.04,0.453,53.58,680.57,High
2539,C-scan (BVID with Holes),Damaged,BVID,3,0.45,0.011,71.87,0.302,0.476,0.878,62.42,4.75,0.187,4.086,23.05,804.58,Low
2540,C-scan (BVID with Holes),Damaged,BVID,2,0.588,0.027,9.02,0.245,0.146,0.467,78.9,2.96,0.152,1.873,26.74,833.34,Low
2541,C-scan (BVID with Holes),Damaged,BVID,6,0.581,0.036,4.8,0.636,0.882,0.211,67.76,4.27,0.2,3.584,26.97,604.66,Low
2542,C-scan (Pristine with Holes),Pristine,None,2,0.482,0.032,59.81,0.58,0.5,0.708,94.44,3.99,0.014,0.591,54.91,399.88,High
2543,Thermograph,Mixed,None,2,0.513,0.08,51.69,0.184,0.296,0.813,46.73,3.44,0.103,2.434,59.79,559.45,Medium
2544,C-scan (BVID with Holes),Damaged,BVID,5,0.577,0.057,3.58,0.631,0.269,0.878,56.07,6.19,0.193,1.288,54.99,530.27,Medium
2545,Thermograph,Mixed,Thermal Anomaly,3,0.699,0.047,78.44,0.993,0.825,0.396,33.22,0.62,0.054,2.027,53.03,739.53,High
2546,C-scan (Pristine with Holes),Pristine,None,3,0.517,0.016,47.64,0.402,0.573,0.831,64.29,6.58,0.034,0.389,39.47,432.16,Medium
2547,Thermograph,Mixed,Thermal Anomaly,3,0.586,0.037,76.78,0.838,0.462,0.448,78.31,2.24,0.138,1.928,23.06,442.99,Low
2548,C-scan (BVID with Holes),Damaged,BVID,3,0.688,0.01,0.21,0.931,0.372,0.647,91.87,7.98,0.159,3.064,41.77,875.98,Medium
2549,C-scan (Pristine with Holes),Pristine,None,6,0.492,0.073,88.49,0.557,0.833,0.648,83.76,10.39,0.043,0.432,32.46,836.78,Medium
2550,Thermograph,Mixed,Thermal Anomaly,2,0.468,0.014,18.67,0.46,0.742,0.236,26.39,6.41,0.036,3.164,56.5,751.12,High
2551,Thermograph,Mixed,Thermal Anomaly,4,0.664,0.049,13.02,0.733,0.965,0.556,81.35,14.59,0.068,2.896,52.63,725.42,High
2552,C-scan (BVID with Holes),Damaged,BVID,2,0.475,0.041,50.31,0.942,0.171,0.586,43.74,7.46,0.175,3.112,31.84,605.78,Medium
2553,C-scan (BVID with Holes),Damaged,BVID,2,0.656,0.048,43.35,0.929,0.998,0.246,90.99,9.99,0.084,3.844,20.81,449.54,Low
2554,Thermograph,Mixed,None,4,0.659,0.046,6.28,0.159,0.957,0.474,101.18,13.25,0.11,3.461,29.35,792.07,Low
2555,C-scan (BVID with Holes),Damaged,BVID,4,0.553,0.021,73.33,0.416,0.239,0.238,29.94,9.22,0.196,1.355,39.81,684.25,Medium
2556,C-scan (BVID with Holes),Damaged,BVID,2,0.622,0.067,57.9,0.491,0.686,0.4,89.85,4.32,0.135,2.483,54.9,511.91,Medium
2557,Thermograph,Mixed,Thermal Anomaly,2,0.695,0.033,61.79,0.224,0.333,0.731,109.9,5.3,0.048,3.424,32.67,470.09,Medium
2558,C-scan (BVID with Holes),Damaged,BVID,3,0.577,0.056,81.19,0.112,0.806,0.221,118.45,14.26,0.116,3.561,31.15,615.57,Medium
2559,C-scan (Pristine with Holes),Pristine,None,3,0.674,0.055,9.89,0.265,0.991,0.804,92.85,12.0,0.011,0.64,26.98,755.13,Low
2560,Thermograph,Mixed,None,2,0.551,0.045,3.93,0.552,0.127,0.375,74.68,2.07,0.117,3.277,58.9,773.14,Medium
2561,Thermograph,Mixed,None,4,0.608,0.077,42.18,0.174,0.826,0.568,72.84,13.5,0.148,0.574,31.72,353.01,Medium
2562,C-scan (Pristine with Holes),Pristine,None,4,0.637,0.014,56.62,0.95,0.775,0.73,45.94,8.16,0.041,0.648,55.79,457.05,High
2563,Thermograph,Mixed,Thermal Anomaly,4,0.504,0.026,5.81,0.121,0.501,0.649,51.65,8.24,0.033,2.798,42.88,887.53,Medium
2564,C-scan (BVID with Holes),Damaged,BVID,6,0.63,0.066,58.3,0.745,0.701,0.302,100.52,7.41,0.102,3.288,57.0,545.03,Medium
2565,Thermograph,Mixed,None,3,0.533,0.014,3.28,0.534,0.136,0.363,42.93,0.93,0.072,1.829,30.87,502.06,Medium
2566,Thermograph,Mixed,Thermal Anomaly,6,0.595,0.034,70.16,0.102,0.335,0.489,57.26,6.16,0.12,1.078,30.17,604.5,Medium
2567,Thermograph,Mixed,None,2,0.597,0.058,20.11,0.162,0.113,0.272,56.01,13.0,0.039,0.529,32.01,435.75,Medium
2568,C-scan (BVID with Holes),Damaged,BVID,4,0.668,0.049,60.98,0.611,0.769,0.748,83.87,7.65,0.178,3.312,41.09,859.43,Medium
2569,C-scan (BVID with Holes),Damaged,BVID,3,0.56,0.043,82.77,0.965,0.543,0.869,33.98,13.69,0.13,1.259,49.42,766.39,Medium
2570,C-scan (BVID with Holes),Damaged,BVID,2,0.506,0.059,29.1,0.856,0.603,0.811,102.45,12.65,0.12,3.674,33.22,381.55,Medium
2571,Thermograph,Mixed,Thermal Anomaly,6,0.571,0.046,31.84,0.982,0.702,0.321,43.78,4.91,0.088,2.992,39.76,821.83,Medium
2572,C-scan (Pristine with Holes),Pristine,None,5,0.629,0.046,46.89,0.816,0.845,0.3,79.28,6.19,0.05,0.104,20.57,451.12,Low
2573,C-scan (Pristine with Holes),Pristine,None,6,0.468,0.025,10.88,0.618,0.445,0.359,114.54,12.48,0.014,0.398,22.45,701.05,Low
2574,C-scan (Pristine with Holes),Pristine,None,2,0.653,0.044,24.88,0.242,0.627,0.783,103.39,3.94,0.043,0.863,38.8,700.23,Medium
2575,Thermograph,Mixed,None,4,0.488,0.052,87.14,0.493,0.689,0.21,77.69,5.92,0.103,1.858,50.43,519.56,Medium
2576,Thermograph,Mixed,None,4,0.548,0.055,64.84,0.422,0.127,0.845,49.83,5.28,0.139,0.589,42.44,655.69,Medium
2577,C-scan (Pristine with Holes),Pristine,None,6,0.691,0.036,55.08,0.419,0.318,0.206,70.53,12.74,0.032,0.886,35.18,757.22,Medium
2578,C-scan (Pristine with Holes),Pristine,None,2,0.663,0.058,82.4,0.943,0.758,0.879,51.67,6.49,0.03,0.368,56.58,477.66,High
2579,C-scan (BVID with Holes),Damaged,BVID,5,0.557,0.048,69.86,0.667,0.331,0.478,88.94,8.89,0.161,3.204,52.38,806.87,Medium
2580,C-scan (Pristine with Holes),Pristine,None,4,0.677,0.069,39.29,0.854,0.132,0.869,34.83,8.14,0.015,0.369,38.3,729.85,Medium
2581,Thermograph,Mixed,Thermal Anomaly,4,0.453,0.036,2.7,0.736,0.609,0.776,25.89,12.8,0.086,2.477,56.29,698.53,Medium
2582,C-scan (Pristine with Holes),Pristine,None,6,0.481,0.076,73.05,0.509,0.115,0.612,69.4,10.79,0.034,0.983,30.51,504.27,Medium
2583,C-scan (Pristine with Holes),Pristine,None,5,0.594,0.024,73.28,0.76,0.136,0.553,94.83,10.91,0.049,0.873,29.72,876.32,Low
2584,C-scan (Pristine with Holes),Pristine,None,5,0.623,0.059,18.84,0.515,0.955,0.231,72.08,6.73,0.033,0.9,50.69,652.51,High
2585,C-scan (Pristine with Holes),Pristine,None,4,0.534,0.058,69.09,0.117,0.277,0.811,100.83,10.28,0.047,0.956,40.09,757.45,Medium
2586,Thermograph,Mixed,Thermal Anomaly,2,0.63,0.034,34.57,0.811,0.161,0.735,88.32,9.79,0.122,3.173,38.12,355.62,Medium
2587,C-scan (Pristine with Holes),Pristine,None,2,0.525,0.016,54.65,0.206,0.406,0.689,31.85,14.51,0.039,0.416,50.83,558.88,High
2588,C-scan (BVID with Holes),Damaged,BVID,2,0.621,0.055,1.16,0.761,0.178,0.267,89.73,14.81,0.086,1.982,59.14,807.77,Medium
2589,C-scan (BVID with Holes),Damaged,BVID,6,0.564,0.041,89.68,0.471,0.291,0.74,82.21,7.54,0.081,3.309,55.44,890.76,Medium
2590,Thermograph,Mixed,None,4,0.583,0.04,41.86,0.393,0.617,0.705,105.39,6.25,0.114,2.148,42.72,639.0,Medium
2591,C-scan (Pristine with Holes),Pristine,None,2,0.489,0.069,59.59,0.802,0.948,0.284,81.66,11.4,0.038,0.78,29.78,596.6,Low
2592,C-scan (BVID with Holes),Damaged,BVID,4,0.533,0.023,21.41,0.753,0.741,0.457,25.65,8.79,0.174,2.729,24.68,482.92,Low
2593,C-scan (BVID with Holes),Damaged,BVID,5,0.452,0.047,39.74,0.104,0.26,0.78,87.6,7.22,0.186,1.49,38.61,828.84,Medium
2594,Thermograph,Mixed,None,6,0.577,0.018,12.71,0.412,0.176,0.511,82.07,2.69,0.141,0.959,21.96,679.96,Low
2595,C-scan (Pristine with Holes),Pristine,None,5,0.559,0.068,51.47,0.885,0.926,0.232,91.66,5.86,0.032,0.54,38.48,695.36,Medium
2596,Thermograph,Mixed,None,3,0.655,0.077,7.78,0.113,0.271,0.299,94.7,4.94,0.096,2.663,48.85,814.72,Medium
2597,C-scan (Pristine with Holes),Pristine,None,3,0.495,0.011,65.98,0.319,0.619,0.741,55.95,14.31,0.011,0.652,32.94,741.42,Medium
2598,Thermograph,Mixed,Thermal Anomaly,3,0.507,0.047,8.26,0.251,0.836,0.658,115.81,13.42,0.052,1.114,23.86,559.75,Low
2599,C-scan (Pristine with Holes),Pristine,None,3,0.659,0.065,2.59,0.82,0.725,0.65,78.17,0.84,0.037,0.312,54.21,530.63,High
2600,C-scan (Pristine with Holes),Pristine,None,2,0.582,0.013,52.91,0.779,0.571,0.363,30.23,0.66,0.019,0.321,25.75,693.54,Low
2601,C-scan (Pristine with Holes),Pristine,None,6,0.599,0.032,56.55,0.5,0.242,0.806,48.98,8.56,0.026,0.333,25.56,552.71,Low
2602,C-scan (BVID with Holes),Damaged,BVID,5,0.672,0.014,9.38,0.744,0.952,0.236,44.81,1.45,0.156,1.064,38.4,598.88,Medium
2603,Thermograph,Mixed,None,3,0.662,0.032,44.27,0.281,0.454,0.49,64.48,6.23,0.043,1.178,47.96,487.7,High
2604,C-scan (BVID with Holes),Damaged,BVID,5,0.686,0.04,83.47,0.227,0.127,0.838,118.42,11.01,0.116,3.822,26.4,547.25,Low
2605,C-scan (Pristine with Holes),Pristine,None,3,0.479,0.035,35.43,0.549,0.896,0.754,63.22,12.55,0.039,0.907,47.44,635.82,High
2606,Thermograph,Mixed,Thermal Anomaly,4,0.641,0.043,6.07,0.464,0.578,0.68,101.84,13.53,0.116,2.201,38.43,897.3,Medium
2607,Thermograph,Mixed,Thermal Anomaly,5,0.605,0.053,70.86,0.843,0.181,0.827,92.91,13.79,0.077,2.724,24.15,574.98,Low
2608,C-scan (BVID with Holes),Damaged,BVID,5,0.608,0.05,1.55,0.331,0.652,0.33,76.35,4.54,0.13,4.865,34.21,562.81,Medium
2609,C-scan (Pristine with Holes),Pristine,None,2,0.565,0.066,12.96,0.918,0.242,0.736,67.0,4.22,0.02,0.955,33.49,585.66,Medium
2610,Thermograph,Mixed,None,6,0.52,0.049,47.75,0.233,0.897,0.517,81.44,14.58,0.082,1.553,32.73,449.29,Medium
2611,Thermograph,Mixed,Thermal Anomaly,3,0.492,0.054,58.18,0.722,0.461,0.797,98.67,10.65,0.084,0.739,25.84,654.17,Low
2612,C-scan (Pristine with Holes),Pristine,None,6,0.651,0.018,75.21,0.967,0.842,0.868,112.36,10.9,0.026,0.385,28.65,520.65,Low
2613,C-scan (Pristine with Holes),Pristine,None,4,0.58,0.029,18.55,0.268,0.436,0.822,26.44,11.36,0.026,0.679,57.99,742.79,High
2614,C-scan (Pristine with Holes),Pristine,None,6,0.585,0.064,62.8,0.312,0.425,0.528,62.9,10.38,0.047,0.561,58.01,475.47,High
2615,C-scan (BVID with Holes),Damaged,BVID,6,0.558,0.074,76.29,0.303,0.627,0.517,81.94,8.2,0.197,4.399,45.85,740.09,Medium
2616,Thermograph,Mixed,Thermal Anomaly,4,0.627,0.033,52.09,0.984,0.334,0.9,81.95,4.19,0.089,0.803,24.17,373.1,Low
2617,C-scan (Pristine with Holes),Pristine,None,5,0.609,0.073,12.9,0.49,0.832,0.425,38.97,5.74,0.031,0.537,56.18,687.89,High
2618,Thermograph,Mixed,None,2,0.635,0.074,53.73,0.588,0.149,0.793,40.0,12.27,0.062,1.824,51.28,870.48,High
2619,Thermograph,Mixed,Thermal Anomaly,4,0.545,0.054,53.96,0.236,0.544,0.691,40.05,11.33,0.13,2.006,29.59,848.97,Low
2620,C-scan (Pristine with Holes),Pristine,None,5,0.652,0.074,10.38,0.503,0.374,0.75,71.84,12.28,0.012,0.548,55.84,586.04,High
2621,C-scan (Pristine with Holes),Pristine,None,3,0.627,0.057,15.89,0.287,0.158,0.248,106.76,13.75,0.042,0.89,47.21,719.28,High
2622,C-scan (BVID with Holes),Damaged,BVID,5,0.676,0.024,2.61,0.793,0.304,0.202,65.49,8.95,0.185,2.236,40.01,807.88,Medium
2623,C-scan (BVID with Holes),Damaged,BVID,2,0.549,0.054,9.86,0.428,0.272,0.446,67.43,12.12,0.16,4.504,30.54,502.69,Medium
2624,Thermograph,Mixed,None,6,0.612,0.026,73.67,0.356,0.793,0.878,99.17,12.82,0.147,2.073,22.37,695.65,Low
2625,C-scan (Pristine with Holes),Pristine,None,6,0.657,0.059,58.96,0.415,0.343,0.648,39.13,13.18,0.026,0.778,45.56,883.11,High
2626,C-scan (Pristine with Holes),Pristine,None,5,0.617,0.043,65.74,0.857,0.2,0.36,105.34,8.32,0.017,0.239,49.05,376.91,High
2627,Thermograph,Mixed,None,5,0.598,0.017,28.84,0.377,0.627,0.793,46.53,11.58,0.044,0.515,24.76,542.14,Low
2628,Thermograph,Mixed,Thermal Anomaly,5,0.685,0.014,60.8,0.281,0.78,0.53,96.31,1.41,0.076,3.045,47.19,782.31,High
2629,Thermograph,Mixed,Thermal Anomaly,6,0.627,0.037,57.62,0.146,0.401,0.449,105.48,10.33,0.041,1.996,47.27,706.33,High
2630,C-scan (Pristine with Holes),Pristine,None,4,0.65,0.031,4.87,0.422,0.591,0.368,59.87,10.06,0.043,0.599,50.58,889.96,High
2631,Thermograph,Mixed,None,6,0.454,0.08,49.69,0.283,0.472,0.88,94.0,2.22,0.114,2.538,56.43,566.8,Medium
2632,C-scan (Pristine with Holes),Pristine,None,3,0.671,0.067,68.43,0.562,0.477,0.456,85.07,3.29,0.042,0.578,31.35,673.4,Medium
2633,Thermograph,Mixed,Thermal Anomaly,6,0.676,0.06,16.45,0.819,0.185,0.492,98.76,7.14,0.106,3.072,57.7,807.5,Medium
2634,Thermograph,Mixed,Thermal Anomaly,5,0.487,0.019,3.78,0.973,0.887,0.592,105.28,10.67,0.11,2.402,46.45,848.04,Medium
2635,C-scan (Pristine with Holes),Pristine,None,4,0.6,0.05,33.24,0.59,0.48,0.827,68.92,3.79,0.025,0.716,27.06,700.73,Low
2636,Thermograph,Mixed,Thermal Anomaly,6,0.554,0.047,79.35,0.234,0.5,0.516,43.78,3.78,0.083,2.052,50.77,822.75,Medium
2637,C-scan (Pristine with Holes),Pristine,None,4,0.503,0.052,31.71,0.829,0.942,0.316,69.87,8.04,0.046,0.849,30.47,481.25,Medium
2638,C-scan (Pristine with Holes),Pristine,None,5,0.51,0.047,37.05,0.359,0.735,0.345,99.85,6.26,0.049,0.815,39.19,752.72,Medium
2639,C-scan (BVID with Holes),Damaged,BVID,3,0.531,0.071,5.71,0.182,0.529,0.826,33.17,2.62,0.174,2.956,31.07,422.12,Medium
2640,C-scan (BVID with Holes),Damaged,BVID,3,0.521,0.017,59.18,0.166,0.526,0.345,96.53,3.71,0.185,3.581,36.47,800.68,Medium
2641,C-scan (Pristine with Holes),Pristine,None,5,0.454,0.011,88.35,0.904,0.587,0.405,65.13,10.76,0.033,0.976,30.65,631.48,Medium
2642,C-scan (BVID with Holes),Damaged,BVID,2,0.455,0.073,65.1,0.317,0.418,0.224,59.51,12.71,0.127,1.901,29.12,420.5,Low
2643,Thermograph,Mixed,None,6,0.542,0.064,25.83,0.22,0.387,0.453,51.77,14.3,0.061,2.743,31.94,376.99,Medium
2644,C-scan (Pristine with Holes),Pristine,None,2,0.499,0.054,65.97,0.805,0.606,0.355,42.06,9.25,0.042,0.129,37.48,492.49,Medium
2645,Thermograph,Mixed,Thermal Anomaly,2,0.635,0.039,19.99,0.243,0.156,0.697,118.16,10.16,0.149,2.725,50.37,587.43,Medium
2646,Thermograph,Mixed,Thermal Anomaly,3,0.583,0.057,84.53,0.984,0.384,0.552,41.25,4.25,0.086,1.855,34.48,762.2,Medium
2647,C-scan (BVID with Holes),Damaged,BVID,5,0.507,0.016,61.5,0.819,0.736,0.736,29.86,7.49,0.102,3.657,30.03,376.91,Medium
2648,Thermograph,Mixed,Thermal Anomaly,6,0.534,0.028,69.98,0.771,0.351,0.562,45.98,10.13,0.086,2.456,27.98,604.02,Low
2649,Thermograph,Mixed,Thermal Anomaly,5,0.632,0.049,76.1,0.808,0.537,0.379,70.97,14.76,0.08,1.99,59.87,360.92,Medium
2650,Thermograph,Mixed,None,6,0.479,0.054,50.6,0.325,0.895,0.669,86.1,1.03,0.072,0.998,22.49,368.31,Low
2651,C-scan (BVID with Holes),Damaged,BVID,6,0.58,0.043,10.74,0.921,0.267,0.539,40.55,10.41,0.167,2.101,41.85,879.31,Medium
2652,C-scan (BVID with Holes),Damaged,BVID,3,0.513,0.038,53.35,0.337,0.53,0.586,96.23,3.3,0.134,1.668,50.37,863.84,Medium
2653,C-scan (BVID with Holes),Damaged,BVID,6,0.466,0.019,64.56,0.998,0.447,0.518,61.65,9.59,0.142,1.829,55.93,383.49,Medium
2654,Thermograph,Mixed,Thermal Anomaly,5,0.576,0.03,16.78,0.673,0.787,0.892,55.49,5.03,0.1,2.396,42.77,676.81,Medium
2655,Thermograph,Mixed,Thermal Anomaly,2,0.539,0.021,85.99,0.141,0.352,0.399,84.54,5.89,0.035,3.109,51.78,500.71,High
2656,C-scan (Pristine with Holes),Pristine,None,4,0.687,0.073,38.73,0.163,0.992,0.573,97.12,0.67,0.026,0.951,56.59,689.38,High
2657,C-scan (BVID with Holes),Damaged,BVID,3,0.681,0.027,45.98,0.405,0.597,0.493,71.87,9.29,0.135,1.576,40.39,635.26,Medium
2658,Thermograph,Mixed,Thermal Anomaly,5,0.544,0.049,75.93,0.568,0.379,0.274,43.19,6.57,0.115,1.991,37.03,883.39,Medium
2659,C-scan (Pristine with Holes),Pristine,None,2,0.596,0.069,70.23,0.977,0.232,0.542,28.75,8.7,0.044,0.152,57.21,463.24,High
2660,Thermograph,Mixed,Thermal Anomaly,3,0.648,0.058,76.22,0.526,0.839,0.853,49.43,4.23,0.043,2.963,33.59,768.77,Medium
2661,Thermograph,Mixed,None,4,0.506,0.02,83.2,0.616,0.203,0.238,80.13,10.13,0.108,1.327,24.28,605.97,Low
2662,C-scan (Pristine with Holes),Pristine,None,2,0.622,0.079,44.0,0.836,0.924,0.206,114.77,4.3,0.016,0.77,45.78,617.74,High
2663,C-scan (Pristine with Holes),Pristine,None,6,0.525,0.023,23.92,0.438,0.914,0.621,106.07,1.34,0.013,0.111,43.26,596.7,Medium
2664,Thermograph,Mixed,Thermal Anomaly,2,0.649,0.066,77.74,0.77,0.806,0.222,85.66,12.75,0.04,3.49,49.27,817.34,High
2665,C-scan (Pristine with Holes),Pristine,None,6,0.554,0.02,32.04,0.22,0.298,0.604,36.65,1.21,0.033,0.408,23.91,476.2,Low
2666,C-scan (BVID with Holes),Damaged,BVID,3,0.463,0.025,26.56,0.557,0.101,0.802,52.04,13.5,0.106,3.92,53.46,777.26,Medium
2667,C-scan (Pristine with Holes),Pristine,None,3,0.563,0.043,23.31,0.831,0.601,0.539,75.93,11.52,0.019,0.567,35.85,867.15,Medium
2668,Thermograph,Mixed,Thermal Anomaly,5,0.453,0.023,65.99,0.557,0.7,0.261,52.6,0.77,0.142,1.966,55.81,765.06,Medium
2669,Thermograph,Mixed,Thermal Anomaly,6,0.482,0.063,10.42,0.885,0.878,0.557,102.22,2.03,0.102,3.462,33.3,772.51,Medium
2670,Thermograph,Mixed,Thermal Anomaly,5,0.517,0.031,29.03,0.856,0.234,0.299,104.32,10.13,0.093,1.929,20.28,380.69,Low
2671,C-scan (Pristine with Holes),Pristine,None,6,0.626,0.069,33.75,0.268,0.476,0.712,88.31,13.66,0.035,0.72,54.55,383.24,High
2672,C-scan (BVID with Holes),Damaged,BVID,2,0.629,0.012,67.3,0.364,0.31,0.732,35.08,13.7,0.147,4.325,39.89,837.96,Medium
2673,Thermograph,Mixed,Thermal Anomaly,4,0.588,0.027,81.99,0.372,0.501,0.656,103.16,2.69,0.04,2.022,46.15,695.17,High
2674,Thermograph,Mixed,None,6,0.679,0.024,49.46,0.64,0.55,0.35,114.72,12.62,0.101,2.246,57.96,535.11,Medium
2675,Thermograph,Mixed,None,6,0.627,0.055,57.69,0.873,0.212,0.421,61.37,4.41,0.036,1.514,25.45,476.19,Low
2676,Thermograph,Mixed,None,4,0.653,0.035,52.41,0.806,0.194,0.674,94.48,8.09,0.098,2.807,27.63,382.74,Low
2677,C-scan (BVID with Holes),Damaged,BVID,3,0.602,0.067,57.96,0.739,0.625,0.871,96.5,12.03,0.09,4.281,21.34,674.87,Low
2678,C-scan (BVID with Holes),Damaged,BVID,3,0.481,0.052,41.19,0.527,0.123,0.212,117.32,5.62,0.18,4.976,21.47,892.82,Low
2679,C-scan (Pristine with Holes),Pristine,None,3,0.658,0.062,85.67,0.757,0.221,0.288,27.62,8.96,0.044,0.331,29.08,655.35,Low
2680,Thermograph,Mixed,Thermal Anomaly,5,0.674,0.016,87.79,0.208,0.303,0.361,60.49,8.36,0.085,1.565,57.43,744.56,Medium
2681,Thermograph,Mixed,Thermal Anomaly,4,0.561,0.014,2.49,0.239,0.419,0.318,79.6,3.84,0.098,1.635,38.55,758.56,Medium
2682,C-scan (Pristine with Holes),Pristine,None,6,0.558,0.078,85.92,0.355,0.431,0.657,115.43,6.14,0.044,0.644,57.4,671.36,High
2683,C-scan (Pristine with Holes),Pristine,None,5,0.502,0.076,1.11,0.628,0.443,0.471,94.13,3.54,0.046,0.275,58.5,496.64,High
2684,Thermograph,Mixed,Thermal Anomaly,5,0.486,0.042,42.28,0.7,0.456,0.631,117.6,1.56,0.145,0.98,50.9,707.41,Medium
2685,C-scan (BVID with Holes),Damaged,BVID,4,0.489,0.044,89.67,0.714,0.502,0.343,57.63,11.84,0.191,1.915,25.46,488.66,Low
2686,C-scan (BVID with Holes),Damaged,BVID,2,0.589,0.071,51.85,0.18,0.488,0.521,65.5,1.45,0.189,4.412,44.12,544.46,Medium
2687,Thermograph,Mixed,Thermal Anomaly,2,0.463,0.028,17.9,0.944,0.351,0.814,29.91,5.18,0.122,0.599,47.4,391.93,Medium
2688,C-scan (BVID with Holes),Damaged,BVID,5,0.553,0.051,55.49,0.386,0.552,0.524,28.22,9.54,0.133,1.513,51.61,861.3,Medium
2689,C-scan (Pristine with Holes),Pristine,None,3,0.59,0.063,32.23,0.388,0.751,0.631,44.26,4.06,0.048,0.786,29.51,754.26,Low
2690,C-scan (BVID with Holes),Damaged,BVID,3,0.653,0.073,16.1,0.528,0.742,0.597,69.04,14.57,0.156,3.466,23.7,439.07,Low
2691,C-scan (BVID with Holes),Damaged,BVID,3,0.641,0.059,85.61,0.877,0.275,0.854,44.24,5.56,0.176,2.57,23.17,797.16,Low
2692,C-scan (BVID with Holes),Damaged,BVID,5,0.654,0.051,11.34,0.396,0.35,0.359,60.41,1.81,0.178,2.203,54.52,595.93,Medium
2693,Thermograph,Mixed,Thermal Anomaly,3,0.453,0.072,72.6,0.802,0.154,0.572,54.18,12.22,0.113,1.891,36.83,550.87,Medium
2694,Thermograph,Mixed,Thermal Anomaly,2,0.495,0.036,43.8,0.851,0.675,0.719,57.62,14.66,0.112,2.721,27.75,794.48,Low
2695,Thermograph,Mixed,None,2,0.576,0.061,73.87,0.258,0.498,0.782,57.25,10.21,0.043,3.096,29.51,442.38,Low
2696,C-scan (Pristine with Holes),Pristine,None,5,0.538,0.045,66.01,0.491,0.623,0.74,72.07,5.94,0.021,0.948,54.04,826.05,High
2697,C-scan (BVID with Holes),Damaged,BVID,5,0.642,0.022,63.53,0.495,0.323,0.598,29.73,12.59,0.084,3.353,55.61,814.1,Medium
2698,C-scan (Pristine with Holes),Pristine,None,4,0.576,0.017,49.3,0.517,0.94,0.578,108.52,11.14,0.038,0.423,52.62,451.81,High
2699,C-scan (Pristine with Holes),Pristine,None,3,0.532,0.019,39.46,0.27,0.19,0.538,41.21,2.09,0.041,0.713,24.37,559.44,Low
2700,Thermograph,Mixed,None,5,0.682,0.074,17.48,0.233,0.75,0.554,29.94,5.73,0.077,2.446,26.9,858.4,Low
2701,Thermograph,Mixed,None,6,0.498,0.016,85.55,0.856,0.689,0.379,25.93,10.17,0.034,1.132,46.94,427.58,High
2702,C-scan (Pristine with Holes),Pristine,None,4,0.698,0.041,13.78,0.495,0.289,0.203,104.85,14.35,0.019,0.794,24.44,677.33,Low
2703,C-scan (BVID with Holes),Damaged,BVID,3,0.612,0.037,82.21,0.403,0.432,0.554,94.11,14.33,0.08,2.37,49.49,693.93,Medium
2704,Thermograph,Mixed,None,5,0.459,0.02,51.51,0.974,0.727,0.48,89.2,2.27,0.132,1.423,40.19,687.96,Medium
2705,C-scan (Pristine with Holes),Pristine,None,4,0.461,0.021,29.6,0.141,0.343,0.418,45.85,1.49,0.031,0.241,21.74,726.48,Low
2706,Thermograph,Mixed,Thermal Anomaly,3,0.473,0.011,45.92,0.583,0.267,0.732,119.53,12.48,0.053,1.453,26.66,817.98,Low
2707,Thermograph,Mixed,Thermal Anomaly,4,0.583,0.011,73.91,0.308,0.304,0.703,117.97,9.43,0.092,1.183,24.33,358.89,Low
2708,Thermograph,Mixed,Thermal Anomaly,5,0.564,0.051,57.22,0.823,0.513,0.757,87.98,6.27,0.064,0.783,55.01,735.46,High
2709,Thermograph,Mixed,Thermal Anomaly,3,0.596,0.07,71.32,0.508,0.467,0.367,73.8,10.59,0.103,1.215,25.92,737.61,Low
2710,C-scan (Pristine with Holes),Pristine,None,6,0.559,0.062,28.9,0.403,0.774,0.775,30.14,11.42,0.019,0.49,21.62,587.46,Low
2711,Thermograph,Mixed,Thermal Anomaly,2,0.505,0.077,15.14,0.427,0.834,0.788,56.46,1.61,0.113,1.32,39.49,644.35,Medium
2712,C-scan (Pristine with Holes),Pristine,None,6,0.611,0.036,33.46,0.612,0.572,0.629,115.29,10.48,0.036,0.905,24.08,625.47,Low
2713,Thermograph,Mixed,None,5,0.497,0.062,76.4,0.653,0.821,0.514,58.88,6.0,0.148,3.232,21.44,880.82,Low
2714,Thermograph,Mixed,Thermal Anomaly,2,0.574,0.062,55.41,0.186,0.429,0.564,89.25,13.75,0.045,3.193,42.42,521.4,Medium
2715,C-scan (BVID with Holes),Damaged,BVID,6,0.695,0.034,0.49,0.685,0.393,0.567,95.03,9.39,0.183,4.42,33.06,464.99,Medium
2716,C-scan (BVID with Holes),Damaged,BVID,2,0.576,0.026,45.09,0.543,0.205,0.8,61.86,11.8,0.198,3.773,58.0,541.82,Medium
2717,Thermograph,Mixed,None,3,0.542,0.052,0.58,0.467,0.78,0.566,75.75,10.6,0.094,1.599,25.29,839.36,Low
2718,C-scan (Pristine with Holes),Pristine,None,3,0.475,0.061,0.73,0.284,0.105,0.639,44.88,0.98,0.036,0.398,57.95,471.69,High
2719,C-scan (BVID with Holes),Damaged,BVID,6,0.645,0.029,56.98,0.793,0.695,0.22,104.73,12.62,0.117,3.026,23.46,762.38,Low
2720,C-scan (Pristine with Holes),Pristine,None,2,0.537,0.075,44.6,0.635,0.311,0.431,107.75,1.46,0.022,0.542,58.32,669.88,High
2721,C-scan (Pristine with Holes),Pristine,None,6,0.695,0.043,46.91,0.336,0.116,0.677,40.13,6.53,0.021,0.452,55.28,713.25,High
2722,Thermograph,Mixed,None,6,0.571,0.077,19.08,0.433,0.733,0.283,48.5,0.96,0.15,0.838,31.53,475.82,Medium
2723,C-scan (Pristine with Holes),Pristine,None,3,0.655,0.031,9.22,0.94,0.997,0.27,48.36,9.94,0.022,0.23,50.72,484.96,High
2724,C-scan (BVID with Holes),Damaged,BVID,5,0.466,0.039,7.56,0.484,0.289,0.713,112.19,8.49,0.108,3.538,25.31,752.72,Low
2725,C-scan (Pristine with Holes),Pristine,None,3,0.476,0.058,24.36,0.509,0.325,0.395,43.86,13.28,0.013,0.981,42.57,846.87,Medium
2726,Thermograph,Mixed,None,6,0.605,0.064,4.33,0.356,0.28,0.418,78.05,12.34,0.087,1.603,41.19,700.7,Medium
2727,C-scan (Pristine with Holes),Pristine,None,5,0.598,0.076,52.0,0.277,0.426,0.605,90.43,14.49,0.027,0.982,25.64,800.71,Low
2728,C-scan (Pristine with Holes),Pristine,None,5,0.511,0.053,30.55,0.259,0.215,0.558,53.97,0.72,0.013,0.928,35.36,893.71,Medium
2729,C-scan (Pristine with Holes),Pristine,None,4,0.473,0.051,37.8,0.201,0.217,0.373,73.01,9.86,0.021,0.341,25.58,638.56,Low
2730,C-scan (BVID with Holes),Damaged,BVID,5,0.592,0.02,43.47,0.6,0.175,0.82,51.57,11.06,0.163,2.429,55.57,397.45,Medium
2731,Thermograph,Mixed,None,6,0.689,0.051,21.73,0.233,0.804,0.497,86.98,6.51,0.044,0.758,35.15,448.17,Medium
2732,C-scan (BVID with Holes),Damaged,BVID,2,0.549,0.06,58.56,0.566,0.371,0.695,58.33,8.01,0.109,1.505,36.99,575.95,Medium
2733,Thermograph,Mixed,None,5,0.651,0.059,25.04,0.885,0.985,0.783,44.97,0.64,0.135,2.529,58.44,840.41,Medium
2734,Thermograph,Mixed,Thermal Anomaly,6,0.662,0.076,1.0,0.841,0.262,0.289,49.13,4.96,0.084,0.589,32.45,391.7,Medium
2735,C-scan (Pristine with Holes),Pristine,None,6,0.653,0.058,49.22,0.415,0.521,0.205,109.76,5.45,0.028,0.956,46.78,357.0,High
2736,C-scan (Pristine with Holes),Pristine,None,6,0.688,0.053,33.75,0.366,0.748,0.461,42.57,12.53,0.023,0.621,35.54,588.32,Medium
2737,Thermograph,Mixed,Thermal Anomaly,4,0.457,0.035,86.08,0.653,0.81,0.61,90.63,7.04,0.145,1.793,57.97,801.45,Medium
2738,Thermograph,Mixed,None,5,0.496,0.044,84.33,0.225,0.66,0.484,26.28,13.42,0.049,2.431,50.65,422.5,High
2739,C-scan (Pristine with Holes),Pristine,None,3,0.62,0.023,58.41,0.543,0.518,0.634,80.74,9.1,0.046,0.831,26.1,636.45,Low
2740,Thermograph,Mixed,Thermal Anomaly,4,0.694,0.051,61.19,0.149,0.552,0.611,59.26,10.84,0.134,1.267,55.48,802.74,Medium
2741,C-scan (Pristine with Holes),Pristine,None,2,0.694,0.018,88.81,0.146,0.812,0.488,83.95,5.68,0.047,0.143,29.28,813.31,Low
2742,C-scan (BVID with Holes),Damaged,BVID,4,0.569,0.038,14.73,0.647,0.535,0.838,111.21,2.99,0.084,3.013,49.83,471.09,Medium
2743,C-scan (Pristine with Holes),Pristine,None,5,0.583,0.039,80.92,0.281,0.64,0.444,76.38,13.5,0.022,0.359,23.15,492.67,Low
2744,C-scan (Pristine with Holes),Pristine,None,5,0.512,0.066,23.27,0.619,0.174,0.752,99.33,7.86,0.018,0.654,32.96,852.88,Medium
2745,C-scan (Pristine with Holes),Pristine,None,6,0.525,0.032,28.59,0.974,0.665,0.856,57.77,8.6,0.048,0.385,56.99,377.1,High
2746,Thermograph,Mixed,None,2,0.497,0.072,67.75,0.465,0.994,0.625,42.65,3.76,0.136,2.927,24.12,867.65,Low
2747,Thermograph,Mixed,None,6,0.659,0.057,62.16,0.611,0.45,0.4,72.46,14.85,0.139,0.912,22.65,624.71,Low
2748,C-scan (BVID with Holes),Damaged,BVID,6,0.529,0.056,21.17,0.14,0.35,0.809,111.17,1.84,0.083,2.534,36.86,378.3,Medium
2749,C-scan (Pristine with Holes),Pristine,None,6,0.689,0.015,28.42,0.806,0.553,0.33,101.52,5.74,0.043,0.879,39.24,730.96,Medium
2750,C-scan (BVID with Holes),Damaged,BVID,5,0.652,0.073,16.52,0.31,0.95,0.721,29.93,11.61,0.177,1.632,44.21,862.46,Medium
2751,Thermograph,Mixed,Thermal Anomaly,5,0.522,0.061,74.85,0.454,0.797,0.429,86.7,1.48,0.031,2.775,30.1,564.26,Medium
2752,Thermograph,Mixed,None,2,0.699,0.048,49.62,0.897,0.179,0.877,26.03,6.01,0.092,3.46,46.45,848.11,Medium
2753,C-scan (BVID with Holes),Damaged,BVID,2,0.452,0.068,58.7,0.503,0.445,0.29,91.25,2.49,0.118,2.05,37.77,514.99,Medium
2754,C-scan (BVID with Holes),Damaged,BVID,2,0.535,0.068,14.93,0.581,0.952,0.537,62.73,3.72,0.117,3.011,23.17,352.0,Low
2755,C-scan (Pristine with Holes),Pristine,None,6,0.652,0.065,39.5,0.231,0.192,0.59,63.81,12.69,0.036,0.331,31.5,856.63,Medium
2756,C-scan (BVID with Holes),Damaged,BVID,5,0.638,0.033,10.67,0.571,0.123,0.5,100.41,5.13,0.177,4.725,45.37,633.34,Medium
2757,C-scan (Pristine with Holes),Pristine,None,5,0.675,0.036,41.83,0.345,0.326,0.47,112.09,6.3,0.029,0.385,53.15,873.98,High
2758,C-scan (Pristine with Holes),Pristine,None,4,0.451,0.065,76.09,0.181,0.176,0.657,48.27,5.49,0.018,0.549,28.02,758.51,Low
2759,C-scan (Pristine with Holes),Pristine,None,2,0.595,0.02,85.15,0.132,0.104,0.536,105.47,4.83,0.018,0.954,54.64,870.64,High
2760,Thermograph,Mixed,Thermal Anomaly,2,0.457,0.06,44.25,0.695,0.232,0.834,76.18,9.44,0.141,2.387,28.64,605.65,Low
2761,Thermograph,Mixed,None,6,0.477,0.078,3.51,0.563,0.129,0.258,81.33,10.9,0.142,1.789,31.09,484.92,Medium
2762,C-scan (BVID with Holes),Damaged,BVID,5,0.7,0.067,50.97,0.374,0.41,0.869,56.61,3.16,0.095,4.795,44.59,729.38,Medium
2763,Thermograph,Mixed,Thermal Anomaly,5,0.477,0.06,12.0,0.958,0.352,0.259,110.41,14.09,0.102,0.761,50.51,698.76,Medium
2764,C-scan (BVID with Holes),Damaged,BVID,5,0.583,0.03,21.07,0.801,0.218,0.851,91.95,11.71,0.12,2.422,57.9,700.77,Medium
2765,C-scan (BVID with Holes),Damaged,BVID,6,0.527,0.032,21.54,0.99,0.783,0.509,31.94,14.26,0.13,2.413,25.49,808.82,Low
2766,C-scan (Pristine with Holes),Pristine,None,4,0.683,0.013,81.89,0.983,0.389,0.364,63.14,9.17,0.041,0.403,46.12,522.14,High
2767,Thermograph,Mixed,None,2,0.621,0.022,45.76,0.251,0.683,0.594,84.63,12.31,0.124,3.24,27.09,655.87,Low
2768,C-scan (BVID with Holes),Damaged,BVID,4,0.452,0.046,52.29,0.32,0.219,0.33,64.74,13.51,0.116,4.561,56.59,810.04,Medium
2769,C-scan (BVID with Holes),Damaged,BVID,4,0.62,0.024,28.19,0.146,0.574,0.844,35.15,10.56,0.169,2.671,27.97,444.69,Low
2770,Thermograph,Mixed,None,6,0.513,0.054,71.7,0.621,0.349,0.368,78.66,10.92,0.082,1.432,56.64,822.93,Medium
2771,C-scan (BVID with Holes),Damaged,BVID,2,0.553,0.036,1.87,0.343,0.175,0.328,116.88,6.07,0.164,1.873,27.82,400.71,Low
2772,Thermograph,Mixed,None,4,0.638,0.048,75.24,0.198,0.883,0.54,60.31,12.09,0.04,0.572,33.22,643.34,Medium
2773,C-scan (Pristine with Holes),Pristine,None,2,0.457,0.056,1.03,0.818,0.303,0.41,75.64,9.06,0.033,0.178,44.94,456.56,Medium
2774,Thermograph,Mixed,Thermal Anomaly,4,0.665,0.013,82.01,0.674,0.662,0.597,55.23,2.79,0.044,2.87,32.16,451.89,Medium
2775,Thermograph,Mixed,None,6,0.599,0.052,79.7,0.71,0.869,0.592,80.72,11.03,0.139,2.97,43.26,615.21,Medium
2776,C-scan (BVID with Holes),Damaged,BVID,5,0.544,0.051,34.39,0.962,0.116,0.291,48.34,2.86,0.147,3.149,39.34,894.64,Medium
2777,Thermograph,Mixed,Thermal Anomaly,5,0.531,0.076,3.83,0.548,0.828,0.897,108.06,2.46,0.045,1.231,36.06,492.15,Medium
2778,Thermograph,Mixed,Thermal Anomaly,3,0.555,0.055,49.49,0.518,0.272,0.614,76.63,6.4,0.097,1.358,31.3,760.49,Medium
2779,C-scan (BVID with Holes),Damaged,BVID,3,0.598,0.048,71.15,0.595,0.528,0.362,58.04,3.05,0.194,4.883,42.14,472.44,Medium
2780,C-scan (Pristine with Holes),Pristine,None,5,0.598,0.015,2.98,0.495,0.472,0.461,80.47,9.35,0.032,0.318,47.76,388.46,High
2781,C-scan (BVID with Holes),Damaged,BVID,6,0.677,0.034,67.4,0.707,0.986,0.784,101.59,5.48,0.129,2.604,37.9,673.7,Medium
2782,C-scan (Pristine with Holes),Pristine,None,5,0.694,0.019,24.78,0.566,0.422,0.646,31.9,6.62,0.048,0.85,27.79,508.0,Low
2783,Thermograph,Mixed,None,4,0.596,0.074,80.72,0.852,0.38,0.528,112.99,1.77,0.086,1.999,53.97,720.65,Medium
2784,C-scan (BVID with Holes),Damaged,BVID,3,0.516,0.045,72.28,0.186,0.492,0.427,103.91,5.93,0.191,4.903,36.03,483.87,Medium
2785,Thermograph,Mixed,Thermal Anomaly,2,0.473,0.044,2.06,0.392,0.33,0.732,82.07,4.41,0.038,2.718,36.54,649.59,Medium
2786,Thermograph,Mixed,Thermal Anomaly,3,0.618,0.041,31.15,0.724,0.848,0.789,52.22,3.16,0.085,1.911,40.11,579.48,Medium
2787,Thermograph,Mixed,None,4,0.639,0.074,41.61,0.453,0.778,0.839,29.41,8.38,0.102,1.008,32.5,503.42,Medium
2788,Thermograph,Mixed,Thermal Anomaly,3,0.462,0.058,41.89,0.258,0.247,0.476,62.7,8.41,0.091,1.867,40.7,493.16,Medium
2789,C-scan (BVID with Holes),Damaged,BVID,3,0.477,0.01,57.24,0.666,0.914,0.759,66.28,11.85,0.165,4.137,53.63,749.72,Medium
2790,C-scan (Pristine with Holes),Pristine,None,4,0.55,0.016,12.73,0.362,0.668,0.714,30.45,4.86,0.031,0.974,38.25,887.62,Medium
2791,C-scan (Pristine with Holes),Pristine,None,2,0.511,0.024,84.8,0.268,0.411,0.749,42.32,8.99,0.05,0.681,25.82,483.69,Low
2792,Thermograph,Mixed,Thermal Anomaly,2,0.611,0.08,54.39,0.729,0.383,0.207,88.7,7.68,0.126,2.878,53.18,797.3,Medium
2793,C-scan (Pristine with Holes),Pristine,None,4,0.68,0.077,89.22,0.318,0.775,0.878,34.67,11.29,0.047,0.519,32.83,431.49,Medium
2794,Thermograph,Mixed,None,6,0.613,0.03,82.01,0.859,0.705,0.296,62.43,14.84,0.065,1.169,51.24,359.31,High
2795,Thermograph,Mixed,Thermal Anomaly,4,0.534,0.032,7.52,0.742,0.119,0.224,115.58,2.31,0.033,2.042,40.56,359.72,Medium
2796,C-scan (BVID with Holes),Damaged,BVID,3,0.515,0.067,57.74,0.41,0.277,0.809,98.73,7.72,0.164,2.7,22.97,642.32,Low
2797,C-scan (BVID with Holes),Damaged,BVID,6,0.589,0.029,55.93,0.419,0.309,0.793,89.97,10.08,0.107,1.039,26.55,352.66,Low
2798,C-scan (BVID with Holes),Damaged,BVID,5,0.533,0.045,62.64,0.599,0.652,0.856,82.56,14.83,0.146,2.205,57.47,807.32,Medium
2799,Thermograph,Mixed,Thermal Anomaly,3,0.634,0.022,16.96,0.38,0.279,0.287,78.23,13.05,0.051,2.932,47.03,822.02,High
2800,Thermograph,Mixed,Thermal Anomaly,6,0.615,0.067,87.31,0.564,0.157,0.209,112.06,9.37,0.147,1.901,42.4,556.28,Medium
2801,Thermograph,Mixed,Thermal Anomaly,3,0.59,0.014,60.8,0.709,0.547,0.509,67.22,2.52,0.116,2.177,33.64,655.37,Medium
2802,C-scan (BVID with Holes),Damaged,BVID,6,0.571,0.067,32.93,0.119,0.464,0.681,30.27,7.27,0.116,3.511,44.95,622.24,Medium
2803,C-scan (Pristine with Holes),Pristine,None,3,0.62,0.033,85.78,0.926,0.805,0.666,96.53,10.26,0.032,0.596,47.01,416.81,High
2804,Thermograph,Mixed,Thermal Anomaly,6,0.628,0.064,46.57,0.621,0.728,0.684,38.55,8.53,0.062,1.878,39.4,520.39,Medium
2805,C-scan (BVID with Holes),Damaged,BVID,5,0.551,0.037,88.55,0.42,0.961,0.801,53.81,7.3,0.181,4.677,48.43,892.73,Medium
2806,Thermograph,Mixed,Thermal Anomaly,2,0.579,0.044,36.59,0.442,0.191,0.537,51.36,12.05,0.128,1.312,56.44,594.23,Medium
2807,C-scan (BVID with Holes),Damaged,BVID,3,0.484,0.034,43.3,0.17,0.44,0.481,30.8,3.57,0.173,4.147,30.79,815.03,Medium
2808,Thermograph,Mixed,Thermal Anomaly,5,0.621,0.026,33.75,0.164,0.579,0.533,33.07,10.07,0.139,2.704,34.29,422.58,Medium
2809,C-scan (BVID with Holes),Damaged,BVID,2,0.541,0.054,12.73,0.299,0.932,0.482,41.29,9.29,0.112,4.144,27.81,420.89,Low
2810,C-scan (Pristine with Holes),Pristine,None,5,0.492,0.079,15.44,0.235,0.663,0.511,104.35,5.8,0.011,0.714,31.35,392.44,Medium
2811,Thermograph,Mixed,Thermal Anomaly,5,0.559,0.019,55.83,0.617,0.328,0.742,71.56,0.77,0.14,2.569,25.57,707.04,Low
2812,Thermograph,Mixed,None,3,0.474,0.047,41.02,0.96,0.334,0.224,38.4,7.93,0.149,1.522,59.54,795.63,Medium
2813,C-scan (Pristine with Holes),Pristine,None,2,0.6,0.06,80.4,0.302,0.809,0.261,55.0,2.31,0.037,0.421,53.36,715.82,High
2814,C-scan (BVID with Holes),Damaged,BVID,3,0.571,0.042,30.66,0.731,0.662,0.536,74.55,2.88,0.195,3.262,39.2,854.65,Medium
2815,C-scan (BVID with Holes),Damaged,BVID,4,0.505,0.065,36.88,0.919,0.363,0.276,43.1,8.79,0.188,2.637,26.14,853.9,Low
2816,C-scan (BVID with Holes),Damaged,BVID,4,0.562,0.062,72.25,0.888,0.661,0.6,57.16,3.64,0.182,3.373,20.18,479.47,Low
2817,C-scan (BVID with Holes),Damaged,BVID,5,0.514,0.027,63.84,0.98,0.443,0.73,80.94,3.02,0.107,2.11,23.66,455.59,Low
2818,C-scan (Pristine with Holes),Pristine,None,3,0.549,0.076,58.89,0.981,0.171,0.252,37.77,4.57,0.031,0.889,22.91,463.11,Low
2819,C-scan (BVID with Holes),Damaged,BVID,5,0.566,0.069,26.88,0.701,0.172,0.294,107.06,6.73,0.179,1.816,38.23,560.65,Medium
2820,C-scan (BVID with Holes),Damaged,BVID,6,0.466,0.035,82.59,0.223,0.229,0.493,51.48,2.04,0.154,4.131,52.21,888.91,Medium
2821,Thermograph,Mixed,None,6,0.699,0.073,20.34,0.685,0.195,0.481,42.75,2.69,0.125,3.411,48.71,561.03,Medium
2822,Thermograph,Mixed,None,6,0.595,0.045,77.71,0.556,0.286,0.625,55.5,12.55,0.135,2.219,37.89,593.92,Medium
2823,C-scan (Pristine with Holes),Pristine,None,5,0.662,0.062,85.44,0.112,0.379,0.625,92.25,7.7,0.029,0.526,53.16,613.36,High
2824,C-scan (Pristine with Holes),Pristine,None,4,0.498,0.07,74.35,0.106,0.149,0.721,41.13,1.3,0.033,0.875,22.79,626.32,Low
2825,Thermograph,Mixed,None,3,0.486,0.034,66.38,0.841,0.48,0.676,82.85,11.78,0.117,3.188,37.87,573.04,Medium
2826,C-scan (Pristine with Holes),Pristine,None,5,0.517,0.046,9.97,0.966,0.646,0.32,51.37,10.42,0.032,0.994,26.71,638.87,Low
2827,C-scan (BVID with Holes),Damaged,BVID,2,0.553,0.051,72.77,0.946,0.992,0.203,84.51,12.43,0.132,3.539,47.81,360.97,Medium
2828,C-scan (Pristine with Holes),Pristine,None,6,0.646,0.071,13.36,0.32,0.812,0.615,98.87,2.52,0.04,0.804,32.88,808.91,Medium
2829,C-scan (BVID with Holes),Damaged,BVID,3,0.539,0.042,13.17,0.555,0.15,0.247,92.51,8.63,0.189,4.226,32.54,520.54,Medium
2830,C-scan (Pristine with Holes),Pristine,None,2,0.527,0.058,48.67,0.435,0.824,0.336,116.41,10.66,0.038,0.894,59.61,628.18,High
2831,Thermograph,Mixed,Thermal Anomaly,6,0.627,0.026,29.74,0.223,0.468,0.467,71.84,11.08,0.08,2.655,37.74,869.07,Medium
2832,Thermograph,Mixed,None,4,0.489,0.069,45.92,0.605,0.529,0.869,56.29,3.86,0.099,0.514,46.27,434.22,Medium
2833,C-scan (BVID with Holes),Damaged,BVID,6,0.623,0.025,87.18,0.84,0.793,0.514,76.72,11.11,0.124,1.08,25.13,731.34,Low
2834,C-scan (BVID with Holes),Damaged,BVID,5,0.573,0.072,63.79,0.118,0.37,0.301,62.08,12.5,0.16,2.865,42.69,585.87,Medium
2835,C-scan (BVID with Holes),Damaged,BVID,5,0.614,0.052,8.74,0.621,0.76,0.595,54.23,11.21,0.1,3.1,50.82,474.49,Medium
2836,Thermograph,Mixed,None,3,0.658,0.025,72.93,0.379,0.139,0.343,68.32,6.05,0.073,2.188,41.54,839.27,Medium
2837,Thermograph,Mixed,Thermal Anomaly,6,0.629,0.033,9.62,0.203,0.583,0.428,88.94,14.3,0.122,2.83,44.08,461.64,Medium
2838,C-scan (BVID with Holes),Damaged,BVID,6,0.557,0.046,50.51,0.47,0.33,0.318,96.44,14.91,0.158,1.416,21.22,444.01,Low
2839,Thermograph,Mixed,Thermal Anomaly,2,0.533,0.026,25.72,0.916,0.229,0.421,97.07,5.85,0.047,2.654,22.1,507.16,Low
2840,Thermograph,Mixed,Thermal Anomaly,4,0.526,0.06,74.96,0.502,0.414,0.491,61.6,12.98,0.113,0.845,22.88,635.64,Low
2841,C-scan (BVID with Holes),Damaged,BVID,4,0.496,0.022,83.05,0.959,0.512,0.501,103.18,10.43,0.171,4.067,36.82,761.5,Medium
2842,Thermograph,Mixed,Thermal Anomaly,5,0.667,0.029,4.03,0.674,0.211,0.272,44.41,12.98,0.059,1.799,26.31,494.26,Low
2843,C-scan (Pristine with Holes),Pristine,None,5,0.645,0.045,25.0,0.557,0.337,0.349,105.84,11.91,0.039,0.905,41.91,804.52,Medium
2844,C-scan (BVID with Holes),Damaged,BVID,6,0.457,0.022,40.23,0.169,0.911,0.62,45.08,3.61,0.187,2.092,53.01,502.66,Medium
2845,C-scan (BVID with Holes),Damaged,BVID,6,0.599,0.076,17.72,0.786,0.573,0.702,34.18,5.57,0.193,2.083,30.04,749.16,Medium
2846,C-scan (BVID with Holes),Damaged,BVID,2,0.666,0.03,19.42,0.222,0.933,0.218,35.66,8.75,0.171,3.147,28.8,782.05,Low
2847,Thermograph,Mixed,None,5,0.509,0.041,79.4,0.196,0.273,0.836,65.75,0.94,0.131,0.896,34.11,390.92,Medium
2848,C-scan (Pristine with Holes),Pristine,None,5,0.458,0.077,43.19,0.103,0.617,0.314,62.56,2.41,0.038,0.772,41.43,835.63,Medium
2849,C-scan (BVID with Holes),Damaged,BVID,5,0.606,0.053,40.92,0.831,0.963,0.428,77.96,6.32,0.123,4.311,47.27,749.82,Medium
2850,Thermograph,Mixed,None,4,0.562,0.043,21.07,0.51,0.97,0.878,96.9,12.45,0.101,3.015,44.87,672.85,Medium
2851,Thermograph,Mixed,Thermal Anomaly,4,0.637,0.018,22.78,0.554,0.533,0.309,30.43,9.84,0.058,2.938,56.51,432.64,High
2852,C-scan (BVID with Holes),Damaged,BVID,5,0.593,0.072,46.09,0.252,0.789,0.423,59.84,0.72,0.133,1.765,39.82,648.93,Medium
2853,C-scan (Pristine with Holes),Pristine,None,2,0.556,0.042,78.53,0.722,0.564,0.446,67.82,5.35,0.042,0.635,33.26,471.25,Medium
2854,C-scan (Pristine with Holes),Pristine,None,6,0.663,0.039,24.49,0.87,0.407,0.618,86.73,9.73,0.042,0.101,22.88,890.51,Low
2855,C-scan (BVID with Holes),Damaged,BVID,4,0.455,0.019,3.05,0.609,0.387,0.717,30.2,9.82,0.097,3.189,28.63,361.92,Low
2856,Thermograph,Mixed,None,5,0.658,0.057,80.9,0.327,0.483,0.629,86.42,6.4,0.057,0.796,37.62,360.78,Medium
2857,C-scan (Pristine with Holes),Pristine,None,6,0.581,0.048,60.5,0.667,0.559,0.601,114.56,8.52,0.018,0.379,51.14,501.47,High
2858,Thermograph,Mixed,Thermal Anomaly,2,0.647,0.029,33.87,0.317,0.39,0.563,113.14,8.08,0.086,1.76,40.12,886.05,Medium
2859,C-scan (Pristine with Holes),Pristine,None,5,0.684,0.021,32.33,0.247,0.694,0.638,69.1,7.24,0.014,0.743,47.51,495.92,High
2860,Thermograph,Mixed,Thermal Anomaly,5,0.597,0.066,52.28,0.478,0.555,0.26,64.58,7.54,0.13,0.833,27.24,656.26,Low
2861,C-scan (BVID with Holes),Damaged,BVID,3,0.661,0.015,79.34,0.24,0.64,0.349,99.34,14.82,0.085,4.16,32.42,666.5,Medium
2862,C-scan (BVID with Holes),Damaged,BVID,3,0.529,0.011,66.24,0.142,0.162,0.454,41.49,13.92,0.167,1.454,32.89,365.91,Medium
2863,C-scan (BVID with Holes),Damaged,BVID,2,0.672,0.054,74.85,0.301,0.441,0.337,102.17,7.95,0.145,1.414,35.91,462.42,Medium
2864,Thermograph,Mixed,Thermal Anomaly,6,0.644,0.015,62.37,0.706,0.353,0.799,28.14,14.99,0.048,1.31,41.59,739.36,Medium
2865,C-scan (Pristine with Holes),Pristine,None,5,0.61,0.021,86.49,0.122,0.335,0.262,77.91,5.67,0.023,0.786,44.59,812.06,Medium
2866,Thermograph,Mixed,None,4,0.59,0.036,41.23,0.539,0.171,0.347,116.75,10.0,0.055,1.415,34.67,783.37,Medium
2867,C-scan (BVID with Holes),Damaged,BVID,4,0.475,0.018,34.01,0.249,0.182,0.694,50.85,1.36,0.193,1.794,24.87,464.52,Low
2868,C-scan (BVID with Holes),Damaged,BVID,6,0.483,0.054,76.84,0.387,0.862,0.752,44.52,0.88,0.195,3.202,25.29,458.47,Low
2869,Thermograph,Mixed,Thermal Anomaly,2,0.691,0.078,75.44,0.866,0.434,0.829,93.01,1.64,0.044,2.324,38.03,665.69,Medium
2870,C-scan (BVID with Holes),Damaged,BVID,2,0.571,0.015,89.84,0.16,0.998,0.76,41.91,13.82,0.197,2.204,49.35,673.87,Medium
2871,C-scan (BVID with Holes),Damaged,BVID,3,0.66,0.029,46.37,0.464,0.178,0.699,115.28,10.32,0.155,1.129,45.39,797.55,Medium
2872,C-scan (Pristine with Holes),Pristine,None,2,0.63,0.049,68.35,0.968,0.371,0.703,118.05,1.99,0.025,0.396,31.16,407.23,Medium
2873,C-scan (BVID with Holes),Damaged,BVID,5,0.576,0.039,87.48,0.858,0.447,0.651,62.83,14.08,0.158,4.986,32.96,384.87,Medium
2874,C-scan (Pristine with Holes),Pristine,None,6,0.662,0.079,66.65,0.326,0.663,0.389,90.76,13.83,0.014,0.591,35.42,702.41,Medium
2875,Thermograph,Mixed,Thermal Anomaly,5,0.471,0.039,58.0,0.35,0.659,0.671,78.29,8.44,0.083,1.192,20.86,372.98,Low
2876,Thermograph,Mixed,None,2,0.528,0.034,37.13,0.108,0.173,0.808,102.13,10.49,0.142,2.195,28.64,876.19,Low
2877,C-scan (BVID with Holes),Damaged,BVID,3,0.688,0.019,57.31,0.878,0.321,0.534,107.38,1.06,0.147,1.233,29.72,834.4,Low
2878,C-scan (BVID with Holes),Damaged,BVID,5,0.644,0.07,16.63,0.961,0.689,0.211,116.89,4.39,0.095,4.921,36.58,569.53,Medium
2879,C-scan (Pristine with Holes),Pristine,None,3,0.576,0.068,59.61,0.962,0.587,0.748,72.21,5.76,0.036,0.916,51.64,824.79,High
2880,C-scan (BVID with Holes),Damaged,BVID,2,0.659,0.054,1.82,0.927,0.908,0.396,88.22,10.78,0.122,3.528,39.92,437.11,Medium
2881,C-scan (Pristine with Holes),Pristine,None,2,0.555,0.066,20.04,0.981,0.699,0.775,38.59,4.29,0.033,0.121,59.16,579.26,High
2882,Thermograph,Mixed,None,4,0.646,0.059,14.67,0.105,0.267,0.739,61.6,8.57,0.033,1.245,47.02,610.69,High
2883,C-scan (BVID with Holes),Damaged,BVID,5,0.558,0.057,14.29,0.672,0.134,0.401,40.85,6.48,0.087,1.37,55.69,720.89,Medium
2884,Thermograph,Mixed,Thermal Anomaly,6,0.68,0.046,29.23,0.12,0.547,0.245,87.17,7.6,0.132,1.367,52.49,705.63,Medium
2885,C-scan (BVID with Holes),Damaged,BVID,2,0.557,0.06,42.98,0.64,0.406,0.758,75.92,12.31,0.186,1.34,35.64,360.38,Medium
2886,Thermograph,Mixed,None,5,0.608,0.074,52.42,0.468,0.291,0.892,119.2,4.87,0.107,2.724,28.74,798.54,Low
2887,C-scan (BVID with Holes),Damaged,BVID,6,0.671,0.076,10.24,0.613,0.263,0.568,34.19,14.57,0.196,3.197,23.4,661.74,Low
2888,C-scan (BVID with Holes),Damaged,BVID,3,0.645,0.054,58.18,0.41,0.365,0.816,49.2,1.33,0.196,1.134,55.57,608.54,Medium
2889,C-scan (Pristine with Holes),Pristine,None,4,0.498,0.016,60.56,0.413,0.551,0.631,57.21,0.58,0.045,0.337,27.7,701.49,Low
2890,C-scan (Pristine with Holes),Pristine,None,6,0.657,0.019,36.12,0.322,0.561,0.315,36.67,14.39,0.022,0.771,23.6,859.39,Low
2891,C-scan (BVID with Holes),Damaged,BVID,2,0.541,0.048,7.86,0.498,0.823,0.39,92.26,13.5,0.152,2.673,52.24,789.44,Medium
2892,C-scan (Pristine with Holes),Pristine,None,3,0.684,0.012,43.51,0.254,0.558,0.609,32.78,8.57,0.041,0.534,24.38,414.11,Low
2893,C-scan (Pristine with Holes),Pristine,None,2,0.642,0.07,60.42,0.286,0.649,0.565,75.6,11.33,0.036,0.289,34.89,749.66,Medium
2894,C-scan (Pristine with Holes),Pristine,None,3,0.516,0.016,79.9,0.436,0.607,0.485,119.32,2.29,0.028,0.876,54.51,773.26,High
2895,Thermograph,Mixed,Thermal Anomaly,4,0.525,0.054,69.67,0.27,0.351,0.224,26.48,3.2,0.096,2.307,45.43,612.07,Medium
2896,C-scan (Pristine with Holes),Pristine,None,4,0.542,0.046,71.87,0.716,0.855,0.607,60.5,8.72,0.03,0.903,26.94,881.03,Low
2897,C-scan (BVID with Holes),Damaged,BVID,6,0.6,0.077,72.19,0.595,0.163,0.766,84.34,6.36,0.168,4.96,58.48,351.57,Medium
2898,Thermograph,Mixed,None,3,0.52,0.048,53.95,0.302,0.154,0.841,79.93,4.47,0.114,3.136,46.31,786.3,Medium
2899,Thermograph,Mixed,Thermal Anomaly,2,0.489,0.064,24.05,0.579,0.25,0.618,57.72,7.85,0.035,1.327,54.46,442.43,High
2900,C-scan (Pristine with Holes),Pristine,None,5,0.494,0.07,12.58,0.846,0.688,0.643,55.59,8.35,0.037,0.717,28.85,395.8,Low
2901,C-scan (Pristine with Holes),Pristine,None,4,0.671,0.025,39.92,0.115,0.109,0.246,80.07,6.4,0.016,0.865,25.64,777.76,Low
2902,C-scan (BVID with Holes),Damaged,BVID,6,0.534,0.076,48.68,0.454,0.328,0.789,91.11,8.84,0.098,3.782,52.92,394.81,Medium
2903,C-scan (Pristine with Holes),Pristine,None,5,0.567,0.054,85.11,0.718,0.166,0.312,75.34,5.25,0.029,0.846,51.86,800.11,High
2904,C-scan (BVID with Holes),Damaged,BVID,6,0.465,0.028,82.41,0.951,0.617,0.397,115.34,4.03,0.115,2.858,44.95,813.2,Medium
2905,Thermograph,Mixed,Thermal Anomaly,4,0.683,0.07,61.24,0.798,0.803,0.536,113.32,4.76,0.038,1.326,23.61,371.14,Low
2906,C-scan (BVID with Holes),Damaged,BVID,2,0.588,0.048,53.61,0.941,0.644,0.589,95.96,9.13,0.12,4.075,35.75,648.49,Medium
2907,C-scan (BVID with Holes),Damaged,BVID,3,0.673,0.077,1.42,0.327,0.819,0.328,107.94,6.12,0.14,2.091,34.82,377.71,Medium
2908,Thermograph,Mixed,None,5,0.689,0.036,18.0,0.654,0.311,0.785,45.48,14.34,0.111,0.709,53.14,763.22,Medium
2909,C-scan (BVID with Holes),Damaged,BVID,5,0.659,0.033,33.27,0.101,0.348,0.421,46.77,14.21,0.129,3.307,28.7,358.32,Low
2910,Thermograph,Mixed,None,4,0.565,0.019,51.34,0.773,0.286,0.324,40.71,12.56,0.104,3.214,57.5,417.49,Medium
2911,C-scan (BVID with Holes),Damaged,BVID,6,0.552,0.036,89.52,0.696,0.522,0.405,118.52,12.85,0.099,1.827,23.42,515.88,Low
2912,Thermograph,Mixed,Thermal Anomaly,4,0.501,0.049,88.74,0.271,0.897,0.544,68.22,8.46,0.095,0.665,57.41,612.37,Medium
2913,Thermograph,Mixed,None,6,0.512,0.079,46.1,0.467,0.2,0.316,83.43,4.43,0.057,2.282,33.09,833.44,Medium
2914,C-scan (Pristine with Holes),Pristine,None,5,0.496,0.037,83.5,0.53,0.306,0.802,79.01,8.68,0.048,0.788,23.13,733.56,Low
2915,C-scan (Pristine with Holes),Pristine,None,4,0.497,0.059,25.39,0.6,0.135,0.797,55.61,8.4,0.024,0.813,32.73,896.29,Medium
2916,Thermograph,Mixed,None,2,0.682,0.015,72.17,0.488,0.503,0.299,34.07,2.33,0.072,2.39,48.17,769.3,High
2917,Thermograph,Mixed,Thermal Anomaly,6,0.642,0.055,59.87,0.904,0.526,0.695,82.42,4.05,0.069,3.305,30.44,628.77,Medium
2918,Thermograph,Mixed,None,4,0.67,0.078,1.46,0.579,0.868,0.435,59.94,13.96,0.126,1.738,32.16,640.99,Medium
2919,C-scan (Pristine with Holes),Pristine,None,3,0.531,0.054,16.79,0.949,0.577,0.669,38.3,11.92,0.048,0.764,58.96,870.93,High
2920,C-scan (Pristine with Holes),Pristine,None,3,0.69,0.071,15.97,0.581,0.643,0.424,75.54,1.18,0.033,0.72,29.95,861.22,Low
2921,C-scan (BVID with Holes),Damaged,BVID,5,0.592,0.036,58.95,0.335,0.417,0.265,109.71,1.46,0.121,1.9,23.12,577.3,Low
2922,C-scan (BVID with Holes),Damaged,BVID,6,0.586,0.023,9.27,0.918,0.676,0.574,87.45,7.94,0.088,2.567,34.41,857.21,Medium
2923,C-scan (Pristine with Holes),Pristine,None,2,0.48,0.016,1.56,0.557,0.198,0.752,53.79,4.67,0.021,0.828,23.57,692.82,Low
2924,C-scan (Pristine with Holes),Pristine,None,6,0.469,0.038,44.95,0.796,0.615,0.691,74.57,2.67,0.044,0.481,47.82,589.23,High
2925,C-scan (Pristine with Holes),Pristine,None,6,0.675,0.018,35.62,0.664,0.67,0.473,38.78,3.54,0.043,0.427,28.78,875.69,Low
2926,Thermograph,Mixed,None,2,0.669,0.066,31.02,0.41,0.376,0.729,116.61,2.88,0.088,3.222,26.62,817.49,Low
2927,C-scan (Pristine with Holes),Pristine,None,2,0.484,0.046,64.82,0.324,0.536,0.452,101.21,10.52,0.032,0.258,24.13,592.08,Low
2928,Thermograph,Mixed,None,6,0.689,0.063,6.83,0.534,0.79,0.634,76.55,3.61,0.047,2.758,51.27,649.53,High
2929,C-scan (BVID with Holes),Damaged,BVID,3,0.574,0.07,40.27,0.726,0.586,0.464,87.58,1.36,0.182,3.806,48.38,747.58,Medium
2930,C-scan (BVID with Holes),Damaged,BVID,2,0.544,0.056,44.74,0.711,0.822,0.883,68.52,5.66,0.13,1.949,51.64,490.16,Medium
2931,Thermograph,Mixed,None,2,0.477,0.015,70.13,0.799,0.167,0.274,38.24,1.0,0.082,2.292,29.49,809.19,Low
2932,C-scan (BVID with Holes),Damaged,BVID,2,0.642,0.016,56.83,0.236,0.625,0.843,99.03,12.55,0.12,1.471,53.14,692.18,Medium
2933,C-scan (Pristine with Holes),Pristine,None,3,0.595,0.072,68.12,0.114,0.563,0.43,75.83,9.36,0.017,0.522,29.34,591.78,Low
2934,C-scan (BVID with Holes),Damaged,BVID,6,0.541,0.069,40.97,0.608,0.254,0.605,63.5,6.58,0.141,3.969,41.48,602.1,Medium
2935,C-scan (BVID with Holes),Damaged,BVID,5,0.589,0.01,75.7,0.907,0.631,0.276,35.61,9.07,0.13,3.074,33.58,884.66,Medium
2936,C-scan (BVID with Holes),Damaged,BVID,5,0.452,0.058,57.8,0.984,0.438,0.402,109.72,11.94,0.147,3.083,40.01,658.46,Medium
2937,C-scan (Pristine with Holes),Pristine,None,2,0.586,0.024,41.0,0.859,0.341,0.534,98.97,11.97,0.04,0.468,23.41,832.08,Low
2938,C-scan (Pristine with Holes),Pristine,None,3,0.634,0.015,75.1,0.196,0.805,0.465,69.32,4.94,0.04,0.135,28.08,381.24,Low
2939,C-scan (BVID with Holes),Damaged,BVID,4,0.557,0.076,16.63,0.77,0.376,0.232,103.21,13.68,0.167,3.333,31.95,444.82,Medium
2940,C-scan (BVID with Holes),Damaged,BVID,4,0.489,0.022,78.73,0.568,0.921,0.525,116.72,11.28,0.138,3.733,39.54,468.68,Medium
2941,C-scan (Pristine with Holes),Pristine,None,6,0.588,0.041,2.6,0.749,0.326,0.851,36.05,13.16,0.031,0.665,52.75,410.9,High
2942,C-scan (BVID with Holes),Damaged,BVID,5,0.517,0.04,73.13,0.267,0.843,0.342,60.26,4.17,0.113,2.025,54.4,387.27,Medium
2943,Thermograph,Mixed,Thermal Anomaly,2,0.526,0.024,62.68,0.305,0.187,0.54,82.73,2.29,0.103,3.108,41.5,722.7,Medium
2944,Thermograph,Mixed,None,5,0.691,0.019,69.21,0.221,0.769,0.875,31.6,1.47,0.113,2.351,27.7,544.14,Low
2945,C-scan (Pristine with Holes),Pristine,None,6,0.591,0.031,61.11,0.426,0.597,0.764,28.56,5.04,0.015,0.445,47.39,461.35,High
2946,Thermograph,Mixed,None,3,0.521,0.033,22.99,0.278,0.398,0.757,81.02,2.78,0.091,0.826,48.17,677.53,Medium
2947,C-scan (BVID with Holes),Damaged,BVID,5,0.512,0.04,30.31,0.891,0.365,0.321,37.77,2.48,0.11,1.767,33.84,846.96,Medium
2948,Thermograph,Mixed,Thermal Anomaly,2,0.625,0.068,22.02,0.986,0.896,0.868,61.35,9.35,0.129,1.828,20.75,573.1,Low
2949,C-scan (BVID with Holes),Damaged,BVID,3,0.463,0.028,13.01,0.775,0.998,0.558,36.79,14.73,0.086,4.317,56.37,466.15,Medium
2950,Thermograph,Mixed,Thermal Anomaly,2,0.536,0.019,74.32,0.539,0.948,0.742,53.55,1.91,0.131,2.262,38.28,653.5,Medium
2951,C-scan (BVID with Holes),Damaged,BVID,4,0.655,0.074,37.5,0.985,0.408,0.704,47.95,0.68,0.189,4.141,30.9,705.95,Medium
2952,Thermograph,Mixed,Thermal Anomaly,2,0.635,0.013,47.31,0.798,0.388,0.318,112.88,0.54,0.083,2.769,31.6,493.35,Medium
2953,Thermograph,Mixed,Thermal Anomaly,5,0.464,0.075,69.07,0.871,0.707,0.866,82.77,3.12,0.062,3.298,25.27,749.86,Low
2954,C-scan (Pristine with Holes),Pristine,None,3,0.45,0.034,63.38,0.527,0.226,0.707,70.69,7.93,0.018,0.191,22.42,524.09,Low
2955,Thermograph,Mixed,Thermal Anomaly,2,0.584,0.07,52.79,0.617,0.18,0.767,86.37,9.4,0.105,1.865,32.56,698.12,Medium
2956,C-scan (BVID with Holes),Damaged,BVID,3,0.683,0.061,55.33,0.88,0.506,0.291,109.41,8.38,0.137,3.653,51.38,445.89,Medium
2957,Thermograph,Mixed,Thermal Anomaly,5,0.694,0.046,6.85,0.656,0.31,0.25,38.69,3.92,0.059,1.404,45.99,817.39,High
2958,Thermograph,Mixed,None,6,0.652,0.031,20.94,0.691,0.472,0.89,52.61,7.01,0.051,2.311,51.92,501.03,High
2959,C-scan (Pristine with Holes),Pristine,None,4,0.589,0.038,14.47,0.491,0.8,0.477,115.97,4.49,0.034,0.651,40.64,525.29,Medium
2960,C-scan (BVID with Holes),Damaged,BVID,6,0.612,0.038,9.71,0.449,0.997,0.408,104.78,12.54,0.129,4.209,43.58,882.28,Medium
2961,Thermograph,Mixed,None,6,0.482,0.034,73.43,0.449,0.795,0.511,57.18,2.01,0.119,0.584,24.05,592.02,Low
2962,Thermograph,Mixed,None,6,0.598,0.022,54.69,0.491,0.673,0.817,26.94,1.36,0.061,2.971,45.69,405.64,High
2963,C-scan (BVID with Holes),Damaged,BVID,3,0.544,0.063,58.37,0.927,0.404,0.488,63.07,12.55,0.173,2.47,25.73,555.32,Low
2964,C-scan (Pristine with Holes),Pristine,None,2,0.585,0.077,11.15,0.11,0.213,0.863,104.84,8.46,0.014,0.398,21.75,849.51,Low
2965,C-scan (BVID with Holes),Damaged,BVID,5,0.527,0.019,19.29,0.321,0.794,0.426,114.8,11.07,0.144,2.754,52.85,654.77,Medium
2966,C-scan (Pristine with Holes),Pristine,None,6,0.688,0.029,0.62,0.508,0.341,0.54,48.42,0.79,0.046,0.52,52.38,473.76,High
2967,Thermograph,Mixed,None,2,0.658,0.06,8.44,0.495,0.466,0.724,44.8,11.04,0.101,1.796,21.58,388.8,Low
2968,C-scan (BVID with Holes),Damaged,BVID,3,0.626,0.04,52.72,0.504,0.879,0.254,98.73,8.13,0.105,2.274,49.78,811.65,Medium
2969,C-scan (BVID with Holes),Damaged,BVID,6,0.665,0.058,48.46,0.94,0.946,0.762,39.56,5.06,0.172,2.039,59.36,737.65,Medium
2970,C-scan (Pristine with Holes),Pristine,None,6,0.58,0.066,10.48,0.721,0.288,0.487,116.07,7.09,0.012,0.351,20.42,519.91,Low
2971,Thermograph,Mixed,Thermal Anomaly,5,0.592,0.014,27.63,0.678,0.148,0.409,103.9,3.0,0.041,1.147,22.74,352.13,Low
2972,Thermograph,Mixed,Thermal Anomaly,3,0.468,0.078,74.74,0.118,0.181,0.523,114.78,4.97,0.101,2.641,50.25,796.38,Medium
2973,C-scan (BVID with Holes),Damaged,BVID,4,0.573,0.018,42.34,0.712,0.844,0.567,36.89,6.02,0.12,2.881,59.69,491.39,Medium
2974,Thermograph,Mixed,Thermal Anomaly,6,0.487,0.024,80.45,0.314,0.95,0.33,109.54,9.42,0.053,1.869,47.67,781.84,High
2975,C-scan (Pristine with Holes),Pristine,None,5,0.478,0.079,57.58,0.667,0.561,0.637,78.48,7.77,0.028,0.111,24.46,886.66,Low
2976,C-scan (BVID with Holes),Damaged,BVID,4,0.521,0.053,75.49,0.993,0.71,0.292,48.05,2.19,0.198,1.36,57.74,848.44,Medium
2977,Thermograph,Mixed,None,5,0.516,0.057,45.64,0.405,0.443,0.362,117.28,13.92,0.061,1.374,58.91,893.02,High
2978,C-scan (BVID with Holes),Damaged,BVID,2,0.612,0.047,56.7,0.892,0.432,0.88,58.2,14.74,0.13,3.882,21.22,599.96,Low
2979,C-scan (Pristine with Holes),Pristine,None,3,0.67,0.048,66.81,0.171,0.961,0.847,94.98,11.09,0.044,0.581,59.45,356.58,High
2980,C-scan (BVID with Holes),Damaged,BVID,3,0.659,0.017,47.87,0.811,0.713,0.617,68.42,14.41,0.086,3.55,25.45,757.8,Low
2981,C-scan (Pristine with Holes),Pristine,None,4,0.608,0.026,42.38,0.948,0.953,0.807,69.67,10.62,0.043,0.638,30.28,690.61,Medium
2982,C-scan (BVID with Holes),Damaged,BVID,6,0.45,0.043,85.41,0.777,0.27,0.893,55.53,1.48,0.119,1.573,25.82,458.72,Low
2983,C-scan (BVID with Holes),Damaged,BVID,5,0.694,0.024,74.81,0.616,0.167,0.661,55.11,13.52,0.151,1.465,57.9,752.93,Medium
2984,C-scan (Pristine with Holes),Pristine,None,4,0.579,0.075,36.72,0.625,0.126,0.548,80.67,1.39,0.022,0.782,25.43,734.5,Low
2985,C-scan (Pristine with Holes),Pristine,None,2,0.455,0.061,79.42,0.306,0.67,0.204,30.08,6.01,0.04,0.544,48.05,677.37,High
2986,Thermograph,Mixed,Thermal Anomaly,3,0.651,0.072,66.47,0.943,0.518,0.817,32.6,0.81,0.137,1.742,46.22,466.5,Medium
2987,C-scan (BVID with Holes),Damaged,BVID,4,0.503,0.06,13.58,0.201,0.907,0.531,115.98,10.7,0.157,1.534,56.73,630.47,Medium
2988,Thermograph,Mixed,None,4,0.59,0.076,62.07,0.153,0.765,0.76,29.9,5.08,0.057,2.796,38.23,535.73,Medium
2989,C-scan (BVID with Holes),Damaged,BVID,5,0.584,0.06,16.99,0.49,0.848,0.734,107.94,3.3,0.098,1.874,52.02,552.34,Medium
2990,Thermograph,Mixed,None,5,0.68,0.034,84.56,0.467,0.439,0.423,99.02,1.17,0.131,1.129,23.79,519.67,Low
2991,C-scan (BVID with Holes),Damaged,BVID,6,0.502,0.065,2.4,0.409,0.907,0.266,33.76,2.52,0.185,2.111,47.15,766.61,Medium
2992,C-scan (BVID with Holes),Damaged,BVID,4,0.602,0.033,61.06,0.696,0.288,0.546,79.92,0.87,0.179,1.766,36.61,426.67,Medium
2993,C-scan (BVID with Holes),Damaged,BVID,2,0.619,0.019,46.47,0.662,0.682,0.383,102.08,14.6,0.161,1.861,21.31,368.77,Low
2994,C-scan (BVID with Holes),Damaged,BVID,6,0.533,0.011,45.72,0.564,0.229,0.58,65.13,14.63,0.108,3.519,26.92,532.88,Low
2995,Thermograph,Mixed,Thermal Anomaly,5,0.533,0.075,29.36,0.699,0.829,0.489,80.98,13.75,0.032,2.834,51.9,693.4,High
2996,C-scan (Pristine with Holes),Pristine,None,4,0.67,0.066,75.04,0.656,0.94,0.207,108.01,8.63,0.04,0.313,57.33,353.59,High
2997,C-scan (Pristine with Holes),Pristine,None,4,0.681,0.049,62.57,0.957,0.747,0.465,90.63,14.29,0.016,0.991,51.97,588.21,High
2998,Thermograph,Mixed,Thermal Anomaly,4,0.613,0.052,56.59,0.624,0.479,0.238,53.56,14.54,0.099,2.169,22.74,542.38,Low
2999,Thermograph,Mixed,Thermal Anomaly,3,0.464,0.063,46.97,0.92,0.753,0.632,59.81,4.97,0.129,0.764,25.8,395.86,Low
3000,C-scan (Pristine with Holes),Pristine,None,2,0.641,0.044,12.15,0.626,0.117,0.495,52.94,14.71,0.037,0.969,26.71,615.08,Low
3001,C-scan (BVID with Holes),Damaged,BVID,4,0.664,0.077,30.77,0.838,0.733,0.745,62.4,9.93,0.117,2.613,28.27,475.7,Low
3002,C-scan (BVID with Holes),Damaged,BVID,6,0.562,0.048,70.49,0.718,0.531,0.788,57.95,7.45,0.118,1.122,34.65,594.49,Medium
3003,C-scan (Pristine with Holes),Pristine,None,4,0.57,0.073,78.62,0.899,0.796,0.204,44.75,11.33,0.045,0.73,49.08,438.78,High
3004,Thermograph,Mixed,None,4,0.511,0.054,52.89,0.937,0.413,0.75,70.22,6.57,0.089,1.571,37.83,551.6,Medium
3005,Thermograph,Mixed,None,3,0.622,0.046,60.63,0.751,0.931,0.634,92.69,1.79,0.063,2.948,31.87,351.94,Medium
3006,C-scan (Pristine with Holes),Pristine,None,4,0.451,0.02,81.4,0.464,0.669,0.472,81.86,6.14,0.03,0.586,33.78,413.07,Medium
3007,C-scan (Pristine with Holes),Pristine,None,4,0.596,0.052,1.81,0.427,0.725,0.288,76.35,5.68,0.027,0.41,39.0,577.06,Medium
3008,C-scan (Pristine with Holes),Pristine,None,5,0.67,0.066,55.11,0.483,0.912,0.268,86.68,0.67,0.025,0.619,56.3,562.39,High
3009,Thermograph,Mixed,None,4,0.62,0.021,76.83,0.998,0.155,0.847,100.18,0.83,0.056,3.047,27.19,813.46,Low
3010,Thermograph,Mixed,None,2,0.634,0.034,10.1,0.519,0.746,0.698,103.78,1.94,0.089,2.781,57.2,355.2,Medium
3011,C-scan (Pristine with Holes),Pristine,None,6,0.587,0.064,73.26,0.928,0.406,0.443,115.11,10.89,0.032,0.717,39.51,782.52,Medium
3012,Thermograph,Mixed,None,6,0.523,0.059,0.55,0.745,0.978,0.831,32.3,10.16,0.126,2.022,42.91,674.62,Medium
3013,Thermograph,Mixed,None,4,0.577,0.066,84.59,0.83,0.153,0.77,112.5,10.69,0.145,2.66,29.29,795.02,Low
3014,Thermograph,Mixed,Thermal Anomaly,2,0.585,0.043,48.53,0.65,0.791,0.395,27.41,4.46,0.039,2.148,56.56,531.75,High
3015,Thermograph,Mixed,None,2,0.664,0.08,82.95,0.188,0.448,0.367,113.03,10.11,0.089,0.956,40.18,394.2,Medium
3016,C-scan (Pristine with Holes),Pristine,None,4,0.509,0.069,26.67,0.608,0.895,0.751,112.66,14.14,0.013,0.376,27.82,878.21,Low
3017,C-scan (Pristine with Holes),Pristine,None,5,0.638,0.016,25.63,0.73,0.998,0.478,46.81,8.04,0.017,0.227,48.1,831.04,High
3018,Thermograph,Mixed,Thermal Anomaly,2,0.486,0.011,22.46,0.859,0.388,0.749,60.99,14.7,0.123,3.174,49.12,772.28,Medium
3019,C-scan (BVID with Holes),Damaged,BVID,5,0.604,0.034,38.32,0.51,0.869,0.202,76.96,1.04,0.198,4.202,24.48,587.07,Low
3020,C-scan (Pristine with Holes),Pristine,None,2,0.656,0.067,67.04,0.371,0.372,0.631,83.05,7.78,0.032,0.931,47.25,754.05,High
3021,C-scan (Pristine with Holes),Pristine,None,3,0.553,0.017,17.47,0.503,0.478,0.499,50.52,0.78,0.046,0.539,29.77,893.69,Low
3022,C-scan (Pristine with Holes),Pristine,None,2,0.532,0.035,8.98,0.163,0.125,0.453,96.25,3.96,0.023,0.806,55.04,882.41,High
3023,Thermograph,Mixed,None,4,0.563,0.025,84.55,0.209,0.338,0.776,100.99,8.08,0.15,1.586,40.22,534.94,Medium
3024,C-scan (Pristine with Holes),Pristine,None,3,0.468,0.028,87.92,0.63,0.406,0.59,118.25,8.28,0.038,0.926,57.84,451.7,High
3025,C-scan (BVID with Holes),Damaged,BVID,6,0.609,0.058,53.89,0.953,0.619,0.593,65.06,13.78,0.187,3.542,59.91,445.03,Medium
3026,Thermograph,Mixed,Thermal Anomaly,2,0.626,0.077,89.87,0.364,0.164,0.358,64.38,7.35,0.084,3.406,29.47,405.27,Low
3027,C-scan (Pristine with Holes),Pristine,None,5,0.515,0.053,51.54,0.914,0.248,0.876,106.95,6.0,0.044,0.608,22.23,485.5,Low
3028,Thermograph,Mixed,None,4,0.621,0.038,44.2,0.514,0.285,0.231,64.42,10.11,0.121,3.466,30.65,718.67,Medium
3029,C-scan (BVID with Holes),Damaged,BVID,4,0.555,0.058,72.99,0.242,0.392,0.465,112.58,8.04,0.127,4.667,21.45,480.01,Low
3030,C-scan (BVID with Holes),Damaged,BVID,3,0.586,0.038,55.34,0.6,0.844,0.39,57.96,3.62,0.153,4.011,36.11,888.55,Medium
3031,C-scan (BVID with Holes),Damaged,BVID,3,0.485,0.069,18.85,0.282,0.789,0.608,118.05,1.93,0.195,2.33,20.5,832.88,Low
3032,C-scan (BVID with Holes),Damaged,BVID,3,0.59,0.07,80.97,0.148,0.842,0.595,94.09,14.96,0.101,4.87,38.48,693.86,Medium
3033,C-scan (Pristine with Holes),Pristine,None,3,0.459,0.073,1.39,0.459,0.152,0.259,94.68,13.61,0.034,0.694,40.88,403.06,Medium
3034,Thermograph,Mixed,None,6,0.47,0.061,54.46,0.198,0.592,0.211,40.38,1.89,0.067,1.504,57.9,406.14,High
3035,C-scan (Pristine with Holes),Pristine,None,4,0.681,0.059,38.01,0.521,0.625,0.281,54.97,14.86,0.04,0.656,42.22,752.12,Medium
3036,C-scan (BVID with Holes),Damaged,BVID,4,0.488,0.048,50.07,0.335,0.776,0.202,93.16,4.17,0.129,2.482,32.88,634.93,Medium
3037,Thermograph,Mixed,Thermal Anomaly,5,0.666,0.024,82.88,0.311,0.916,0.326,47.66,2.09,0.143,1.618,38.25,723.39,Medium
3038,C-scan (Pristine with Holes),Pristine,None,2,0.572,0.034,61.53,0.166,0.525,0.625,34.07,2.44,0.025,0.896,56.67,501.28,High
3039,C-scan (BVID with Holes),Damaged,BVID,5,0.531,0.078,47.04,0.109,0.978,0.289,95.67,13.99,0.193,4.162,53.03,353.95,Medium
3040,Thermograph,Mixed,None,3,0.682,0.051,1.11,0.175,0.466,0.254,37.97,3.79,0.144,1.389,57.49,763.21,Medium
3041,Thermograph,Mixed,None,5,0.578,0.033,79.81,0.64,0.143,0.672,72.45,11.28,0.098,1.623,22.66,560.76,Low
3042,C-scan (BVID with Holes),Damaged,BVID,2,0.516,0.038,15.49,0.785,0.45,0.431,104.31,5.46,0.173,4.183,41.94,539.25,Medium
3043,C-scan (Pristine with Holes),Pristine,None,2,0.572,0.049,14.74,0.625,0.917,0.588,86.72,2.26,0.031,0.15,50.33,542.92,High
3044,C-scan (Pristine with Holes),Pristine,None,6,0.507,0.034,21.9,0.382,0.116,0.67,43.02,0.83,0.031,0.304,34.83,884.7,Medium
3045,C-scan (BVID with Holes),Damaged,BVID,2,0.644,0.046,40.32,0.602,0.601,0.77,102.76,12.27,0.086,3.415,28.76,862.55,Low
3046,C-scan (BVID with Holes),Damaged,BVID,5,0.557,0.016,28.34,0.364,0.758,0.612,31.95,13.14,0.124,2.517,22.03,742.22,Low
3047,Thermograph,Mixed,None,4,0.63,0.012,89.51,0.961,0.13,0.373,38.35,4.77,0.075,0.944,20.61,833.46,Low
3048,C-scan (Pristine with Holes),Pristine,None,2,0.693,0.016,68.31,0.863,0.525,0.737,29.24,7.65,0.04,0.351,30.48,751.58,Medium
3049,C-scan (Pristine with Holes),Pristine,None,2,0.641,0.052,24.6,0.672,0.596,0.748,29.4,9.96,0.032,0.771,49.04,566.91,High
3050,C-scan (BVID with Holes),Damaged,BVID,3,0.495,0.01,35.65,0.886,0.947,0.426,41.26,9.02,0.165,2.305,36.3,892.14,Medium
3051,C-scan (Pristine with Holes),Pristine,None,2,0.677,0.063,18.96,0.299,0.498,0.353,31.11,5.95,0.032,0.249,37.42,449.72,Medium
3052,C-scan (BVID with Holes),Damaged,BVID,5,0.562,0.043,42.58,0.658,0.235,0.744,50.18,6.77,0.153,1.16,53.14,458.7,Medium
3053,C-scan (Pristine with Holes),Pristine,None,6,0.645,0.052,89.35,0.16,0.164,0.296,101.87,3.61,0.047,0.876,35.69,433.94,Medium
3054,Thermograph,Mixed,Thermal Anomaly,6,0.467,0.039,7.58,0.971,0.858,0.686,53.95,11.51,0.033,2.771,20.54,628.85,Low
3055,Thermograph,Mixed,Thermal Anomaly,6,0.553,0.024,57.03,0.192,0.114,0.518,63.5,7.58,0.141,3.058,33.94,643.9,Medium
3056,C-scan (Pristine with Holes),Pristine,None,2,0.62,0.044,20.72,0.944,0.183,0.602,52.41,2.44,0.027,0.933,38.57,528.94,Medium
3057,C-scan (BVID with Holes),Damaged,BVID,6,0.605,0.04,8.05,0.663,0.247,0.413,77.21,5.67,0.177,4.731,54.54,822.52,Medium
3058,C-scan (BVID with Holes),Damaged,BVID,4,0.661,0.044,65.25,0.484,0.226,0.328,66.24,4.59,0.104,3.27,22.61,619.31,Low
3059,C-scan (BVID with Holes),Damaged,BVID,5,0.638,0.037,24.3,0.304,0.186,0.47,80.34,9.66,0.087,2.602,23.67,750.99,Low
3060,Thermograph,Mixed,Thermal Anomaly,3,0.685,0.035,54.86,0.84,0.474,0.779,108.38,7.45,0.04,2.017,55.38,428.53,High
3061,C-scan (BVID with Holes),Damaged,BVID,5,0.619,0.064,11.17,0.17,0.164,0.341,93.6,13.06,0.199,4.321,33.92,846.7,Medium
3062,Thermograph,Mixed,Thermal Anomaly,2,0.642,0.046,60.59,0.924,0.129,0.794,117.41,1.94,0.059,2.395,45.71,802.23,High
3063,C-scan (BVID with Holes),Damaged,BVID,5,0.658,0.067,11.03,0.453,0.198,0.387,111.89,12.62,0.095,3.922,43.69,652.89,Medium
3064,Thermograph,Mixed,None,3,0.698,0.046,85.36,0.434,0.716,0.278,108.87,11.91,0.117,0.637,47.32,610.74,Medium
3065,Thermograph,Mixed,Thermal Anomaly,2,0.484,0.053,73.42,0.447,0.536,0.709,33.56,14.58,0.09,1.809,38.25,697.62,Medium
3066,C-scan (Pristine with Holes),Pristine,None,2,0.506,0.071,3.66,0.784,0.88,0.503,66.01,2.98,0.025,0.157,32.79,606.55,Medium
3067,Thermograph,Mixed,None,2,0.602,0.058,66.62,0.996,0.577,0.349,46.1,13.58,0.085,2.693,26.24,533.03,Low
3068,C-scan (BVID with Holes),Damaged,BVID,4,0.692,0.021,74.81,0.715,0.223,0.583,110.54,13.2,0.125,1.422,20.69,708.05,Low
3069,C-scan (BVID with Holes),Damaged,BVID,6,0.49,0.076,70.86,0.99,0.236,0.577,100.81,9.93,0.139,2.879,21.85,365.67,Low
3070,Thermograph,Mixed,None,5,0.579,0.027,55.49,0.196,0.239,0.886,87.91,5.79,0.119,1.262,55.33,759.06,Medium
3071,Thermograph,Mixed,None,5,0.553,0.062,21.44,0.78,0.658,0.586,84.57,11.55,0.089,2.681,43.45,795.18,Medium
3072,C-scan (BVID with Holes),Damaged,BVID,3,0.581,0.023,6.01,0.335,0.733,0.593,41.86,7.14,0.195,3.389,58.27,407.25,Medium
3073,Thermograph,Mixed,Thermal Anomaly,4,0.697,0.069,30.03,0.734,0.934,0.266,107.56,9.52,0.047,1.467,43.24,853.36,Medium
3074,C-scan (Pristine with Holes),Pristine,None,5,0.55,0.052,26.26,0.899,0.917,0.507,114.11,3.12,0.02,0.33,59.16,759.5,High
3075,Thermograph,Mixed,Thermal Anomaly,2,0.633,0.039,14.36,0.642,0.751,0.74,67.05,6.71,0.048,3.133,26.54,389.55,Low
3076,Thermograph,Mixed,None,4,0.664,0.04,33.81,0.567,0.418,0.327,91.78,10.56,0.044,2.514,43.98,639.42,Medium
3077,Thermograph,Mixed,Thermal Anomaly,3,0.494,0.059,43.73,0.649,0.571,0.651,100.86,10.07,0.15,2.353,23.34,732.69,Low
3078,Thermograph,Mixed,None,3,0.651,0.018,32.54,0.268,0.961,0.704,54.68,3.68,0.037,2.228,40.42,677.05,Medium
3079,C-scan (BVID with Holes),Damaged,BVID,6,0.539,0.051,58.77,0.42,0.683,0.309,32.44,7.87,0.191,2.01,59.16,752.19,Medium
3080,C-scan (BVID with Holes),Damaged,BVID,2,0.609,0.013,50.66,0.274,0.349,0.359,38.32,13.72,0.122,3.756,51.2,394.31,Medium
3081,Thermograph,Mixed,Thermal Anomaly,3,0.522,0.027,64.7,0.974,0.336,0.243,101.36,1.99,0.093,2.853,40.96,717.62,Medium
3082,C-scan (Pristine with Holes),Pristine,None,5,0.471,0.049,12.49,0.135,0.958,0.721,76.31,11.88,0.047,0.145,45.7,700.51,High
3083,C-scan (Pristine with Holes),Pristine,None,4,0.658,0.049,50.65,0.196,0.203,0.418,52.54,14.91,0.041,0.241,56.3,462.15,High
3084,C-scan (BVID with Holes),Damaged,BVID,6,0.534,0.012,3.53,0.708,0.312,0.236,103.01,9.41,0.143,3.928,23.8,465.11,Low
3085,Thermograph,Mixed,None,5,0.625,0.041,65.0,0.903,0.738,0.868,26.92,14.09,0.035,0.585,21.62,756.7,Low
3086,C-scan (Pristine with Holes),Pristine,None,4,0.54,0.026,54.83,0.862,0.407,0.373,96.56,10.13,0.041,0.54,49.64,645.21,High
3087,C-scan (Pristine with Holes),Pristine,None,4,0.544,0.06,73.45,0.752,0.908,0.731,107.57,3.1,0.014,0.181,55.21,813.44,High
3088,C-scan (Pristine with Holes),Pristine,None,6,0.666,0.057,86.19,0.93,0.682,0.201,115.73,3.46,0.034,0.713,24.41,650.17,Low
3089,C-scan (BVID with Holes),Damaged,BVID,2,0.593,0.062,42.52,0.252,0.997,0.72,85.33,1.95,0.178,2.51,28.42,536.53,Low
3090,C-scan (BVID with Holes),Damaged,BVID,4,0.596,0.076,6.29,0.356,0.483,0.536,70.1,7.88,0.116,4.547,55.98,419.53,Medium
3091,Thermograph,Mixed,Thermal Anomaly,5,0.573,0.043,50.04,0.895,0.48,0.265,114.93,7.05,0.1,1.778,39.66,363.38,Medium
3092,C-scan (Pristine with Holes),Pristine,None,5,0.514,0.06,19.8,0.848,0.427,0.283,51.01,11.47,0.019,0.37,24.89,550.12,Low
3093,C-scan (Pristine with Holes),Pristine,None,3,0.491,0.065,50.47,0.502,0.933,0.725,26.78,4.41,0.046,0.754,25.74,786.0,Low
3094,C-scan (Pristine with Holes),Pristine,None,5,0.495,0.039,72.43,0.589,0.999,0.593,69.12,11.39,0.037,0.794,47.64,589.06,High
3095,C-scan (Pristine with Holes),Pristine,None,4,0.486,0.052,63.71,0.108,0.261,0.352,111.29,14.72,0.026,0.47,42.71,600.19,Medium
3096,C-scan (Pristine with Holes),Pristine,None,6,0.692,0.057,54.01,0.706,0.895,0.753,85.11,2.7,0.031,0.323,45.35,386.43,High
3097,C-scan (Pristine with Holes),Pristine,None,4,0.518,0.027,69.3,0.52,0.482,0.572,81.88,5.55,0.022,0.372,37.81,753.95,Medium
3098,C-scan (Pristine with Holes),Pristine,None,5,0.567,0.014,51.22,0.751,0.134,0.819,111.0,7.59,0.028,0.649,37.59,496.75,Medium
3099,Thermograph,Mixed,None,5,0.631,0.059,21.09,0.18,0.591,0.83,115.6,13.87,0.072,0.893,56.67,853.59,High
3100,C-scan (BVID with Holes),Damaged,BVID,6,0.601,0.045,44.46,0.855,0.251,0.459,55.24,5.08,0.156,1.288,59.97,546.46,Medium
3101,Thermograph,Mixed,None,5,0.543,0.026,79.85,0.956,0.469,0.426,101.12,1.09,0.063,1.624,46.2,479.58,High
3102,Thermograph,Mixed,None,5,0.488,0.047,18.09,0.174,0.346,0.893,42.29,11.05,0.041,1.557,36.19,645.51,Medium
3103,Thermograph,Mixed,Thermal Anomaly,6,0.472,0.027,1.8,0.478,0.762,0.617,46.52,9.32,0.143,2.392,38.18,853.73,Medium
3104,Thermograph,Mixed,Thermal Anomaly,4,0.624,0.064,41.41,0.825,0.538,0.77,53.72,3.51,0.036,1.898,58.73,869.17,High
3105,C-scan (Pristine with Holes),Pristine,None,3,0.475,0.069,29.83,0.376,0.102,0.21,48.36,2.64,0.041,0.323,30.01,748.21,Medium
3106,C-scan (BVID with Holes),Damaged,BVID,4,0.478,0.08,46.6,0.4,0.474,0.261,112.69,6.78,0.087,4.379,49.81,755.86,Medium
3107,Thermograph,Mixed,Thermal Anomaly,6,0.644,0.049,7.57,0.959,0.635,0.53,80.53,1.64,0.073,3.446,40.59,886.11,Medium
3108,Thermograph,Mixed,None,3,0.61,0.066,88.14,0.81,0.47,0.705,96.95,4.72,0.062,1.072,43.26,885.64,Medium
3109,Thermograph,Mixed,None,5,0.568,0.073,78.5,0.718,0.902,0.539,92.8,9.17,0.086,1.894,34.52,575.71,Medium
3110,C-scan (BVID with Holes),Damaged,BVID,4,0.465,0.066,82.76,0.254,0.678,0.805,59.56,10.84,0.149,2.219,56.74,686.58,Medium
3111,Thermograph,Mixed,None,3,0.478,0.065,60.91,0.128,0.79,0.369,32.09,2.39,0.068,1.824,35.67,708.54,Medium
3112,C-scan (BVID with Holes),Damaged,BVID,3,0.624,0.052,69.15,0.731,0.573,0.785,92.55,3.17,0.126,2.88,21.82,719.19,Low
3113,C-scan (BVID with Holes),Damaged,BVID,3,0.52,0.078,41.54,0.656,0.584,0.847,82.99,10.33,0.178,4.774,56.95,757.99,Medium
3114,C-scan (BVID with Holes),Damaged,BVID,2,0.611,0.072,48.4,0.215,0.353,0.4,72.3,9.73,0.164,3.045,27.46,766.55,Low
3115,Thermograph,Mixed,Thermal Anomaly,5,0.658,0.032,27.91,0.921,0.118,0.765,33.3,9.69,0.144,0.906,26.03,518.96,Low
3116,C-scan (Pristine with Holes),Pristine,None,3,0.658,0.049,65.69,0.251,0.115,0.844,72.14,3.31,0.014,0.961,53.94,396.01,High
3117,Thermograph,Mixed,Thermal Anomaly,5,0.561,0.07,79.47,0.11,0.489,0.797,103.22,8.41,0.102,0.68,51.98,606.69,Medium
3118,C-scan (BVID with Holes),Damaged,BVID,3,0.696,0.045,15.08,0.284,0.865,0.779,27.49,7.08,0.123,3.86,34.19,392.98,Medium
3119,C-scan (BVID with Holes),Damaged,BVID,5,0.551,0.049,88.16,0.922,0.423,0.487,91.77,5.06,0.134,2.516,43.19,773.81,Medium
3120,C-scan (BVID with Holes),Damaged,BVID,2,0.494,0.019,87.67,0.71,0.408,0.849,112.12,14.36,0.088,3.003,56.17,756.81,Medium
3121,Thermograph,Mixed,Thermal Anomaly,4,0.473,0.062,54.97,0.219,0.623,0.331,105.83,9.0,0.049,2.92,41.19,418.7,Medium
3122,C-scan (Pristine with Holes),Pristine,None,3,0.504,0.08,6.94,0.268,0.845,0.868,51.17,9.35,0.032,0.815,58.18,774.57,High
3123,Thermograph,Mixed,None,5,0.567,0.038,35.26,0.277,0.118,0.701,108.46,9.98,0.103,2.396,41.5,721.77,Medium
3124,C-scan (Pristine with Holes),Pristine,None,3,0.52,0.065,6.61,0.937,0.782,0.503,73.36,4.04,0.019,0.609,34.85,388.39,Medium
3125,C-scan (Pristine with Holes),Pristine,None,4,0.625,0.04,83.53,0.507,0.929,0.332,99.23,6.22,0.032,0.135,54.51,704.75,High
3126,C-scan (Pristine with Holes),Pristine,None,5,0.604,0.062,10.27,0.596,0.221,0.695,89.54,13.77,0.021,0.792,27.36,877.62,Low
3127,C-scan (BVID with Holes),Damaged,BVID,4,0.462,0.066,61.13,0.5,0.678,0.486,69.01,2.22,0.11,3.352,43.17,823.71,Medium
3128,Thermograph,Mixed,Thermal Anomaly,5,0.678,0.055,26.79,0.141,0.92,0.395,33.57,14.54,0.067,2.785,50.29,439.48,High
3129,C-scan (BVID with Holes),Damaged,BVID,2,0.599,0.068,45.44,0.878,0.567,0.543,55.0,2.24,0.149,1.167,33.9,856.85,Medium
3130,Thermograph,Mixed,Thermal Anomaly,3,0.636,0.066,12.84,0.633,0.17,0.786,57.26,8.62,0.144,3.466,36.33,574.53,Medium
3131,C-scan (Pristine with Holes),Pristine,None,4,0.619,0.017,18.24,0.521,0.897,0.338,61.69,1.18,0.031,0.364,23.98,701.02,Low
3132,Thermograph,Mixed,None,4,0.687,0.034,47.0,0.516,0.246,0.463,63.94,8.76,0.148,1.236,41.57,778.32,Medium
3133,Thermograph,Mixed,Thermal Anomaly,3,0.507,0.017,31.94,0.513,0.289,0.389,29.68,9.15,0.055,0.814,48.12,727.26,High
3134,C-scan (BVID with Holes),Damaged,BVID,6,0.556,0.013,35.71,0.457,0.154,0.542,91.07,1.51,0.177,2.272,29.1,418.66,Low
3135,C-scan (Pristine with Holes),Pristine,None,6,0.598,0.061,8.46,0.756,0.122,0.777,60.51,4.23,0.05,0.817,22.96,688.59,Low
3136,C-scan (BVID with Holes),Damaged,BVID,5,0.545,0.047,61.01,0.95,0.782,0.855,119.01,11.99,0.158,4.912,55.46,890.92,Medium
3137,C-scan (Pristine with Holes),Pristine,None,5,0.529,0.061,10.73,0.107,0.198,0.559,43.52,5.08,0.021,0.565,46.27,855.9,High
3138,Thermograph,Mixed,None,3,0.506,0.079,11.93,0.731,0.863,0.319,41.19,3.37,0.107,3.461,57.14,439.12,Medium
3139,C-scan (BVID with Holes),Damaged,BVID,4,0.457,0.039,8.3,0.111,0.427,0.891,62.2,11.39,0.192,4.046,25.11,798.72,Low
3140,C-scan (BVID with Holes),Damaged,BVID,3,0.582,0.071,15.27,0.399,0.767,0.292,72.66,10.36,0.192,2.371,50.35,885.33,Medium
3141,C-scan (BVID with Holes),Damaged,BVID,4,0.621,0.042,8.15,0.355,0.86,0.271,65.0,1.52,0.181,1.568,35.25,481.6,Medium
3142,Thermograph,Mixed,Thermal Anomaly,3,0.661,0.059,6.45,0.627,0.586,0.317,100.58,14.14,0.141,0.844,52.32,504.3,Medium
3143,C-scan (Pristine with Holes),Pristine,None,5,0.672,0.078,63.43,0.103,0.162,0.728,64.74,5.14,0.015,0.16,29.67,503.16,Low
3144,C-scan (Pristine with Holes),Pristine,None,3,0.586,0.023,53.83,0.267,0.814,0.544,79.5,7.54,0.045,0.919,47.55,827.11,High
3145,Thermograph,Mixed,Thermal Anomaly,2,0.451,0.019,10.96,0.895,0.349,0.495,106.13,9.58,0.101,2.911,37.07,671.32,Medium
3146,C-scan (BVID with Holes),Damaged,BVID,6,0.558,0.06,11.51,0.318,0.686,0.467,30.94,12.04,0.15,2.35,45.27,845.05,Medium
3147,C-scan (BVID with Holes),Damaged,BVID,6,0.575,0.074,40.61,0.492,0.376,0.618,98.64,7.26,0.122,1.064,29.08,627.05,Low
3148,C-scan (BVID with Holes),Damaged,BVID,2,0.553,0.05,4.21,0.225,0.605,0.635,110.97,3.22,0.132,1.342,26.6,755.29,Low
3149,Thermograph,Mixed,Thermal Anomaly,3,0.464,0.074,77.6,0.19,0.832,0.73,96.03,13.59,0.031,1.547,45.23,379.68,High
3150,C-scan (BVID with Holes),Damaged,BVID,5,0.589,0.035,69.34,0.988,0.417,0.589,33.98,9.58,0.196,3.912,46.99,425.02,Medium
3151,C-scan (Pristine with Holes),Pristine,None,5,0.651,0.054,15.01,0.189,0.803,0.238,86.97,13.23,0.032,0.542,48.17,523.21,High
3152,Thermograph,Mixed,Thermal Anomaly,4,0.522,0.019,17.99,0.897,0.85,0.699,49.29,0.6,0.055,0.793,32.07,475.78,Medium
3153,C-scan (Pristine with Holes),Pristine,None,6,0.568,0.075,44.02,0.749,0.885,0.526,28.48,8.43,0.034,0.274,51.43,809.75,High
3154,Thermograph,Mixed,None,3,0.641,0.018,51.69,0.718,0.64,0.448,39.8,9.93,0.089,1.901,35.12,602.97,Medium
3155,C-scan (Pristine with Holes),Pristine,None,2,0.644,0.052,9.46,0.739,0.163,0.34,118.59,4.35,0.045,0.832,30.01,859.08,Medium
3156,C-scan (BVID with Holes),Damaged,BVID,2,0.659,0.051,31.21,0.954,0.808,0.502,83.98,7.9,0.194,4.232,37.01,719.79,Medium
3157,Thermograph,Mixed,None,6,0.47,0.066,61.96,0.599,0.54,0.87,30.75,14.98,0.129,1.139,33.61,417.11,Medium
3158,C-scan (Pristine with Holes),Pristine,None,6,0.465,0.046,47.02,0.838,0.85,0.767,56.12,8.78,0.031,0.843,44.17,455.03,Medium
3159,C-scan (BVID with Holes),Damaged,BVID,6,0.578,0.019,18.62,0.4,0.638,0.5,88.84,6.03,0.147,1.209,41.2,799.63,Medium
3160,C-scan (BVID with Holes),Damaged,BVID,4,0.617,0.062,9.28,0.561,0.174,0.8,93.02,3.65,0.15,1.796,28.92,359.06,Low
3161,C-scan (BVID with Holes),Damaged,BVID,5,0.688,0.067,54.65,0.842,0.507,0.666,104.22,9.84,0.111,3.047,59.27,458.07,Medium
3162,C-scan (Pristine with Holes),Pristine,None,3,0.659,0.067,74.25,0.607,0.163,0.558,103.62,6.97,0.045,0.336,35.16,454.45,Medium
3163,Thermograph,Mixed,Thermal Anomaly,3,0.579,0.055,73.45,0.401,0.359,0.286,83.46,10.42,0.049,1.723,31.22,773.92,Medium
3164,C-scan (BVID with Holes),Damaged,BVID,5,0.523,0.021,10.35,0.593,0.47,0.347,111.49,8.8,0.168,4.719,46.35,897.45,Medium
3165,C-scan (Pristine with Holes),Pristine,None,2,0.597,0.059,30.34,0.537,0.502,0.679,74.52,7.79,0.049,0.865,58.37,517.41,High
3166,C-scan (BVID with Holes),Damaged,BVID,5,0.512,0.072,35.83,0.797,0.619,0.661,64.49,6.93,0.149,3.162,50.56,465.94,Medium
3167,C-scan (BVID with Holes),Damaged,BVID,2,0.537,0.013,89.35,0.279,0.463,0.756,84.98,1.24,0.155,1.402,39.83,803.97,Medium
3168,C-scan (BVID with Holes),Damaged,BVID,2,0.693,0.028,35.73,0.328,0.664,0.746,41.96,5.44,0.179,1.793,54.82,419.8,Medium
3169,C-scan (Pristine with Holes),Pristine,None,3,0.616,0.034,73.83,0.788,0.958,0.322,92.89,9.78,0.011,0.915,57.19,620.57,High
3170,Thermograph,Mixed,Thermal Anomaly,2,0.505,0.025,50.6,0.871,0.103,0.312,100.92,12.76,0.104,1.249,51.98,434.73,Medium
3171,C-scan (Pristine with Holes),Pristine,None,3,0.573,0.063,10.58,0.142,0.74,0.715,101.09,11.66,0.042,0.427,24.32,788.48,Low
3172,Thermograph,Mixed,Thermal Anomaly,3,0.693,0.018,36.41,0.851,0.184,0.353,98.75,11.2,0.1,0.998,54.49,849.23,Medium
3173,Thermograph,Mixed,None,6,0.468,0.075,51.23,0.166,0.505,0.864,115.25,6.61,0.043,1.585,28.3,555.85,Low
3174,C-scan (BVID with Holes),Damaged,BVID,4,0.466,0.013,83.57,0.132,0.952,0.53,49.18,7.01,0.083,1.298,37.1,432.61,Medium
3175,Thermograph,Mixed,None,5,0.478,0.056,55.54,0.826,0.144,0.356,104.9,9.22,0.067,2.925,43.65,766.96,Medium
3176,C-scan (BVID with Holes),Damaged,BVID,2,0.682,0.041,58.71,0.693,0.455,0.614,74.83,1.98,0.096,2.343,42.93,815.28,Medium
3177,C-scan (BVID with Holes),Damaged,BVID,5,0.46,0.031,85.66,0.906,0.165,0.327,52.18,8.77,0.193,3.415,49.75,425.45,Medium
3178,Thermograph,Mixed,Thermal Anomaly,3,0.546,0.067,21.52,0.125,0.184,0.872,51.13,5.47,0.11,2.708,49.17,493.22,Medium
3179,C-scan (BVID with Holes),Damaged,BVID,6,0.648,0.057,66.66,0.879,0.3,0.467,48.74,8.68,0.135,1.969,52.67,827.14,Medium
3180,Thermograph,Mixed,Thermal Anomaly,2,0.489,0.04,59.67,0.3,0.919,0.735,71.77,12.84,0.114,2.0,20.58,741.94,Low
3181,Thermograph,Mixed,None,2,0.481,0.075,52.93,0.308,0.899,0.623,109.98,14.52,0.13,2.12,43.5,460.4,Medium
3182,Thermograph,Mixed,Thermal Anomaly,3,0.527,0.013,6.88,0.672,0.667,0.56,107.2,2.76,0.063,1.139,52.47,605.9,High
3183,C-scan (BVID with Holes),Damaged,BVID,6,0.577,0.015,39.64,0.254,0.662,0.323,95.23,1.23,0.195,3.452,45.13,846.19,Medium
3184,C-scan (Pristine with Holes),Pristine,None,6,0.563,0.044,21.12,0.913,0.826,0.578,108.36,8.29,0.04,0.102,27.67,780.85,Low
3185,C-scan (BVID with Holes),Damaged,BVID,4,0.563,0.029,63.73,0.13,0.893,0.628,38.82,5.74,0.121,1.945,21.85,483.11,Low
3186,Thermograph,Mixed,Thermal Anomaly,4,0.53,0.011,37.83,0.481,0.858,0.417,28.37,6.7,0.039,3.212,55.46,542.7,High
3187,C-scan (BVID with Holes),Damaged,BVID,6,0.579,0.01,66.13,0.483,0.852,0.769,53.61,2.95,0.128,4.642,26.01,515.83,Low
3188,C-scan (BVID with Holes),Damaged,BVID,6,0.524,0.013,56.09,0.207,0.628,0.612,56.73,6.48,0.188,1.008,34.4,410.64,Medium
3189,Thermograph,Mixed,Thermal Anomaly,3,0.674,0.071,4.02,0.406,0.664,0.257,28.94,10.86,0.036,1.806,31.27,669.11,Medium
3190,C-scan (Pristine with Holes),Pristine,None,3,0.58,0.011,23.5,0.644,0.638,0.895,67.42,9.86,0.015,0.816,48.87,769.71,High
3191,C-scan (Pristine with Holes),Pristine,None,5,0.575,0.03,40.81,0.41,0.61,0.314,75.16,4.2,0.033,0.327,25.22,691.39,Low
3192,Thermograph,Mixed,None,2,0.62,0.07,25.62,0.236,0.802,0.768,84.97,7.94,0.061,1.285,59.09,648.73,High
3193,C-scan (Pristine with Holes),Pristine,None,6,0.523,0.08,42.23,0.6,0.713,0.441,26.82,9.96,0.039,0.292,58.19,557.5,High
3194,C-scan (BVID with Holes),Damaged,BVID,4,0.483,0.054,15.62,0.648,0.951,0.76,96.59,14.93,0.2,1.034,46.33,872.33,Medium
3195,C-scan (BVID with Holes),Damaged,BVID,5,0.68,0.049,88.46,0.747,0.908,0.316,52.79,1.34,0.118,3.855,40.85,430.12,Medium
3196,C-scan (Pristine with Holes),Pristine,None,3,0.598,0.051,14.29,0.928,0.118,0.348,74.67,5.48,0.015,0.875,22.13,470.7,Low
3197,C-scan (Pristine with Holes),Pristine,None,6,0.451,0.05,79.72,0.728,0.235,0.789,31.25,13.94,0.028,0.413,35.01,434.75,Medium
3198,Thermograph,Mixed,None,6,0.697,0.048,14.98,0.863,0.929,0.397,68.63,12.88,0.049,2.66,52.37,774.03,High
3199,Thermograph,Mixed,None,4,0.54,0.05,49.55,0.937,0.164,0.882,63.53,14.31,0.139,2.248,24.5,808.0,Low
3200,C-scan (Pristine with Holes),Pristine,None,2,0.498,0.063,58.56,0.265,0.354,0.818,109.21,3.06,0.028,0.44,34.69,472.51,Medium
3201,Thermograph,Mixed,None,4,0.5,0.011,46.9,0.382,0.215,0.499,93.03,10.97,0.147,2.597,25.81,581.32,Low
3202,Thermograph,Mixed,Thermal Anomaly,5,0.571,0.063,4.58,0.904,0.932,0.481,86.91,13.39,0.034,3.323,56.95,563.89,High
3203,C-scan (BVID with Holes),Damaged,BVID,4,0.578,0.068,15.42,0.544,0.817,0.386,37.3,1.27,0.177,3.557,39.4,893.81,Medium
3204,C-scan (BVID with Holes),Damaged,BVID,3,0.557,0.015,46.47,0.843,0.944,0.839,45.37,7.18,0.164,1.454,36.64,561.25,Medium
3205,C-scan (BVID with Holes),Damaged,BVID,6,0.681,0.077,31.39,0.441,0.749,0.463,102.09,14.64,0.146,2.817,53.48,492.11,Medium
3206,C-scan (Pristine with Holes),Pristine,None,3,0.543,0.074,72.01,0.552,0.62,0.85,84.43,14.82,0.019,0.307,52.34,895.14,High
3207,Thermograph,Mixed,None,6,0.482,0.036,82.14,0.645,0.661,0.545,69.67,11.59,0.108,0.554,30.54,661.89,Medium
3208,C-scan (BVID with Holes),Damaged,BVID,3,0.654,0.046,55.81,0.749,0.473,0.404,60.58,1.87,0.198,2.253,39.66,736.76,Medium
3209,C-scan (BVID with Holes),Damaged,BVID,3,0.491,0.055,9.94,0.354,0.262,0.462,80.74,13.29,0.14,2.074,41.19,809.82,Medium
3210,C-scan (BVID with Holes),Damaged,BVID,2,0.533,0.067,85.28,0.681,0.864,0.756,36.73,2.57,0.161,4.002,22.56,741.11,Low
3211,Thermograph,Mixed,Thermal Anomaly,6,0.477,0.078,72.76,0.36,0.728,0.63,111.54,10.23,0.055,0.559,44.89,407.03,Medium
3212,C-scan (Pristine with Holes),Pristine,None,5,0.577,0.031,5.39,0.2,0.289,0.548,59.77,13.33,0.017,0.319,50.33,534.88,High
3213,C-scan (BVID with Holes),Damaged,BVID,4,0.675,0.026,5.65,0.235,0.424,0.335,104.81,10.82,0.112,2.365,27.82,463.47,Low
3214,Thermograph,Mixed,Thermal Anomaly,5,0.689,0.045,77.7,0.26,0.321,0.535,31.76,2.19,0.13,1.372,41.49,441.01,Medium
3215,Thermograph,Mixed,Thermal Anomaly,3,0.569,0.012,87.21,0.441,0.694,0.61,62.15,13.38,0.056,2.328,55.14,478.48,High
3216,Thermograph,Mixed,Thermal Anomaly,3,0.533,0.03,79.8,0.47,0.462,0.768,42.91,10.88,0.056,3.483,24.8,637.32,Low
3217,Thermograph,Mixed,Thermal Anomaly,6,0.472,0.068,58.76,0.454,0.37,0.853,97.54,1.2,0.09,2.482,36.55,646.63,Medium
3218,Thermograph,Mixed,None,2,0.483,0.072,13.81,0.647,0.848,0.313,97.08,2.35,0.038,2.243,29.86,588.02,Low
3219,C-scan (Pristine with Holes),Pristine,None,4,0.653,0.064,66.12,0.982,0.424,0.358,52.2,4.8,0.043,0.208,28.26,692.18,Low
3220,C-scan (BVID with Holes),Damaged,BVID,4,0.682,0.08,21.46,0.686,0.5,0.449,73.41,13.37,0.163,2.042,57.74,633.32,Medium
3221,C-scan (BVID with Holes),Damaged,BVID,2,0.478,0.035,50.33,0.767,0.428,0.317,77.89,10.87,0.143,3.169,53.89,690.44,Medium
3222,Thermograph,Mixed,None,2,0.568,0.077,81.11,0.708,0.214,0.713,33.37,8.77,0.049,2.132,52.65,482.1,High
3223,Thermograph,Mixed,None,2,0.651,0.052,8.83,0.719,0.425,0.312,71.52,3.81,0.118,2.369,31.07,501.55,Medium
3224,Thermograph,Mixed,Thermal Anomaly,2,0.68,0.02,68.72,0.794,0.814,0.359,90.14,11.84,0.126,3.122,44.7,470.15,Medium
3225,C-scan (BVID with Holes),Damaged,BVID,5,0.627,0.029,75.64,0.254,0.929,0.556,51.32,14.43,0.092,4.216,55.83,863.22,Medium
3226,C-scan (BVID with Holes),Damaged,BVID,2,0.481,0.056,34.89,0.165,0.87,0.243,61.51,1.37,0.173,3.187,21.79,736.4,Low
3227,C-scan (BVID with Holes),Damaged,BVID,5,0.513,0.035,63.24,0.197,0.702,0.611,111.61,6.57,0.121,3.531,37.36,691.59,Medium
3228,C-scan (Pristine with Holes),Pristine,None,4,0.592,0.039,77.19,0.454,0.305,0.504,49.25,7.97,0.029,0.13,27.92,765.12,Low
3229,C-scan (Pristine with Holes),Pristine,None,6,0.544,0.039,12.05,0.583,0.883,0.313,110.23,1.52,0.043,0.655,37.17,392.55,Medium
3230,Thermograph,Mixed,None,5,0.65,0.033,32.02,0.772,0.697,0.804,35.98,11.88,0.057,2.986,37.37,883.43,Medium
3231,C-scan (BVID with Holes),Damaged,BVID,5,0.674,0.049,45.15,0.849,0.287,0.464,40.8,4.54,0.165,3.876,53.96,454.62,Medium
3232,C-scan (Pristine with Holes),Pristine,None,3,0.471,0.038,65.92,0.218,0.387,0.344,54.15,7.71,0.044,0.654,23.45,792.5,Low
3233,C-scan (Pristine with Holes),Pristine,None,5,0.696,0.013,84.46,0.746,0.515,0.216,37.51,11.53,0.032,0.932,44.3,839.22,Medium
3234,Thermograph,Mixed,Thermal Anomaly,6,0.69,0.065,4.5,0.528,0.417,0.41,67.11,14.45,0.061,3.365,58.07,476.83,High
3235,C-scan (BVID with Holes),Damaged,BVID,4,0.584,0.024,43.08,0.625,0.158,0.412,80.62,13.39,0.113,3.393,44.8,592.98,Medium
3236,C-scan (Pristine with Holes),Pristine,None,4,0.47,0.018,80.31,0.581,0.536,0.322,63.61,14.27,0.021,0.833,56.22,606.47,High
3237,C-scan (Pristine with Holes),Pristine,None,4,0.487,0.032,32.61,0.673,0.857,0.702,118.92,7.13,0.036,0.41,26.95,761.69,Low
3238,Thermograph,Mixed,Thermal Anomaly,4,0.685,0.022,6.88,0.458,0.727,0.383,53.35,13.7,0.063,1.465,52.06,439.29,High
3239,Thermograph,Mixed,None,3,0.647,0.068,67.66,0.104,0.635,0.887,115.11,8.44,0.084,1.569,37.35,511.62,Medium
3240,C-scan (Pristine with Holes),Pristine,None,5,0.462,0.036,65.74,0.598,0.762,0.859,26.99,3.99,0.027,0.716,25.81,355.08,Low
3241,C-scan (BVID with Holes),Damaged,BVID,3,0.541,0.031,15.65,0.599,0.671,0.482,110.72,0.61,0.098,2.938,52.79,500.57,Medium
3242,C-scan (BVID with Holes),Damaged,BVID,3,0.511,0.02,46.0,0.643,0.764,0.489,103.47,12.62,0.106,4.315,41.42,787.95,Medium
3243,Thermograph,Mixed,None,4,0.496,0.047,87.45,0.106,0.124,0.438,74.71,13.98,0.08,0.54,49.28,569.26,Medium
3244,C-scan (Pristine with Holes),Pristine,None,6,0.652,0.023,70.23,0.232,0.626,0.257,26.76,8.46,0.042,0.192,39.38,368.9,Medium
3245,C-scan (BVID with Holes),Damaged,BVID,5,0.491,0.063,15.03,0.371,0.698,0.548,119.69,11.55,0.193,1.437,53.62,829.17,Medium
3246,C-scan (Pristine with Holes),Pristine,None,6,0.482,0.04,70.07,0.292,0.726,0.343,62.61,12.32,0.05,0.164,49.11,633.34,High
3247,C-scan (BVID with Holes),Damaged,BVID,3,0.659,0.071,25.66,0.874,0.25,0.276,93.55,9.76,0.18,2.417,46.19,517.09,Medium
3248,C-scan (Pristine with Holes),Pristine,None,4,0.538,0.073,82.2,0.967,0.982,0.637,102.3,8.2,0.015,0.44,54.68,370.18,High
3249,C-scan (Pristine with Holes),Pristine,None,3,0.489,0.076,22.41,0.708,0.147,0.451,83.1,2.05,0.049,0.407,35.79,546.78,Medium
3250,Thermograph,Mixed,None,5,0.457,0.017,67.94,0.567,0.524,0.464,67.9,5.88,0.102,1.86,56.31,498.52,Medium
3251,Thermograph,Mixed,None,2,0.532,0.017,70.47,0.93,0.52,0.748,97.03,10.56,0.061,1.442,20.98,433.24,Low
3252,C-scan (BVID with Holes),Damaged,BVID,6,0.459,0.029,89.53,0.684,0.139,0.837,85.6,5.87,0.098,3.883,24.35,739.67,Low
3253,C-scan (BVID with Holes),Damaged,BVID,2,0.548,0.063,40.15,0.164,0.697,0.617,50.62,4.06,0.151,1.375,30.75,597.6,Medium
3254,C-scan (BVID with Holes),Damaged,BVID,5,0.458,0.079,83.04,0.59,0.456,0.665,52.57,12.59,0.192,1.423,52.32,350.53,Medium
3255,Thermograph,Mixed,Thermal Anomaly,4,0.555,0.036,38.04,0.85,0.174,0.509,99.12,0.53,0.085,1.753,25.12,796.79,Low
3256,Thermograph,Mixed,Thermal Anomaly,3,0.45,0.07,89.44,0.458,0.75,0.421,98.84,14.49,0.12,3.089,23.97,392.35,Low
3257,C-scan (BVID with Holes),Damaged,BVID,3,0.662,0.044,10.04,0.6,0.959,0.713,61.15,0.73,0.146,3.186,27.88,371.83,Low
3258,C-scan (BVID with Holes),Damaged,BVID,5,0.509,0.069,81.73,0.839,0.411,0.845,109.58,4.8,0.11,4.969,32.79,809.03,Medium
3259,Thermograph,Mixed,None,2,0.518,0.039,68.83,0.153,0.597,0.604,84.04,8.81,0.053,3.194,47.23,515.68,High
3260,Thermograph,Mixed,Thermal Anomaly,5,0.458,0.057,61.16,0.736,0.597,0.663,66.83,0.65,0.13,2.305,40.26,869.87,Medium
3261,C-scan (BVID with Holes),Damaged,BVID,4,0.608,0.023,81.41,0.546,0.519,0.68,41.04,10.77,0.176,2.086,54.47,724.77,Medium
3262,C-scan (BVID with Holes),Damaged,BVID,4,0.572,0.014,8.23,0.485,0.891,0.827,72.41,14.15,0.123,4.638,30.62,636.88,Medium
3263,C-scan (Pristine with Holes),Pristine,None,3,0.49,0.077,62.46,0.683,0.29,0.497,69.53,2.35,0.024,0.941,20.64,603.93,Low
3264,C-scan (BVID with Holes),Damaged,BVID,6,0.512,0.068,62.05,0.658,0.357,0.758,59.57,6.46,0.125,3.309,37.29,817.19,Medium
3265,Thermograph,Mixed,None,5,0.515,0.013,82.73,0.271,0.798,0.361,114.84,14.18,0.062,0.924,25.19,440.33,Low
3266,C-scan (Pristine with Holes),Pristine,None,2,0.553,0.079,87.98,0.683,0.584,0.24,26.98,6.71,0.015,0.166,49.43,440.3,High
3267,C-scan (Pristine with Holes),Pristine,None,5,0.498,0.067,60.98,0.161,0.627,0.85,43.94,1.35,0.019,0.989,48.58,457.63,High
3268,C-scan (BVID with Holes),Damaged,BVID,5,0.462,0.024,77.63,0.757,0.315,0.695,79.11,8.52,0.09,1.292,42.91,647.95,Medium
3269,C-scan (Pristine with Holes),Pristine,None,5,0.518,0.052,13.29,0.384,0.829,0.534,119.03,6.67,0.038,0.745,59.11,851.21,High
3270,C-scan (Pristine with Holes),Pristine,None,3,0.622,0.057,52.71,0.425,0.162,0.361,119.69,3.46,0.014,0.777,21.56,439.28,Low
3271,C-scan (BVID with Holes),Damaged,BVID,3,0.581,0.071,70.2,0.896,0.148,0.621,72.41,14.49,0.087,1.343,22.68,899.41,Low
3272,C-scan (BVID with Holes),Damaged,BVID,2,0.65,0.06,28.73,0.102,0.758,0.344,70.22,3.55,0.093,4.413,53.97,735.45,Medium
3273,C-scan (BVID with Holes),Damaged,BVID,3,0.672,0.073,0.48,0.966,0.804,0.337,57.92,9.1,0.188,1.552,28.8,619.02,Low
3274,Thermograph,Mixed,Thermal Anomaly,4,0.477,0.042,53.17,0.459,0.759,0.635,47.06,13.53,0.089,0.541,55.09,665.53,Medium
3275,C-scan (BVID with Holes),Damaged,BVID,6,0.526,0.028,74.23,0.953,0.298,0.455,59.66,1.96,0.169,4.949,39.75,364.15,Medium
3276,Thermograph,Mixed,Thermal Anomaly,3,0.523,0.03,85.97,0.665,0.119,0.693,83.27,8.33,0.124,2.376,25.5,424.41,Low
3277,C-scan (Pristine with Holes),Pristine,None,5,0.632,0.014,57.91,0.16,0.719,0.245,69.12,5.19,0.046,0.793,49.3,629.01,High
3278,Thermograph,Mixed,Thermal Anomaly,6,0.511,0.023,28.02,0.507,0.699,0.351,86.66,3.39,0.129,1.967,34.42,787.06,Medium
3279,Thermograph,Mixed,None,2,0.472,0.059,25.64,0.545,0.976,0.28,110.93,8.4,0.041,0.635,44.68,756.91,Medium
3280,C-scan (Pristine with Holes),Pristine,None,3,0.675,0.05,24.07,0.899,0.189,0.585,70.18,9.37,0.026,0.299,37.11,471.15,Medium
3281,C-scan (Pristine with Holes),Pristine,None,5,0.522,0.027,22.3,0.172,0.186,0.337,76.37,4.32,0.012,0.815,56.85,826.21,High
3282,Thermograph,Mixed,Thermal Anomaly,2,0.583,0.067,72.53,0.229,0.501,0.253,107.93,6.99,0.147,3.054,48.02,524.26,Medium
3283,Thermograph,Mixed,None,2,0.478,0.044,37.56,0.263,0.469,0.284,37.48,1.69,0.05,1.853,26.68,667.64,Low
3284,C-scan (BVID with Holes),Damaged,BVID,3,0.543,0.022,0.33,0.449,0.113,0.863,56.93,6.05,0.189,3.407,46.84,735.84,Medium
3285,C-scan (Pristine with Holes),Pristine,None,4,0.469,0.042,9.17,0.769,0.744,0.891,100.05,0.79,0.019,0.129,49.86,414.66,High
3286,C-scan (BVID with Holes),Damaged,BVID,3,0.51,0.072,54.47,0.263,0.522,0.382,71.96,13.06,0.145,3.929,25.28,815.49,Low
3287,C-scan (BVID with Holes),Damaged,BVID,3,0.552,0.024,30.72,0.121,0.667,0.67,53.69,6.96,0.082,3.901,29.94,782.17,Low
3288,C-scan (Pristine with Holes),Pristine,None,3,0.625,0.038,42.6,0.192,0.608,0.808,82.69,12.29,0.019,0.924,46.37,813.24,High
3289,Thermograph,Mixed,None,4,0.552,0.053,84.22,0.97,0.447,0.829,58.09,11.44,0.095,1.854,46.46,518.16,Medium
3290,C-scan (Pristine with Holes),Pristine,None,3,0.604,0.025,12.13,0.252,0.197,0.644,64.03,13.71,0.048,0.573,40.02,736.53,Medium
3291,C-scan (Pristine with Holes),Pristine,None,2,0.464,0.019,38.51,0.527,0.788,0.673,35.31,14.14,0.033,0.71,52.21,391.31,High
3292,Thermograph,Mixed,Thermal Anomaly,6,0.609,0.072,21.79,0.327,0.746,0.761,62.61,11.76,0.081,1.656,32.3,392.0,Medium
3293,Thermograph,Mixed,None,6,0.464,0.031,44.79,0.585,0.222,0.363,66.94,11.98,0.11,0.876,45.7,776.0,Medium
3294,C-scan (Pristine with Holes),Pristine,None,6,0.597,0.014,25.18,0.345,0.141,0.767,110.31,4.22,0.011,0.134,48.9,762.97,High
3295,Thermograph,Mixed,None,4,0.687,0.068,46.55,0.538,0.123,0.509,64.2,10.26,0.08,3.25,33.47,894.46,Medium
3296,C-scan (Pristine with Holes),Pristine,None,5,0.607,0.024,48.54,0.593,0.647,0.878,57.78,11.58,0.033,0.807,42.17,448.92,Medium
3297,C-scan (BVID with Holes),Damaged,BVID,5,0.663,0.034,18.08,0.994,0.161,0.29,30.96,10.89,0.177,1.246,29.31,478.9,Low
3298,Thermograph,Mixed,None,3,0.499,0.048,68.09,0.266,0.12,0.724,115.72,2.12,0.039,1.855,54.73,848.63,High
3299,C-scan (Pristine with Holes),Pristine,None,5,0.58,0.029,23.39,0.925,0.481,0.487,61.32,9.62,0.038,0.826,45.42,425.55,High
3300,C-scan (Pristine with Holes),Pristine,None,3,0.516,0.044,85.7,0.547,0.662,0.643,81.28,5.86,0.027,0.194,20.03,701.47,Low
3301,C-scan (Pristine with Holes),Pristine,None,6,0.477,0.07,37.55,0.162,0.684,0.514,112.8,9.52,0.031,0.347,43.1,642.96,Medium
3302,Thermograph,Mixed,Thermal Anomaly,6,0.545,0.059,1.63,0.331,0.724,0.256,42.3,9.13,0.122,3.275,36.07,877.88,Medium
3303,C-scan (BVID with Holes),Damaged,BVID,3,0.614,0.047,15.0,0.513,0.249,0.241,69.17,3.14,0.117,3.591,53.82,493.87,Medium
3304,C-scan (BVID with Holes),Damaged,BVID,6,0.514,0.027,84.42,0.441,0.435,0.779,25.39,5.31,0.175,3.457,32.12,556.47,Medium
3305,Thermograph,Mixed,None,6,0.628,0.054,73.93,0.903,0.721,0.726,29.25,10.16,0.101,2.819,27.77,717.93,Low
3306,C-scan (BVID with Holes),Damaged,BVID,4,0.55,0.026,35.22,0.786,0.271,0.773,30.06,0.51,0.138,4.945,35.55,475.41,Medium
3307,C-scan (Pristine with Holes),Pristine,None,6,0.567,0.012,45.65,0.195,0.623,0.358,90.66,11.07,0.044,0.173,54.2,475.77,High
3308,C-scan (BVID with Holes),Damaged,BVID,2,0.624,0.056,31.19,0.296,0.601,0.262,111.31,3.66,0.152,3.087,34.06,659.56,Medium
3309,C-scan (BVID with Holes),Damaged,BVID,4,0.606,0.024,51.74,0.714,0.27,0.211,63.58,8.54,0.164,3.173,21.22,654.03,Low
3310,Thermograph,Mixed,None,6,0.498,0.035,35.39,0.711,0.741,0.299,93.02,1.99,0.039,1.286,45.68,846.87,High
3311,C-scan (Pristine with Holes),Pristine,None,6,0.634,0.028,81.11,0.834,0.44,0.391,41.4,4.4,0.048,0.754,45.81,464.37,High
3312,C-scan (Pristine with Holes),Pristine,None,3,0.691,0.013,32.0,0.206,0.376,0.458,53.11,2.22,0.048,0.883,53.26,374.44,High
3313,Thermograph,Mixed,Thermal Anomaly,6,0.461,0.074,41.81,0.625,0.922,0.806,28.06,10.47,0.085,1.138,26.46,730.48,Low
3314,Thermograph,Mixed,None,6,0.579,0.024,19.25,0.584,0.82,0.482,64.25,10.9,0.101,2.208,20.15,729.47,Low
3315,Thermograph,Mixed,Thermal Anomaly,6,0.502,0.068,50.36,0.811,0.359,0.27,110.88,5.36,0.102,1.524,22.34,879.45,Low
3316,C-scan (Pristine with Holes),Pristine,None,3,0.474,0.014,42.13,0.759,0.331,0.503,40.53,9.58,0.028,0.231,21.81,403.66,Low
3317,C-scan (BVID with Holes),Damaged,BVID,3,0.502,0.029,54.47,0.211,0.677,0.32,97.05,10.04,0.151,1.268,23.2,800.09,Low
3318,Thermograph,Mixed,None,4,0.625,0.078,49.16,0.484,0.43,0.747,80.1,5.66,0.106,2.638,22.23,549.37,Low
3319,Thermograph,Mixed,Thermal Anomaly,3,0.48,0.049,70.41,0.905,0.842,0.501,90.48,7.73,0.133,2.686,51.18,510.39,Medium
3320,Thermograph,Mixed,Thermal Anomaly,6,0.568,0.011,82.1,0.385,0.982,0.863,60.05,6.21,0.145,1.999,20.65,877.34,Low
3321,C-scan (Pristine with Holes),Pristine,None,2,0.672,0.074,42.6,0.544,0.598,0.267,55.77,13.02,0.011,0.584,43.78,811.11,Medium
3322,C-scan (Pristine with Holes),Pristine,None,3,0.573,0.027,17.22,0.463,0.817,0.87,37.29,1.86,0.032,0.792,51.63,840.19,High
3323,Thermograph,Mixed,None,2,0.605,0.019,43.48,0.29,0.203,0.253,46.27,14.99,0.031,2.988,29.04,545.95,Low
3324,Thermograph,Mixed,None,6,0.562,0.056,19.8,0.147,0.485,0.583,89.75,4.98,0.051,2.387,40.3,555.33,Medium
3325,C-scan (BVID with Holes),Damaged,BVID,3,0.657,0.024,43.23,0.37,0.703,0.668,49.21,6.53,0.166,3.398,36.84,582.89,Medium
3326,Thermograph,Mixed,Thermal Anomaly,5,0.627,0.031,35.71,0.243,0.92,0.847,49.33,8.0,0.068,1.888,22.06,401.43,Low
3327,C-scan (Pristine with Holes),Pristine,None,6,0.556,0.021,35.25,0.232,0.467,0.859,103.1,12.92,0.045,0.867,59.46,886.32,High
3328,C-scan (BVID with Holes),Damaged,BVID,5,0.666,0.056,46.32,0.544,0.119,0.619,111.44,11.18,0.187,4.998,23.96,726.43,Low
3329,C-scan (BVID with Holes),Damaged,BVID,6,0.542,0.045,40.07,0.514,0.711,0.675,25.92,10.7,0.165,4.436,23.8,612.78,Low
3330,C-scan (BVID with Holes),Damaged,BVID,4,0.483,0.073,48.97,0.492,0.82,0.843,101.65,7.49,0.103,1.005,23.61,516.69,Low
3331,Thermograph,Mixed,None,4,0.512,0.035,55.39,0.339,0.108,0.436,75.04,0.62,0.08,2.486,38.71,588.15,Medium
3332,C-scan (BVID with Holes),Damaged,BVID,2,0.518,0.028,43.75,0.945,0.836,0.395,74.43,5.08,0.173,3.401,39.4,890.93,Medium
3333,C-scan (BVID with Holes),Damaged,BVID,3,0.592,0.027,43.0,0.108,0.586,0.435,71.73,13.95,0.171,4.246,23.54,707.29,Low
3334,C-scan (Pristine with Holes),Pristine,None,4,0.473,0.067,15.02,0.756,0.699,0.804,89.15,8.76,0.023,0.151,45.83,604.57,High
3335,Thermograph,Mixed,Thermal Anomaly,6,0.647,0.047,54.59,0.359,0.825,0.714,83.32,5.81,0.032,2.988,49.21,539.4,High
3336,Thermograph,Mixed,Thermal Anomaly,5,0.634,0.02,23.22,0.323,0.94,0.677,75.35,1.89,0.107,2.702,44.15,533.98,Medium
3337,C-scan (BVID with Holes),Damaged,BVID,2,0.564,0.071,4.18,0.302,0.203,0.865,79.4,8.82,0.165,3.724,22.39,415.56,Low
3338,C-scan (BVID with Holes),Damaged,BVID,2,0.477,0.051,78.48,0.394,0.911,0.883,69.99,5.22,0.186,2.745,35.7,886.21,Medium
3339,C-scan (BVID with Holes),Damaged,BVID,4,0.635,0.065,24.98,0.995,0.149,0.447,87.1,11.53,0.117,4.215,57.31,703.29,Medium
3340,C-scan (Pristine with Holes),Pristine,None,3,0.573,0.039,4.37,0.468,0.586,0.67,115.21,4.96,0.034,0.969,37.28,540.01,Medium
3341,Thermograph,Mixed,Thermal Anomaly,4,0.475,0.049,59.93,0.912,0.398,0.612,118.06,13.02,0.077,2.333,50.65,722.24,High
3342,C-scan (Pristine with Holes),Pristine,None,5,0.549,0.026,66.73,0.418,0.376,0.207,41.91,13.32,0.011,0.357,25.49,757.97,Low
3343,C-scan (BVID with Holes),Damaged,BVID,5,0.582,0.075,68.54,0.561,0.86,0.324,28.18,8.39,0.109,1.252,54.21,809.6,Medium
3344,C-scan (BVID with Holes),Damaged,BVID,5,0.668,0.047,68.71,0.433,0.249,0.716,73.6,10.02,0.1,2.789,25.62,514.7,Low
3345,C-scan (BVID with Holes),Damaged,BVID,4,0.538,0.042,85.0,0.61,0.647,0.669,77.81,0.61,0.154,2.916,22.26,664.12,Low
3346,C-scan (BVID with Holes),Damaged,BVID,5,0.493,0.013,57.52,0.132,0.53,0.336,54.93,4.41,0.099,1.933,58.08,660.6,Medium
3347,C-scan (BVID with Holes),Damaged,BVID,3,0.661,0.037,53.66,0.795,0.321,0.234,39.69,13.89,0.128,3.858,46.21,458.1,Medium
3348,C-scan (Pristine with Holes),Pristine,None,2,0.6,0.074,44.57,0.837,0.188,0.764,49.18,14.13,0.036,0.132,33.81,764.11,Medium
3349,Thermograph,Mixed,Thermal Anomaly,5,0.515,0.073,19.12,0.406,0.341,0.496,63.23,14.63,0.09,2.3,49.57,767.98,Medium
3350,Thermograph,Mixed,None,5,0.614,0.043,18.81,0.754,0.741,0.297,115.3,11.31,0.071,0.886,34.51,811.99,Medium
3351,Thermograph,Mixed,None,3,0.517,0.031,82.46,0.462,0.672,0.69,40.05,4.44,0.045,1.65,46.0,381.28,High
3352,Thermograph,Mixed,None,6,0.564,0.047,11.51,0.624,0.313,0.3,117.81,12.47,0.044,3.249,50.49,522.09,High
3353,C-scan (BVID with Holes),Damaged,BVID,6,0.617,0.058,51.83,0.622,0.312,0.57,72.07,1.2,0.146,2.689,27.02,696.91,Low
3354,C-scan (BVID with Holes),Damaged,BVID,3,0.6,0.035,29.46,0.413,0.231,0.588,116.49,14.32,0.188,2.157,52.6,628.88,Medium
3355,C-scan (BVID with Holes),Damaged,BVID,5,0.611,0.07,7.33,0.336,0.64,0.286,105.3,14.39,0.117,1.768,29.7,706.75,Low
3356,Thermograph,Mixed,None,3,0.592,0.03,30.13,0.224,0.467,0.537,27.2,9.01,0.09,1.041,44.1,388.27,Medium
3357,C-scan (BVID with Holes),Damaged,BVID,6,0.591,0.023,66.71,0.724,0.185,0.543,79.57,11.89,0.136,1.096,53.31,788.83,Medium
3358,C-scan (Pristine with Holes),Pristine,None,4,0.698,0.05,66.09,0.139,0.299,0.213,74.72,6.53,0.042,0.945,59.06,516.63,High
3359,C-scan (Pristine with Holes),Pristine,None,5,0.62,0.017,60.07,0.243,0.24,0.798,62.19,11.68,0.038,0.463,52.61,793.61,High
3360,Thermograph,Mixed,Thermal Anomaly,2,0.501,0.027,48.92,0.622,0.122,0.821,63.67,11.7,0.052,0.944,50.53,571.42,High
3361,C-scan (Pristine with Holes),Pristine,None,2,0.561,0.071,80.39,0.383,0.538,0.52,102.96,14.82,0.031,0.881,59.63,894.84,High
3362,C-scan (BVID with Holes),Damaged,BVID,2,0.569,0.063,38.86,0.152,0.466,0.497,84.77,10.02,0.134,3.229,51.19,640.35,Medium
3363,C-scan (Pristine with Holes),Pristine,None,3,0.645,0.057,20.52,0.993,0.703,0.248,99.08,3.55,0.037,0.725,58.08,819.7,High
3364,C-scan (Pristine with Holes),Pristine,None,2,0.585,0.019,10.03,0.309,0.7,0.499,53.43,12.19,0.01,0.371,35.77,378.35,Medium
3365,C-scan (Pristine with Holes),Pristine,None,3,0.499,0.027,31.35,0.693,0.541,0.791,41.4,12.18,0.043,0.487,41.89,473.11,Medium
3366,C-scan (BVID with Holes),Damaged,BVID,2,0.453,0.022,54.25,0.254,0.958,0.84,43.81,5.17,0.159,1.961,27.54,799.79,Low
3367,Thermograph,Mixed,None,4,0.556,0.077,9.87,0.491,0.321,0.821,34.54,10.13,0.108,1.837,26.27,885.57,Low
3368,C-scan (BVID with Holes),Damaged,BVID,4,0.682,0.063,51.09,0.439,0.597,0.857,46.21,8.56,0.181,2.971,28.41,749.31,Low
3369,C-scan (BVID with Holes),Damaged,BVID,4,0.625,0.047,43.78,0.879,0.483,0.772,68.81,4.25,0.169,1.132,49.55,562.38,Medium
3370,C-scan (Pristine with Holes),Pristine,None,3,0.519,0.048,48.74,0.495,0.768,0.486,84.01,11.29,0.026,0.975,58.71,894.91,High
3371,C-scan (Pristine with Holes),Pristine,None,3,0.515,0.08,27.91,0.837,0.119,0.282,101.6,2.73,0.013,0.987,21.74,353.53,Low
3372,C-scan (Pristine with Holes),Pristine,None,4,0.508,0.031,81.9,0.214,0.211,0.734,102.47,11.52,0.016,0.988,25.16,673.69,Low
3373,C-scan (BVID with Holes),Damaged,BVID,2,0.7,0.078,73.42,0.972,0.667,0.268,107.76,10.64,0.103,2.999,23.09,680.25,Low
3374,C-scan (Pristine with Holes),Pristine,None,6,0.667,0.059,81.07,0.401,0.897,0.676,105.19,7.62,0.019,0.441,33.49,602.43,Medium
3375,C-scan (Pristine with Holes),Pristine,None,4,0.45,0.013,22.09,0.199,0.965,0.649,91.37,10.51,0.035,0.835,51.09,428.24,High
3376,C-scan (Pristine with Holes),Pristine,None,6,0.48,0.038,80.87,0.382,0.637,0.709,116.55,8.35,0.029,0.351,54.23,788.01,High
3377,C-scan (BVID with Holes),Damaged,BVID,2,0.593,0.031,34.33,0.253,0.499,0.386,96.77,10.82,0.199,1.371,35.59,447.03,Medium
3378,C-scan (Pristine with Holes),Pristine,None,5,0.584,0.045,4.33,0.698,0.553,0.43,109.31,0.7,0.021,0.804,53.19,534.85,High
3379,C-scan (BVID with Holes),Damaged,BVID,2,0.453,0.06,32.88,0.526,0.665,0.29,53.4,10.07,0.087,2.732,43.72,897.42,Medium
3380,C-scan (BVID with Holes),Damaged,BVID,4,0.497,0.028,47.68,0.803,0.445,0.632,96.89,4.17,0.172,2.572,27.16,636.75,Low
3381,C-scan (Pristine with Holes),Pristine,None,2,0.617,0.071,7.66,0.35,0.757,0.625,59.27,6.43,0.019,0.765,29.5,610.48,Low
3382,C-scan (BVID with Holes),Damaged,BVID,6,0.668,0.053,40.99,0.277,0.311,0.568,34.01,6.79,0.156,1.004,32.22,563.47,Medium
3383,Thermograph,Mixed,None,5,0.676,0.058,87.32,0.216,0.689,0.395,83.48,12.97,0.098,3.044,45.38,824.84,Medium
3384,Thermograph,Mixed,Thermal Anomaly,3,0.564,0.041,42.32,0.227,0.218,0.844,99.74,10.0,0.109,0.898,56.67,515.2,Medium
3385,Thermograph,Mixed,None,3,0.594,0.057,62.41,0.532,0.812,0.328,68.32,10.93,0.093,2.948,32.34,505.25,Medium
3386,Thermograph,Mixed,Thermal Anomaly,5,0.669,0.019,51.06,0.137,0.364,0.593,108.51,13.74,0.147,2.922,58.86,573.17,Medium
3387,Thermograph,Mixed,Thermal Anomaly,2,0.568,0.031,29.71,0.18,0.161,0.395,75.62,5.99,0.07,1.94,58.34,406.07,High
3388,C-scan (Pristine with Holes),Pristine,None,5,0.483,0.064,41.06,0.964,0.998,0.475,64.89,13.08,0.016,0.942,27.63,648.93,Low
3389,Thermograph,Mixed,Thermal Anomaly,3,0.563,0.015,76.36,0.322,0.973,0.605,63.2,0.72,0.097,3.468,45.46,602.39,Medium
3390,Thermograph,Mixed,Thermal Anomaly,3,0.586,0.053,58.23,0.496,0.608,0.217,39.71,5.25,0.075,2.31,57.66,846.93,High
3391,C-scan (Pristine with Holes),Pristine,None,4,0.612,0.02,59.87,0.377,0.114,0.251,27.29,5.02,0.022,0.994,31.94,531.76,Medium
3392,C-scan (Pristine with Holes),Pristine,None,6,0.505,0.08,24.76,0.582,0.367,0.797,107.59,10.83,0.016,0.722,50.42,751.4,High
3393,Thermograph,Mixed,None,4,0.659,0.057,28.91,0.785,0.539,0.212,48.07,10.55,0.121,2.619,40.82,641.23,Medium
3394,Thermograph,Mixed,None,2,0.661,0.03,76.18,0.831,0.144,0.601,67.53,2.02,0.12,1.402,56.55,843.57,Medium
3395,Thermograph,Mixed,Thermal Anomaly,3,0.494,0.061,24.34,0.949,0.732,0.797,48.6,13.09,0.084,1.801,27.01,369.74,Low
3396,Thermograph,Mixed,Thermal Anomaly,2,0.582,0.079,7.63,0.986,0.241,0.268,93.87,5.88,0.137,3.421,50.68,483.26,Medium
3397,Thermograph,Mixed,Thermal Anomaly,2,0.503,0.077,43.06,0.465,0.516,0.3,53.96,7.98,0.049,0.608,50.93,360.59,High
3398,Thermograph,Mixed,None,6,0.688,0.069,74.97,0.945,0.914,0.573,58.65,6.55,0.14,2.122,22.02,633.05,Low
3399,C-scan (BVID with Holes),Damaged,BVID,6,0.566,0.041,2.61,0.336,0.373,0.649,56.42,2.54,0.085,3.915,41.57,831.24,Medium
3400,C-scan (BVID with Holes),Damaged,BVID,4,0.54,0.064,11.53,0.857,0.791,0.846,118.54,8.16,0.126,4.081,52.84,565.36,Medium
3401,Thermograph,Mixed,None,6,0.598,0.073,77.43,0.618,0.94,0.511,84.19,6.33,0.113,3.492,22.1,496.8,Low
3402,C-scan (Pristine with Holes),Pristine,None,2,0.621,0.023,34.77,0.741,0.941,0.728,28.79,13.79,0.037,0.103,20.52,887.8,Low
3403,C-scan (Pristine with Holes),Pristine,None,2,0.602,0.034,74.65,0.182,0.804,0.718,97.17,10.5,0.05,0.828,49.67,492.51,High
3404,C-scan (BVID with Holes),Damaged,BVID,3,0.623,0.045,48.7,0.428,0.181,0.655,79.33,12.77,0.103,1.342,27.71,848.3,Low
3405,C-scan (BVID with Holes),Damaged,BVID,3,0.617,0.065,60.99,0.731,0.699,0.322,65.07,8.24,0.198,1.032,30.97,855.42,Medium
3406,Thermograph,Mixed,None,4,0.474,0.036,58.46,0.694,0.61,0.707,94.58,13.31,0.082,1.911,29.14,540.05,Low
3407,C-scan (BVID with Holes),Damaged,BVID,6,0.564,0.079,8.02,0.572,0.456,0.567,111.28,5.08,0.098,4.567,44.0,691.37,Medium
3408,Thermograph,Mixed,None,4,0.654,0.073,33.68,0.336,0.726,0.756,49.05,4.4,0.136,1.938,32.46,605.87,Medium
3409,C-scan (Pristine with Holes),Pristine,None,4,0.634,0.058,53.86,0.263,0.821,0.636,94.72,12.6,0.024,0.736,36.07,461.75,Medium
3410,C-scan (BVID with Holes),Damaged,BVID,4,0.656,0.08,11.08,0.775,0.718,0.892,75.97,8.82,0.116,1.918,44.89,860.86,Medium
3411,C-scan (BVID with Holes),Damaged,BVID,4,0.553,0.034,79.0,0.27,0.572,0.774,35.72,4.6,0.142,1.648,54.18,399.57,Medium
3412,C-scan (Pristine with Holes),Pristine,None,2,0.455,0.071,73.17,0.864,0.351,0.71,25.45,1.86,0.028,0.456,48.53,501.0,High
3413,C-scan (Pristine with Holes),Pristine,None,4,0.62,0.073,55.69,0.857,0.72,0.477,92.37,12.03,0.035,0.422,32.04,778.21,Medium
3414,C-scan (BVID with Holes),Damaged,BVID,4,0.49,0.067,59.19,0.904,0.677,0.584,62.83,14.28,0.154,1.778,40.06,673.87,Medium
3415,C-scan (Pristine with Holes),Pristine,None,6,0.504,0.059,64.31,0.451,0.489,0.313,39.03,3.85,0.015,0.654,55.15,503.72,High
3416,C-scan (BVID with Holes),Damaged,BVID,4,0.59,0.052,69.35,0.373,0.561,0.213,50.91,4.75,0.102,4.973,43.98,850.72,Medium
3417,C-scan (Pristine with Holes),Pristine,None,4,0.464,0.036,47.92,0.217,0.9,0.293,73.14,7.33,0.021,0.807,52.22,549.02,High
3418,Thermograph,Mixed,Thermal Anomaly,3,0.636,0.072,3.36,0.67,0.941,0.376,40.14,4.34,0.091,2.264,23.08,842.37,Low
3419,Thermograph,Mixed,None,5,0.482,0.018,27.6,0.317,0.691,0.416,69.1,7.5,0.1,1.914,57.2,629.64,Medium
3420,Thermograph,Mixed,Thermal Anomaly,6,0.564,0.069,13.76,0.242,0.821,0.478,93.67,12.14,0.061,2.631,40.82,751.51,Medium
3421,C-scan (BVID with Holes),Damaged,BVID,5,0.694,0.032,21.26,0.965,0.412,0.205,27.91,7.35,0.113,2.238,56.9,464.22,Medium
3422,Thermograph,Mixed,Thermal Anomaly,6,0.477,0.067,89.16,0.638,0.479,0.395,50.56,6.25,0.063,1.098,38.84,644.48,Medium
3423,C-scan (Pristine with Holes),Pristine,None,3,0.687,0.022,59.13,0.561,0.321,0.771,42.47,9.96,0.023,0.922,29.74,414.84,Low
3424,C-scan (Pristine with Holes),Pristine,None,6,0.663,0.026,7.5,0.807,0.108,0.827,54.73,3.75,0.025,0.347,50.37,512.73,High
3425,C-scan (BVID with Holes),Damaged,BVID,3,0.606,0.059,84.32,0.966,0.357,0.772,36.06,0.86,0.165,4.848,46.66,350.21,Medium
3426,C-scan (Pristine with Holes),Pristine,None,3,0.573,0.062,68.75,0.687,0.45,0.564,90.91,6.06,0.036,0.683,45.75,837.67,High
3427,C-scan (Pristine with Holes),Pristine,None,5,0.546,0.027,52.25,0.674,0.214,0.503,54.74,5.81,0.031,0.931,26.0,774.69,Low
3428,C-scan (Pristine with Holes),Pristine,None,4,0.624,0.031,0.63,0.883,0.689,0.802,78.65,3.86,0.045,0.89,51.38,746.27,High
3429,C-scan (BVID with Holes),Damaged,BVID,5,0.676,0.052,81.69,0.359,0.266,0.375,112.09,11.76,0.134,4.47,25.2,631.11,Low
3430,C-scan (Pristine with Holes),Pristine,None,3,0.528,0.043,4.93,0.922,0.809,0.449,91.53,13.46,0.043,0.347,46.49,392.89,High
3431,Thermograph,Mixed,None,3,0.507,0.056,73.85,0.287,0.868,0.323,109.54,13.89,0.093,2.696,22.29,575.22,Low
3432,C-scan (BVID with Holes),Damaged,BVID,5,0.536,0.08,36.86,0.679,0.775,0.551,54.0,1.3,0.105,4.645,20.25,474.73,Low
3433,C-scan (Pristine with Holes),Pristine,None,5,0.662,0.018,79.88,0.536,0.902,0.384,104.78,10.89,0.047,0.512,56.54,398.03,High
3434,Thermograph,Mixed,Thermal Anomaly,5,0.524,0.03,24.7,0.54,0.533,0.429,70.59,0.94,0.046,0.804,34.65,818.45,Medium
3435,Thermograph,Mixed,Thermal Anomaly,4,0.631,0.024,65.78,0.957,0.152,0.489,77.32,3.1,0.048,0.888,27.96,762.4,Low
3436,C-scan (Pristine with Holes),Pristine,None,4,0.548,0.04,46.8,0.272,0.407,0.516,92.27,2.16,0.031,0.104,57.35,886.89,High
3437,C-scan (Pristine with Holes),Pristine,None,3,0.688,0.014,40.23,0.37,0.547,0.83,106.45,1.27,0.018,0.992,26.44,522.68,Low
3438,C-scan (Pristine with Holes),Pristine,None,2,0.625,0.065,68.98,0.144,0.885,0.703,39.65,0.99,0.042,0.322,59.94,438.2,High
3439,Thermograph,Mixed,Thermal Anomaly,6,0.556,0.036,55.65,0.813,0.403,0.858,105.91,5.32,0.079,2.401,23.87,860.89,Low
3440,Thermograph,Mixed,Thermal Anomaly,3,0.661,0.036,50.33,0.988,0.923,0.58,106.06,9.93,0.14,2.935,45.78,499.67,Medium
3441,C-scan (BVID with Holes),Damaged,BVID,6,0.479,0.043,78.4,0.516,0.884,0.485,82.9,10.01,0.157,1.65,52.39,766.36,Medium
3442,C-scan (BVID with Holes),Damaged,BVID,3,0.469,0.063,51.69,0.286,0.233,0.638,108.94,13.66,0.097,1.021,59.53,827.16,Medium
3443,C-scan (BVID with Holes),Damaged,BVID,6,0.594,0.031,53.48,0.992,0.634,0.424,74.35,3.71,0.197,3.745,21.36,677.79,Low
3444,C-scan (BVID with Holes),Damaged,BVID,3,0.599,0.039,34.38,0.19,0.29,0.846,69.54,4.13,0.137,3.09,25.9,555.99,Low
3445,Thermograph,Mixed,Thermal Anomaly,3,0.608,0.018,81.76,0.927,0.76,0.793,77.3,14.94,0.056,1.559,32.75,769.49,Medium
3446,C-scan (BVID with Holes),Damaged,BVID,5,0.642,0.013,81.15,0.611,0.471,0.287,74.27,13.82,0.188,1.359,25.12,787.29,Low
3447,Thermograph,Mixed,None,4,0.527,0.044,6.12,0.669,0.993,0.297,37.57,11.73,0.052,1.735,20.09,657.16,Low
3448,C-scan (Pristine with Holes),Pristine,None,2,0.576,0.05,84.17,0.786,0.667,0.547,105.82,1.69,0.04,0.172,57.91,726.58,High
3449,Thermograph,Mixed,None,2,0.48,0.022,48.09,0.611,0.583,0.519,58.9,14.75,0.129,2.882,46.94,825.18,Medium
3450,C-scan (BVID with Holes),Damaged,BVID,2,0.615,0.021,37.52,0.277,0.243,0.441,77.86,6.58,0.107,2.662,30.86,736.34,Medium
3451,C-scan (Pristine with Holes),Pristine,None,6,0.618,0.074,19.57,0.993,0.769,0.629,47.24,1.55,0.015,0.561,33.25,720.08,Medium
3452,Thermograph,Mixed,Thermal Anomaly,6,0.456,0.022,47.72,0.145,0.392,0.728,42.87,14.52,0.089,2.059,30.32,387.97,Medium
3453,Thermograph,Mixed,Thermal Anomaly,2,0.495,0.041,77.14,0.539,0.182,0.334,103.83,3.21,0.117,3.404,41.57,521.93,Medium
3454,C-scan (BVID with Holes),Damaged,BVID,5,0.459,0.06,88.22,0.465,0.699,0.551,76.86,1.79,0.152,1.092,47.05,798.74,Medium
3455,C-scan (BVID with Holes),Damaged,BVID,3,0.663,0.028,56.51,0.483,0.176,0.304,35.61,6.44,0.091,4.74,40.95,568.37,Medium
3456,Thermograph,Mixed,None,3,0.622,0.051,78.72,0.651,0.345,0.789,55.94,10.96,0.083,1.164,40.89,822.38,Medium
3457,Thermograph,Mixed,None,2,0.608,0.056,4.12,0.49,0.534,0.225,78.99,10.77,0.033,0.782,27.32,848.02,Low
3458,Thermograph,Mixed,Thermal Anomaly,2,0.528,0.069,31.84,0.96,0.526,0.224,55.19,9.34,0.092,2.039,59.91,601.13,Medium
3459,C-scan (BVID with Holes),Damaged,BVID,4,0.546,0.067,72.64,0.376,0.882,0.652,76.39,11.5,0.088,1.291,27.28,372.86,Low
3460,C-scan (BVID with Holes),Damaged,BVID,5,0.473,0.056,16.93,0.954,0.62,0.46,47.63,4.0,0.113,1.694,46.42,590.7,Medium
3461,C-scan (Pristine with Holes),Pristine,None,3,0.463,0.067,70.8,0.191,0.845,0.78,105.11,6.5,0.016,0.262,46.51,733.84,High
3462,C-scan (BVID with Holes),Damaged,BVID,3,0.536,0.05,82.8,0.501,0.182,0.339,27.75,14.2,0.137,4.627,24.28,392.76,Low
3463,Thermograph,Mixed,Thermal Anomaly,6,0.688,0.029,3.48,0.813,0.475,0.201,76.25,4.17,0.114,1.43,34.44,740.81,Medium
3464,C-scan (Pristine with Holes),Pristine,None,2,0.473,0.049,73.07,0.778,0.824,0.707,63.58,10.82,0.015,0.46,47.5,751.01,High
3465,C-scan (Pristine with Holes),Pristine,None,3,0.589,0.052,29.55,0.904,0.925,0.696,72.71,5.63,0.028,0.719,20.89,589.07,Low
3466,C-scan (Pristine with Holes),Pristine,None,6,0.612,0.047,51.06,0.899,0.4,0.817,38.2,9.27,0.018,0.661,52.9,839.93,High
3467,C-scan (Pristine with Holes),Pristine,None,2,0.522,0.061,67.78,0.972,0.941,0.794,38.93,10.15,0.04,0.4,43.89,383.48,Medium
3468,C-scan (Pristine with Holes),Pristine,None,6,0.487,0.043,17.9,0.249,0.467,0.269,115.62,5.95,0.015,0.369,38.44,431.94,Medium
3469,Thermograph,Mixed,Thermal Anomaly,6,0.644,0.038,88.42,0.984,0.741,0.722,65.32,3.95,0.147,1.981,56.01,778.26,Medium
3470,Thermograph,Mixed,None,4,0.548,0.043,48.63,0.113,0.626,0.352,27.99,7.04,0.105,2.072,24.82,777.46,Low
3471,C-scan (Pristine with Holes),Pristine,None,2,0.615,0.047,24.32,0.343,0.877,0.504,87.77,2.21,0.018,0.474,37.28,679.53,Medium
3472,Thermograph,Mixed,Thermal Anomaly,2,0.452,0.062,42.87,0.224,0.307,0.736,105.62,5.78,0.126,1.825,25.1,864.86,Low
3473,Thermograph,Mixed,None,6,0.577,0.043,72.84,0.377,0.37,0.266,100.53,11.76,0.149,1.786,44.02,406.87,Medium
3474,C-scan (Pristine with Holes),Pristine,None,4,0.552,0.029,65.45,0.868,0.157,0.558,101.29,8.65,0.02,0.288,36.67,473.03,Medium
3475,C-scan (BVID with Holes),Damaged,BVID,4,0.693,0.017,89.29,0.25,0.794,0.759,68.27,12.83,0.106,1.857,49.41,524.48,Medium
3476,C-scan (Pristine with Holes),Pristine,None,4,0.688,0.014,60.74,0.629,0.226,0.389,83.36,2.76,0.027,0.641,53.84,496.22,High
3477,C-scan (Pristine with Holes),Pristine,None,2,0.683,0.059,22.31,0.129,0.834,0.257,109.57,2.16,0.044,0.311,42.83,623.45,Medium
3478,C-scan (BVID with Holes),Damaged,BVID,2,0.483,0.069,17.95,0.195,0.246,0.643,93.7,11.44,0.086,1.971,44.31,855.83,Medium
3479,C-scan (BVID with Holes),Damaged,BVID,4,0.457,0.073,32.36,0.91,0.236,0.718,93.4,10.26,0.088,1.398,55.32,538.38,Medium
3480,Thermograph,Mixed,Thermal Anomaly,6,0.59,0.044,30.33,0.376,0.596,0.43,57.3,10.83,0.103,3.332,22.52,394.89,Low
3481,Thermograph,Mixed,Thermal Anomaly,2,0.566,0.074,21.55,0.777,0.205,0.76,118.19,12.54,0.1,0.702,52.39,717.04,Medium
3482,C-scan (Pristine with Holes),Pristine,None,5,0.545,0.052,35.37,0.986,0.242,0.218,94.07,2.46,0.046,0.779,51.44,885.91,High
3483,C-scan (Pristine with Holes),Pristine,None,6,0.467,0.041,54.64,0.943,0.461,0.838,115.39,12.23,0.019,0.643,25.74,429.35,Low
3484,C-scan (BVID with Holes),Damaged,BVID,3,0.579,0.047,77.42,0.428,0.476,0.312,44.94,5.35,0.173,3.975,28.63,459.68,Low
3485,Thermograph,Mixed,None,2,0.639,0.063,75.13,0.691,0.782,0.677,31.45,6.91,0.129,3.144,37.16,832.78,Medium
3486,C-scan (Pristine with Holes),Pristine,None,2,0.488,0.065,88.45,0.54,0.801,0.287,86.07,8.84,0.019,0.634,42.86,639.93,Medium
3487,C-scan (BVID with Holes),Damaged,BVID,4,0.64,0.033,18.95,0.654,0.771,0.42,51.64,11.81,0.166,2.31,54.09,354.38,Medium
3488,Thermograph,Mixed,None,3,0.552,0.074,83.94,0.781,0.434,0.643,95.85,0.53,0.049,2.576,43.72,785.04,Medium
3489,Thermograph,Mixed,None,4,0.643,0.047,76.98,0.461,0.126,0.716,44.59,10.49,0.12,1.644,58.79,584.03,Medium
3490,C-scan (Pristine with Holes),Pristine,None,2,0.659,0.053,38.42,0.629,0.551,0.36,95.89,5.56,0.02,0.758,53.84,735.36,High
3491,C-scan (Pristine with Holes),Pristine,None,3,0.661,0.063,73.99,0.18,0.199,0.371,103.83,4.24,0.016,0.531,58.16,590.49,High
3492,Thermograph,Mixed,None,3,0.561,0.012,29.63,0.222,0.853,0.813,30.69,13.25,0.135,2.253,54.97,547.24,Medium
3493,Thermograph,Mixed,None,6,0.518,0.058,71.23,0.699,0.648,0.813,97.15,12.93,0.087,0.595,20.15,665.2,Low
3494,C-scan (Pristine with Holes),Pristine,None,6,0.451,0.048,56.54,0.216,0.495,0.525,85.61,7.99,0.02,0.955,41.55,881.15,Medium
3495,Thermograph,Mixed,Thermal Anomaly,2,0.607,0.052,25.79,0.577,0.973,0.72,103.95,3.81,0.096,2.325,38.11,403.72,Medium
3496,C-scan (BVID with Holes),Damaged,BVID,4,0.641,0.077,8.57,0.463,0.509,0.735,77.42,10.45,0.133,3.447,52.36,626.03,Medium
3497,C-scan (BVID with Holes),Damaged,BVID,2,0.509,0.07,36.44,0.395,0.358,0.682,86.3,6.29,0.179,2.61,22.93,584.06,Low
3498,C-scan (BVID with Holes),Damaged,BVID,5,0.47,0.044,81.85,0.747,0.248,0.235,57.45,14.37,0.158,3.538,41.46,575.48,Medium
3499,C-scan (BVID with Holes),Damaged,BVID,5,0.65,0.028,75.5,0.587,0.603,0.553,47.12,6.71,0.123,4.45,27.17,585.35,Low
3500,C-scan (BVID with Holes),Damaged,BVID,3,0.666,0.011,46.52,0.246,0.805,0.251,28.4,13.8,0.087,1.337,22.99,833.15,Low
3501,Thermograph,Mixed,None,5,0.631,0.066,83.33,0.392,0.583,0.286,32.95,11.77,0.121,2.435,36.58,564.74,Medium
3502,Thermograph,Mixed,None,3,0.57,0.029,20.24,0.116,0.46,0.396,89.09,3.47,0.141,3.464,25.65,780.54,Low
3503,C-scan (Pristine with Holes),Pristine,None,6,0.677,0.022,10.87,0.429,0.608,0.859,68.37,2.82,0.048,0.936,20.5,881.09,Low
3504,C-scan (Pristine with Holes),Pristine,None,5,0.61,0.04,65.26,0.924,0.82,0.608,58.38,10.78,0.024,0.299,48.86,879.54,High
3505,C-scan (BVID with Holes),Damaged,BVID,6,0.608,0.014,22.55,0.167,0.628,0.324,81.45,11.43,0.148,3.834,26.95,748.46,Low
3506,C-scan (BVID with Holes),Damaged,BVID,3,0.488,0.017,39.29,0.922,0.816,0.848,51.91,6.31,0.131,2.24,30.3,585.79,Medium
3507,C-scan (BVID with Holes),Damaged,BVID,4,0.66,0.037,70.7,0.969,0.673,0.853,39.39,6.21,0.133,2.069,48.2,676.55,Medium
3508,C-scan (Pristine with Holes),Pristine,None,5,0.541,0.046,59.59,0.859,0.112,0.697,39.36,7.85,0.047,0.484,25.65,495.64,Low
3509,C-scan (BVID with Holes),Damaged,BVID,5,0.463,0.021,6.09,0.284,0.136,0.802,104.33,10.64,0.194,1.126,41.66,827.69,Medium
3510,C-scan (Pristine with Holes),Pristine,None,6,0.639,0.067,60.81,0.986,0.367,0.301,33.7,13.31,0.024,0.924,28.72,538.97,Low
3511,Thermograph,Mixed,None,2,0.526,0.067,39.08,0.988,0.991,0.207,74.65,11.78,0.076,2.804,58.3,871.05,High
3512,C-scan (BVID with Holes),Damaged,BVID,5,0.529,0.014,44.75,0.567,0.679,0.508,106.93,10.78,0.189,1.575,51.0,567.36,Medium
3513,C-scan (Pristine with Holes),Pristine,None,2,0.562,0.058,55.74,0.744,0.9,0.755,118.52,4.74,0.042,0.376,43.13,548.46,Medium
3514,C-scan (Pristine with Holes),Pristine,None,2,0.602,0.012,44.69,0.289,0.873,0.368,39.36,8.97,0.018,0.697,57.57,857.15,High
3515,Thermograph,Mixed,Thermal Anomaly,3,0.519,0.018,58.87,0.197,0.227,0.422,72.44,4.79,0.064,1.768,36.14,819.65,Medium
3516,C-scan (BVID with Holes),Damaged,BVID,6,0.594,0.018,74.33,0.805,0.331,0.231,63.21,10.95,0.13,4.938,54.56,844.5,Medium
3517,C-scan (BVID with Holes),Damaged,BVID,2,0.59,0.015,18.13,0.267,0.663,0.892,73.52,6.47,0.113,4.331,25.54,785.88,Low
3518,C-scan (BVID with Holes),Damaged,BVID,4,0.518,0.06,58.46,0.424,0.394,0.303,72.81,12.07,0.148,1.88,25.32,626.68,Low
3519,C-scan (Pristine with Holes),Pristine,None,3,0.66,0.062,72.48,0.296,0.479,0.727,44.6,14.46,0.021,0.545,32.5,769.89,Medium
3520,C-scan (BVID with Holes),Damaged,BVID,2,0.658,0.034,12.66,0.313,0.419,0.708,83.79,2.09,0.138,4.727,21.62,689.53,Low
3521,C-scan (Pristine with Holes),Pristine,None,6,0.634,0.044,11.24,0.638,0.978,0.51,38.3,14.93,0.029,0.51,27.61,581.44,Low
3522,Thermograph,Mixed,None,5,0.518,0.06,25.78,0.415,0.132,0.413,45.09,4.88,0.052,1.372,31.94,505.64,Medium
3523,C-scan (BVID with Holes),Damaged,BVID,5,0.571,0.057,36.98,0.481,0.133,0.876,90.59,4.86,0.151,4.762,47.9,670.52,Medium
3524,Thermograph,Mixed,Thermal Anomaly,4,0.645,0.049,35.33,0.478,0.103,0.288,41.97,9.69,0.042,2.551,35.6,733.01,Medium
3525,Thermograph,Mixed,None,4,0.583,0.06,16.86,0.338,0.294,0.408,34.97,14.84,0.084,0.896,40.64,582.27,Medium
3526,C-scan (BVID with Holes),Damaged,BVID,4,0.526,0.012,3.47,0.956,0.259,0.704,103.02,1.2,0.188,3.877,51.2,759.5,Medium
3527,C-scan (BVID with Holes),Damaged,BVID,3,0.592,0.056,58.11,0.263,0.557,0.493,56.8,9.13,0.169,2.476,31.15,857.8,Medium
3528,C-scan (Pristine with Holes),Pristine,None,3,0.578,0.039,47.63,0.919,0.401,0.471,117.59,7.38,0.025,0.438,45.96,501.68,High
3529,C-scan (Pristine with Holes),Pristine,None,4,0.568,0.037,28.06,0.179,0.358,0.807,81.9,8.83,0.024,0.857,58.96,498.84,High
3530,C-scan (Pristine with Holes),Pristine,None,2,0.622,0.044,9.36,0.661,0.457,0.851,104.76,5.59,0.015,0.543,55.85,384.03,High
3531,Thermograph,Mixed,Thermal Anomaly,6,0.55,0.072,27.41,0.674,0.801,0.206,46.94,1.6,0.103,0.728,54.98,890.54,Medium
3532,Thermograph,Mixed,Thermal Anomaly,5,0.466,0.028,67.53,0.556,0.592,0.87,46.02,3.13,0.063,2.415,30.68,875.93,Medium
3533,C-scan (Pristine with Holes),Pristine,None,2,0.655,0.078,62.91,0.78,0.168,0.302,97.79,12.23,0.012,0.188,43.86,487.79,Medium
3534,Thermograph,Mixed,Thermal Anomaly,4,0.657,0.063,20.17,0.767,0.725,0.859,53.29,6.33,0.074,1.534,26.7,546.64,Low
3535,C-scan (BVID with Holes),Damaged,BVID,5,0.514,0.074,22.3,0.625,0.333,0.853,75.69,7.26,0.167,2.053,34.01,680.76,Medium
3536,Thermograph,Mixed,None,5,0.596,0.075,30.88,0.741,0.237,0.672,102.65,1.24,0.144,3.283,52.61,527.25,Medium
3537,C-scan (BVID with Holes),Damaged,BVID,4,0.68,0.04,88.6,0.573,0.759,0.632,28.51,1.59,0.123,2.286,48.06,622.72,Medium
3538,Thermograph,Mixed,Thermal Anomaly,5,0.514,0.01,15.19,0.133,0.733,0.246,91.16,0.75,0.097,0.819,38.02,394.42,Medium
3539,C-scan (BVID with Holes),Damaged,BVID,5,0.503,0.061,54.9,0.3,0.681,0.761,91.41,11.91,0.084,3.807,29.47,516.19,Low
3540,C-scan (Pristine with Holes),Pristine,None,5,0.524,0.068,65.84,0.297,0.936,0.299,79.76,1.15,0.043,0.981,45.57,627.52,High
3541,C-scan (Pristine with Holes),Pristine,None,5,0.651,0.063,47.16,0.213,0.349,0.785,39.7,7.05,0.013,0.546,31.31,640.27,Medium
3542,C-scan (Pristine with Holes),Pristine,None,4,0.599,0.063,62.3,0.725,0.798,0.861,100.24,5.07,0.016,0.121,21.39,573.41,Low
3543,C-scan (BVID with Holes),Damaged,BVID,5,0.648,0.049,37.02,0.299,0.466,0.416,94.62,11.85,0.162,2.87,50.19,858.96,Medium
3544,Thermograph,Mixed,None,5,0.594,0.01,59.27,0.474,0.937,0.724,63.13,14.08,0.041,1.089,20.4,639.6,Low
3545,C-scan (Pristine with Holes),Pristine,None,4,0.569,0.029,64.31,0.957,0.875,0.88,87.73,5.41,0.033,0.903,58.5,681.82,High
3546,C-scan (Pristine with Holes),Pristine,None,6,0.468,0.054,24.7,0.884,0.356,0.77,116.24,14.03,0.022,0.981,45.36,853.75,High
3547,Thermograph,Mixed,Thermal Anomaly,4,0.594,0.072,2.19,0.594,0.895,0.352,58.96,14.12,0.135,1.811,37.59,534.24,Medium
3548,Thermograph,Mixed,None,5,0.571,0.06,50.43,0.989,0.294,0.252,111.22,6.72,0.086,1.934,20.12,507.96,Low
3549,Thermograph,Mixed,Thermal Anomaly,6,0.52,0.055,28.51,0.164,0.213,0.757,39.54,12.11,0.135,0.932,43.27,640.39,Medium
3550,C-scan (BVID with Holes),Damaged,BVID,5,0.625,0.036,77.2,0.874,0.174,0.705,91.43,1.5,0.144,4.799,52.52,580.93,Medium
3551,C-scan (Pristine with Holes),Pristine,None,2,0.48,0.022,20.03,0.609,0.902,0.275,81.57,1.41,0.047,0.811,41.45,383.24,Medium
3552,C-scan (Pristine with Holes),Pristine,None,5,0.525,0.065,15.39,0.448,0.512,0.488,87.37,3.17,0.032,0.23,31.39,605.57,Medium
3553,Thermograph,Mixed,None,4,0.614,0.018,66.25,0.656,0.21,0.461,36.78,7.52,0.149,1.454,43.77,639.77,Medium
3554,Thermograph,Mixed,Thermal Anomaly,5,0.465,0.066,64.75,0.392,0.958,0.887,26.84,5.66,0.11,2.548,24.57,648.88,Low
3555,C-scan (BVID with Holes),Damaged,BVID,3,0.557,0.024,51.47,0.806,0.696,0.76,57.47,10.2,0.144,4.471,33.2,397.32,Medium
3556,C-scan (Pristine with Holes),Pristine,None,4,0.483,0.047,19.92,0.341,0.962,0.71,38.31,6.7,0.025,0.372,30.6,779.52,Medium
3557,C-scan (BVID with Holes),Damaged,BVID,6,0.643,0.021,23.62,0.946,0.758,0.609,114.27,11.44,0.156,3.085,33.63,569.07,Medium
3558,Thermograph,Mixed,Thermal Anomaly,5,0.589,0.047,53.78,0.64,0.962,0.298,33.92,14.5,0.076,1.425,54.13,600.63,High
3559,C-scan (BVID with Holes),Damaged,BVID,5,0.651,0.072,8.72,0.476,0.234,0.351,58.82,9.43,0.08,1.509,47.87,437.37,Medium
3560,C-scan (BVID with Holes),Damaged,BVID,4,0.585,0.018,43.74,0.799,0.531,0.632,92.37,2.0,0.113,2.587,56.9,753.18,Medium
3561,C-scan (Pristine with Holes),Pristine,None,3,0.494,0.024,86.04,0.453,0.675,0.434,52.43,3.99,0.027,0.914,22.0,601.89,Low
3562,Thermograph,Mixed,None,2,0.56,0.041,46.47,0.782,0.18,0.626,115.82,13.23,0.145,0.606,38.02,711.02,Medium
3563,Thermograph,Mixed,None,5,0.697,0.011,46.88,0.245,0.911,0.8,50.84,2.81,0.032,1.689,41.36,828.25,Medium
3564,Thermograph,Mixed,None,2,0.485,0.068,55.59,0.391,0.319,0.624,55.46,10.31,0.052,1.216,35.48,735.4,Medium
3565,C-scan (Pristine with Holes),Pristine,None,6,0.567,0.061,26.48,0.454,0.357,0.447,100.14,12.53,0.045,0.462,24.62,401.35,Low
3566,Thermograph,Mixed,None,3,0.491,0.016,50.71,0.407,0.862,0.82,99.29,1.67,0.114,2.037,40.04,514.35,Medium
3567,C-scan (BVID with Holes),Damaged,BVID,5,0.542,0.065,42.08,0.265,0.609,0.418,77.19,3.95,0.134,1.28,36.84,431.64,Medium
3568,Thermograph,Mixed,Thermal Anomaly,4,0.47,0.025,86.39,0.985,0.442,0.214,77.52,4.01,0.06,2.116,30.13,633.08,Medium
3569,C-scan (BVID with Holes),Damaged,BVID,6,0.694,0.063,47.25,0.877,0.492,0.239,55.62,7.02,0.11,4.58,40.49,446.17,Medium
3570,C-scan (Pristine with Holes),Pristine,None,3,0.579,0.041,5.46,0.405,0.9,0.397,54.71,2.12,0.03,0.306,40.39,634.89,Medium
3571,C-scan (BVID with Holes),Damaged,BVID,4,0.682,0.065,62.32,0.488,0.752,0.401,63.93,5.43,0.149,4.444,21.94,587.06,Low
3572,Thermograph,Mixed,None,2,0.693,0.074,69.93,0.362,0.582,0.427,85.84,7.94,0.131,2.15,50.13,414.81,Medium
3573,C-scan (BVID with Holes),Damaged,BVID,3,0.571,0.03,45.59,0.475,0.232,0.846,70.89,2.11,0.141,1.368,54.01,751.83,Medium
3574,Thermograph,Mixed,Thermal Anomaly,6,0.51,0.046,64.76,0.986,0.43,0.64,81.95,0.77,0.142,0.884,51.14,454.3,Medium
3575,Thermograph,Mixed,Thermal Anomaly,4,0.552,0.042,15.66,0.783,0.154,0.254,33.7,1.67,0.083,1.067,57.03,368.13,Medium
3576,C-scan (Pristine with Holes),Pristine,None,3,0.602,0.019,8.39,0.131,0.997,0.289,104.71,2.66,0.037,0.751,43.64,866.87,Medium
3577,C-scan (BVID with Holes),Damaged,BVID,4,0.571,0.055,79.13,0.603,0.363,0.805,119.96,2.65,0.117,1.176,45.01,541.97,Medium
3578,C-scan (BVID with Holes),Damaged,BVID,3,0.595,0.021,84.74,0.236,0.835,0.391,45.01,8.89,0.121,3.138,40.26,564.85,Medium
3579,C-scan (Pristine with Holes),Pristine,None,3,0.548,0.031,89.07,0.682,0.161,0.766,38.49,13.85,0.014,0.417,28.73,447.19,Low
3580,C-scan (Pristine with Holes),Pristine,None,4,0.68,0.078,84.49,0.166,0.47,0.466,98.09,4.11,0.024,0.702,56.86,377.36,High
3581,C-scan (BVID with Holes),Damaged,BVID,2,0.482,0.061,74.07,0.61,0.607,0.739,42.78,1.54,0.103,1.788,24.03,449.12,Low
3582,C-scan (BVID with Holes),Damaged,BVID,2,0.451,0.024,76.13,0.62,0.209,0.474,42.55,13.25,0.159,4.772,50.38,771.57,Medium
3583,Thermograph,Mixed,None,4,0.526,0.022,82.1,0.275,0.499,0.412,83.09,2.38,0.131,0.638,38.59,455.31,Medium
3584,Thermograph,Mixed,None,4,0.516,0.014,59.18,0.944,0.341,0.404,102.81,3.28,0.138,0.999,28.74,876.9,Low
3585,Thermograph,Mixed,None,4,0.535,0.074,11.32,0.877,0.111,0.749,48.31,6.38,0.051,1.32,37.0,848.99,Medium
3586,Thermograph,Mixed,Thermal Anomaly,5,0.671,0.032,87.27,0.399,0.416,0.695,100.63,7.04,0.082,1.819,43.72,797.44,Medium
3587,Thermograph,Mixed,Thermal Anomaly,3,0.58,0.078,49.74,0.269,0.864,0.237,62.64,8.11,0.106,3.25,40.83,690.53,Medium
3588,C-scan (BVID with Holes),Damaged,BVID,5,0.532,0.051,19.43,0.53,0.199,0.461,67.68,1.67,0.142,2.419,34.34,481.06,Medium
3589,C-scan (BVID with Holes),Damaged,BVID,4,0.467,0.03,50.35,0.962,0.158,0.864,88.02,3.18,0.169,4.208,35.06,543.51,Medium
3590,C-scan (Pristine with Holes),Pristine,None,4,0.514,0.024,46.35,0.859,0.467,0.497,108.35,0.88,0.049,0.169,53.49,608.89,High
3591,Thermograph,Mixed,None,5,0.599,0.063,36.05,0.516,0.133,0.468,81.57,12.09,0.1,2.202,23.16,885.41,Low
3592,C-scan (Pristine with Holes),Pristine,None,2,0.483,0.067,45.81,0.759,0.59,0.602,116.02,1.89,0.035,0.808,27.1,767.91,Low
3593,Thermograph,Mixed,None,6,0.696,0.05,89.19,0.836,0.271,0.374,87.49,2.31,0.036,1.532,24.84,761.8,Low
3594,C-scan (Pristine with Holes),Pristine,None,6,0.522,0.048,57.5,0.138,0.237,0.854,111.55,10.45,0.041,0.825,47.1,382.66,High
3595,C-scan (BVID with Holes),Damaged,BVID,4,0.69,0.011,77.59,0.977,0.788,0.427,56.91,1.37,0.088,4.464,53.62,366.32,Medium
3596,Thermograph,Mixed,None,3,0.508,0.012,36.31,0.722,0.401,0.497,113.5,13.89,0.08,1.316,24.02,767.36,Low
3597,Thermograph,Mixed,Thermal Anomaly,2,0.602,0.051,6.7,0.775,0.307,0.573,116.54,14.17,0.036,0.739,29.91,833.71,Low
3598,C-scan (Pristine with Holes),Pristine,None,6,0.479,0.076,13.95,0.783,0.474,0.274,39.18,9.27,0.047,0.259,55.4,511.67,High
3599,C-scan (Pristine with Holes),Pristine,None,6,0.565,0.033,1.66,0.216,0.382,0.843,42.8,10.47,0.049,0.175,33.48,450.87,Medium
3600,C-scan (BVID with Holes),Damaged,BVID,4,0.472,0.026,56.74,0.35,0.292,0.727,69.98,10.0,0.187,3.985,51.33,759.79,Medium
3601,Thermograph,Mixed,None,4,0.612,0.069,2.67,0.923,0.978,0.22,34.75,11.72,0.034,2.108,56.99,587.25,High
3602,Thermograph,Mixed,Thermal Anomaly,6,0.57,0.059,24.56,0.338,0.407,0.537,35.95,11.57,0.046,1.629,51.44,826.55,High
3603,Thermograph,Mixed,None,3,0.532,0.065,2.29,0.472,0.773,0.598,72.03,7.33,0.061,2.377,41.88,516.33,Medium
3604,C-scan (Pristine with Holes),Pristine,None,2,0.455,0.061,62.14,0.831,0.655,0.357,32.88,6.04,0.017,0.356,27.52,777.9,Low
3605,C-scan (Pristine with Holes),Pristine,None,4,0.467,0.073,37.54,0.586,0.284,0.648,113.04,7.18,0.04,0.608,23.79,649.44,Low
3606,Thermograph,Mixed,None,4,0.61,0.021,57.64,0.698,0.284,0.461,107.68,9.94,0.099,2.928,52.79,480.01,Medium
3607,C-scan (BVID with Holes),Damaged,BVID,6,0.457,0.042,21.95,0.83,0.354,0.301,25.21,5.38,0.2,4.543,45.01,879.85,Medium
3608,C-scan (BVID with Holes),Damaged,BVID,4,0.625,0.058,1.85,0.515,0.803,0.499,107.17,5.37,0.101,4.222,46.46,671.63,Medium
3609,Thermograph,Mixed,None,4,0.575,0.016,59.58,0.767,0.999,0.31,79.48,0.64,0.044,3.127,30.82,576.38,Medium
3610,C-scan (BVID with Holes),Damaged,BVID,2,0.553,0.067,36.4,0.134,0.163,0.591,29.15,8.42,0.138,3.163,49.46,606.37,Medium
3611,C-scan (BVID with Holes),Damaged,BVID,4,0.502,0.034,74.94,0.5,0.44,0.353,80.01,14.69,0.104,2.749,33.99,848.29,Medium
3612,C-scan (Pristine with Holes),Pristine,None,5,0.567,0.061,18.86,0.355,0.823,0.457,91.72,4.44,0.014,0.805,48.23,644.97,High
3613,C-scan (BVID with Holes),Damaged,BVID,2,0.479,0.071,81.73,0.921,0.87,0.521,56.85,11.84,0.096,4.312,54.3,452.64,Medium
3614,C-scan (Pristine with Holes),Pristine,None,3,0.597,0.056,89.86,0.865,0.789,0.551,32.64,10.71,0.04,0.777,34.31,881.07,Medium
3615,C-scan (BVID with Holes),Damaged,BVID,2,0.578,0.016,80.32,0.421,0.284,0.707,38.06,4.1,0.096,4.933,53.81,479.35,Medium
3616,Thermograph,Mixed,Thermal Anomaly,2,0.632,0.056,23.51,0.858,0.562,0.634,64.77,13.87,0.117,3.253,24.15,430.55,Low
3617,Thermograph,Mixed,None,5,0.688,0.073,5.1,0.621,0.153,0.487,66.37,6.04,0.13,3.006,54.74,736.89,Medium
3618,C-scan (BVID with Holes),Damaged,BVID,6,0.544,0.059,12.09,0.874,0.691,0.646,52.04,3.53,0.111,1.894,48.21,432.37,Medium
3619,C-scan (BVID with Holes),Damaged,BVID,5,0.636,0.015,3.1,0.71,0.937,0.808,102.09,6.44,0.198,1.087,55.17,680.0,Medium
3620,C-scan (BVID with Holes),Damaged,BVID,5,0.698,0.046,70.01,0.565,0.767,0.426,28.99,6.73,0.191,1.841,20.39,554.08,Low
3621,C-scan (BVID with Holes),Damaged,BVID,6,0.473,0.064,52.1,0.98,0.885,0.439,92.99,11.18,0.104,2.459,40.68,840.85,Medium
3622,Thermograph,Mixed,None,2,0.604,0.029,33.22,0.793,0.544,0.622,105.22,10.52,0.122,2.698,32.25,380.4,Medium
3623,C-scan (BVID with Holes),Damaged,BVID,2,0.688,0.012,76.82,0.52,0.913,0.294,88.94,11.14,0.1,2.011,54.5,735.25,Medium
3624,C-scan (BVID with Holes),Damaged,BVID,2,0.574,0.067,85.61,0.605,0.762,0.783,56.23,4.37,0.195,4.209,43.48,807.05,Medium
3625,Thermograph,Mixed,Thermal Anomaly,3,0.54,0.038,35.57,0.102,0.712,0.603,50.07,2.31,0.109,3.031,23.68,657.45,Low
3626,C-scan (Pristine with Holes),Pristine,None,2,0.473,0.019,45.17,0.286,0.468,0.603,70.7,12.28,0.021,0.99,41.22,583.19,Medium
3627,Thermograph,Mixed,Thermal Anomaly,4,0.65,0.029,64.26,0.842,0.653,0.323,44.71,0.71,0.033,3.185,25.23,550.01,Low
3628,Thermograph,Mixed,None,6,0.532,0.031,60.94,0.877,0.54,0.396,30.72,5.84,0.099,3.489,21.84,444.89,Low
3629,C-scan (Pristine with Holes),Pristine,None,4,0.465,0.059,83.58,0.751,0.351,0.323,104.92,6.47,0.024,0.279,51.79,536.45,High
3630,C-scan (BVID with Holes),Damaged,BVID,3,0.555,0.049,12.34,0.193,0.874,0.467,85.96,4.48,0.15,2.279,24.09,359.87,Low
3631,C-scan (BVID with Holes),Damaged,BVID,2,0.486,0.046,33.66,0.282,0.465,0.793,76.78,14.7,0.123,4.225,27.5,544.68,Low
3632,Thermograph,Mixed,None,6,0.669,0.076,44.22,0.271,0.353,0.823,46.0,6.53,0.139,2.239,41.31,378.96,Medium
3633,C-scan (BVID with Holes),Damaged,BVID,6,0.503,0.04,41.55,0.769,0.952,0.715,63.24,14.52,0.115,2.424,30.93,694.13,Medium
3634,C-scan (Pristine with Holes),Pristine,None,3,0.61,0.028,63.36,0.523,0.343,0.555,118.39,3.82,0.031,0.937,54.12,702.8,High
3635,C-scan (Pristine with Holes),Pristine,None,4,0.581,0.054,6.12,0.897,0.461,0.271,87.54,5.08,0.043,0.423,33.81,592.13,Medium
3636,C-scan (Pristine with Holes),Pristine,None,4,0.512,0.05,14.33,0.659,0.268,0.223,69.84,11.14,0.033,0.763,45.96,716.05,High
3637,C-scan (BVID with Holes),Damaged,BVID,6,0.637,0.02,24.43,0.256,0.486,0.427,46.25,14.81,0.107,3.159,32.47,777.05,Medium
3638,Thermograph,Mixed,Thermal Anomaly,2,0.533,0.04,11.21,0.1,0.249,0.553,80.05,8.34,0.112,1.762,40.92,899.09,Medium
3639,Thermograph,Mixed,Thermal Anomaly,6,0.654,0.074,64.66,0.532,0.945,0.699,65.34,12.77,0.114,3.215,44.95,861.12,Medium
3640,Thermograph,Mixed,Thermal Anomaly,6,0.474,0.028,69.04,0.61,0.838,0.432,93.42,4.52,0.11,3.373,45.83,430.3,Medium
3641,C-scan (BVID with Holes),Damaged,BVID,5,0.695,0.042,27.69,0.71,0.849,0.897,109.02,8.8,0.1,3.224,49.13,420.69,Medium
3642,C-scan (BVID with Holes),Damaged,BVID,2,0.658,0.049,14.86,0.654,0.22,0.528,47.58,7.81,0.137,3.867,38.25,777.13,Medium
3643,C-scan (BVID with Holes),Damaged,BVID,2,0.674,0.061,59.98,0.234,0.537,0.6,27.61,3.16,0.124,3.584,44.56,359.51,Medium
3644,Thermograph,Mixed,None,3,0.658,0.08,9.26,0.81,0.657,0.466,58.62,11.41,0.068,2.033,56.02,799.82,High
3645,Thermograph,Mixed,Thermal Anomaly,5,0.529,0.012,10.05,0.174,0.985,0.879,98.62,11.88,0.099,1.213,57.92,899.69,Medium
3646,C-scan (Pristine with Holes),Pristine,None,4,0.49,0.027,13.68,0.396,0.149,0.856,63.5,12.71,0.015,0.12,29.81,586.73,Low
3647,Thermograph,Mixed,Thermal Anomaly,4,0.68,0.042,16.29,0.486,0.127,0.73,92.57,11.07,0.139,3.254,58.53,862.11,Medium
3648,Thermograph,Mixed,None,5,0.695,0.066,71.98,0.409,0.197,0.59,104.2,14.34,0.112,1.605,51.06,667.1,Medium
3649,C-scan (BVID with Holes),Damaged,BVID,3,0.625,0.076,87.75,0.991,0.929,0.878,76.99,3.21,0.124,1.118,32.91,556.96,Medium
3650,C-scan (BVID with Holes),Damaged,BVID,6,0.586,0.063,6.93,0.855,0.212,0.21,81.5,4.2,0.158,4.257,26.79,543.48,Low
3651,C-scan (BVID with Holes),Damaged,BVID,6,0.52,0.027,79.66,0.883,0.742,0.697,109.9,5.58,0.115,1.876,51.59,416.11,Medium
3652,C-scan (Pristine with Holes),Pristine,None,2,0.671,0.065,81.24,0.534,0.202,0.453,56.61,13.36,0.049,0.908,50.02,731.91,High
3653,Thermograph,Mixed,Thermal Anomaly,4,0.604,0.077,71.02,0.555,0.366,0.606,42.72,1.86,0.094,1.457,58.05,510.69,Medium
3654,C-scan (Pristine with Holes),Pristine,None,2,0.526,0.035,63.08,0.766,0.33,0.361,42.3,11.67,0.015,0.736,24.88,482.6,Low
3655,C-scan (BVID with Holes),Damaged,BVID,2,0.619,0.058,79.36,0.662,0.37,0.398,33.31,11.02,0.128,2.082,58.36,362.09,Medium
3656,C-scan (Pristine with Holes),Pristine,None,5,0.527,0.024,17.19,0.47,0.64,0.64,73.86,0.96,0.048,0.645,34.8,484.55,Medium
3657,C-scan (BVID with Holes),Damaged,BVID,2,0.555,0.034,66.0,0.714,0.274,0.767,54.9,14.43,0.148,3.732,24.28,499.06,Low
3658,C-scan (Pristine with Holes),Pristine,None,5,0.459,0.05,72.44,0.538,0.102,0.339,36.57,4.67,0.028,0.335,25.44,829.13,Low
3659,Thermograph,Mixed,Thermal Anomaly,6,0.62,0.022,38.48,0.257,0.474,0.292,49.1,9.51,0.145,1.392,52.87,448.83,Medium
3660,C-scan (BVID with Holes),Damaged,BVID,6,0.61,0.041,48.84,0.694,0.699,0.816,80.97,6.94,0.097,4.205,55.81,617.55,Medium
3661,Thermograph,Mixed,Thermal Anomaly,4,0.551,0.043,29.54,0.886,0.775,0.873,29.36,9.4,0.131,1.509,23.18,614.46,Low
3662,Thermograph,Mixed,Thermal Anomaly,6,0.483,0.014,32.26,0.365,0.177,0.659,26.45,14.43,0.148,1.243,47.31,366.97,Medium
3663,C-scan (BVID with Holes),Damaged,BVID,4,0.45,0.026,68.74,0.337,0.595,0.379,118.73,13.1,0.138,1.303,34.76,351.93,Medium
3664,C-scan (BVID with Holes),Damaged,BVID,3,0.524,0.079,28.98,0.1,0.167,0.678,93.36,9.32,0.109,3.098,52.38,373.1,Medium
3665,C-scan (BVID with Holes),Damaged,BVID,5,0.519,0.028,32.14,0.249,0.278,0.804,49.28,10.66,0.174,1.055,34.45,756.2,Medium
3666,C-scan (Pristine with Holes),Pristine,None,6,0.495,0.012,78.31,0.946,0.578,0.315,41.09,6.18,0.03,0.846,29.11,774.75,Low
3667,Thermograph,Mixed,None,2,0.534,0.041,34.21,0.948,0.594,0.291,101.93,0.58,0.127,3.061,34.65,768.79,Medium
3668,C-scan (BVID with Holes),Damaged,BVID,2,0.668,0.046,48.7,0.292,0.466,0.789,75.95,8.65,0.194,1.34,29.36,451.58,Low
3669,Thermograph,Mixed,Thermal Anomaly,6,0.503,0.046,9.77,0.783,0.931,0.445,54.24,7.37,0.099,3.377,29.27,822.09,Low
3670,C-scan (Pristine with Holes),Pristine,None,6,0.457,0.035,47.95,0.432,0.122,0.88,44.91,6.9,0.037,0.173,39.46,745.78,Medium
3671,C-scan (Pristine with Holes),Pristine,None,6,0.611,0.051,68.03,0.875,0.87,0.475,79.74,6.02,0.016,0.372,48.19,639.24,High
3672,C-scan (BVID with Holes),Damaged,BVID,3,0.534,0.026,34.85,0.908,0.473,0.588,58.43,5.89,0.099,4.012,34.17,877.25,Medium
3673,C-scan (BVID with Holes),Damaged,BVID,6,0.586,0.077,88.03,0.751,0.334,0.429,56.16,8.38,0.158,1.509,24.83,760.62,Low
3674,C-scan (Pristine with Holes),Pristine,None,4,0.586,0.053,78.07,0.284,0.87,0.237,33.06,4.0,0.037,0.671,21.31,534.69,Low
3675,C-scan (Pristine with Holes),Pristine,None,4,0.575,0.061,27.22,0.105,0.266,0.259,106.58,3.43,0.02,0.809,55.53,726.09,High
3676,Thermograph,Mixed,Thermal Anomaly,3,0.451,0.015,42.49,0.841,0.159,0.888,33.96,11.67,0.106,2.714,36.29,511.18,Medium
3677,Thermograph,Mixed,Thermal Anomaly,6,0.66,0.07,67.13,0.432,0.46,0.894,84.24,4.67,0.129,1.87,27.33,393.11,Low
3678,Thermograph,Mixed,None,6,0.595,0.074,60.36,0.876,0.525,0.693,63.22,12.6,0.096,0.59,32.77,810.22,Medium
3679,C-scan (Pristine with Holes),Pristine,None,4,0.558,0.073,51.27,0.905,0.289,0.38,76.02,11.12,0.026,0.672,59.05,462.16,High
3680,C-scan (Pristine with Holes),Pristine,None,4,0.588,0.019,34.33,0.774,0.316,0.401,105.74,10.81,0.048,0.137,41.82,738.85,Medium
3681,C-scan (Pristine with Holes),Pristine,None,6,0.551,0.032,67.06,0.234,0.719,0.249,93.78,3.95,0.034,0.972,45.77,418.98,High
3682,Thermograph,Mixed,None,2,0.5,0.06,25.99,0.293,0.212,0.407,117.9,3.6,0.08,1.479,20.35,890.6,Low
3683,C-scan (BVID with Holes),Damaged,BVID,3,0.696,0.021,35.26,0.967,0.965,0.556,77.46,11.25,0.182,4.61,22.31,735.61,Low
3684,C-scan (BVID with Holes),Damaged,BVID,5,0.634,0.067,23.41,0.584,0.794,0.599,95.29,6.76,0.161,1.99,58.5,735.73,Medium
3685,C-scan (BVID with Holes),Damaged,BVID,2,0.563,0.072,34.9,0.498,0.37,0.362,39.81,4.1,0.085,2.538,34.55,656.98,Medium
3686,Thermograph,Mixed,Thermal Anomaly,2,0.691,0.016,59.32,0.735,0.31,0.644,109.93,6.17,0.073,3.041,45.84,634.17,High
3687,C-scan (Pristine with Holes),Pristine,None,5,0.643,0.034,88.75,0.625,0.174,0.6,80.81,8.9,0.027,0.704,33.49,490.08,Medium
3688,Thermograph,Mixed,Thermal Anomaly,4,0.681,0.045,64.74,0.513,0.115,0.413,99.55,13.28,0.05,3.091,31.94,662.82,Medium
3689,C-scan (Pristine with Holes),Pristine,None,2,0.535,0.021,60.76,0.585,0.232,0.402,75.48,2.35,0.049,0.763,41.66,474.3,Medium
3690,C-scan (BVID with Holes),Damaged,BVID,5,0.587,0.061,83.24,0.9,0.983,0.409,68.15,9.88,0.16,1.026,46.33,464.06,Medium
3691,C-scan (BVID with Holes),Damaged,BVID,6,0.522,0.042,74.15,0.754,0.784,0.455,32.91,7.37,0.188,3.007,25.68,530.25,Low
3692,C-scan (BVID with Holes),Damaged,BVID,6,0.477,0.071,60.8,0.574,0.768,0.463,110.59,7.88,0.083,3.795,59.13,538.31,Medium
3693,C-scan (Pristine with Holes),Pristine,None,5,0.513,0.044,60.2,0.991,0.471,0.202,116.1,3.75,0.038,0.451,30.92,699.19,Medium
3694,C-scan (Pristine with Holes),Pristine,None,6,0.506,0.075,70.41,0.224,0.13,0.28,108.51,3.42,0.03,0.646,28.24,426.14,Low
3695,C-scan (BVID with Holes),Damaged,BVID,3,0.631,0.014,85.38,0.605,0.291,0.314,49.81,0.87,0.096,1.03,26.05,846.56,Low
3696,Thermograph,Mixed,Thermal Anomaly,6,0.459,0.036,80.6,0.152,0.261,0.46,109.63,5.13,0.073,1.466,48.74,353.22,High
3697,Thermograph,Mixed,None,6,0.517,0.037,66.87,0.796,0.495,0.31,37.16,13.8,0.044,2.004,57.26,414.13,High
3698,Thermograph,Mixed,Thermal Anomaly,3,0.587,0.017,18.32,0.721,0.991,0.668,37.32,9.0,0.148,2.12,26.68,502.47,Low
3699,C-scan (Pristine with Holes),Pristine,None,2,0.52,0.068,81.81,0.808,0.471,0.497,59.61,6.5,0.024,0.247,50.41,380.41,High
3700,C-scan (Pristine with Holes),Pristine,None,4,0.585,0.049,11.66,0.209,0.959,0.228,55.8,8.7,0.024,0.448,21.25,844.94,Low
3701,Thermograph,Mixed,Thermal Anomaly,5,0.576,0.041,13.53,0.582,0.407,0.335,119.27,3.33,0.106,2.808,47.88,711.24,Medium
3702,C-scan (BVID with Holes),Damaged,BVID,5,0.464,0.03,54.9,0.676,0.477,0.206,47.72,5.25,0.176,3.967,27.69,583.56,Low
3703,C-scan (Pristine with Holes),Pristine,None,2,0.6,0.053,26.03,0.873,0.984,0.706,27.27,9.73,0.015,0.84,51.44,665.7,High
3704,C-scan (Pristine with Holes),Pristine,None,3,0.587,0.03,69.39,0.212,0.917,0.438,115.24,14.23,0.048,0.592,37.9,659.18,Medium
3705,C-scan (Pristine with Holes),Pristine,None,4,0.575,0.031,31.83,0.652,0.911,0.725,113.62,14.32,0.022,0.128,34.0,403.07,Medium
3706,C-scan (BVID with Holes),Damaged,BVID,2,0.568,0.067,57.81,0.585,0.925,0.381,77.61,13.81,0.109,2.76,21.78,757.33,Low
3707,C-scan (Pristine with Holes),Pristine,None,5,0.489,0.062,50.9,0.598,0.987,0.287,80.67,13.67,0.039,0.872,48.06,660.16,High
3708,Thermograph,Mixed,Thermal Anomaly,4,0.582,0.04,34.03,0.882,0.972,0.482,39.47,2.74,0.05,2.749,38.53,818.41,Medium
3709,C-scan (Pristine with Holes),Pristine,None,5,0.642,0.07,2.19,0.608,0.389,0.746,106.06,14.86,0.045,0.52,41.7,710.49,Medium
3710,C-scan (BVID with Holes),Damaged,BVID,2,0.467,0.053,10.34,0.857,0.301,0.293,77.16,6.17,0.144,4.094,28.09,701.78,Low
3711,Thermograph,Mixed,None,3,0.699,0.038,36.98,0.264,0.114,0.64,55.6,10.81,0.068,0.899,37.75,515.53,Medium
3712,C-scan (Pristine with Holes),Pristine,None,6,0.502,0.065,26.83,0.868,0.622,0.796,93.28,10.29,0.044,0.582,40.66,486.44,Medium
3713,C-scan (BVID with Holes),Damaged,BVID,4,0.468,0.053,37.23,0.244,0.589,0.615,115.36,14.24,0.163,1.33,36.66,386.19,Medium
3714,C-scan (BVID with Holes),Damaged,BVID,6,0.621,0.056,84.33,0.994,0.909,0.585,63.6,13.67,0.183,2.788,24.19,474.92,Low
3715,C-scan (BVID with Holes),Damaged,BVID,2,0.593,0.031,56.78,0.777,0.993,0.666,57.45,12.62,0.085,1.688,49.65,460.76,Medium
3716,C-scan (Pristine with Holes),Pristine,None,4,0.555,0.038,26.52,0.684,0.819,0.778,41.65,11.24,0.025,0.949,40.16,531.42,Medium
3717,Thermograph,Mixed,None,2,0.506,0.012,67.55,0.311,0.29,0.636,37.08,12.53,0.08,1.893,46.34,576.46,Medium
3718,Thermograph,Mixed,None,4,0.489,0.048,27.62,0.64,0.531,0.75,80.52,13.38,0.082,0.576,31.11,521.77,Medium
3719,C-scan (BVID with Holes),Damaged,BVID,5,0.486,0.079,42.54,0.812,0.22,0.207,109.22,1.52,0.187,1.151,43.35,703.53,Medium
3720,C-scan (Pristine with Holes),Pristine,None,4,0.489,0.02,15.36,0.182,0.947,0.289,35.7,9.91,0.016,0.701,59.78,429.65,High
3721,C-scan (BVID with Holes),Damaged,BVID,6,0.695,0.05,77.49,0.456,0.288,0.733,107.49,7.2,0.179,2.3,48.9,689.25,Medium
3722,Thermograph,Mixed,None,6,0.641,0.043,47.59,0.349,0.762,0.336,114.43,5.62,0.074,1.295,33.28,818.49,Medium
3723,C-scan (BVID with Holes),Damaged,BVID,4,0.662,0.013,80.21,0.727,0.994,0.331,95.33,11.77,0.173,1.231,46.73,474.77,Medium
3724,C-scan (BVID with Holes),Damaged,BVID,5,0.492,0.029,47.74,0.702,0.3,0.37,50.49,3.61,0.096,3.642,28.99,536.79,Low
3725,C-scan (Pristine with Holes),Pristine,None,6,0.508,0.073,63.6,0.378,0.107,0.349,99.63,9.02,0.047,0.378,59.69,633.47,High
3726,C-scan (Pristine with Holes),Pristine,None,5,0.511,0.05,34.36,0.455,0.858,0.574,27.53,7.51,0.041,0.71,37.4,599.62,Medium
3727,C-scan (Pristine with Holes),Pristine,None,5,0.664,0.013,62.84,0.925,0.34,0.618,117.52,14.97,0.03,0.849,27.09,491.04,Low
3728,Thermograph,Mixed,Thermal Anomaly,5,0.659,0.066,80.45,0.252,0.41,0.566,37.01,14.42,0.055,2.273,21.73,765.6,Low
3729,Thermograph,Mixed,Thermal Anomaly,2,0.585,0.052,54.93,0.516,0.537,0.458,89.37,14.8,0.041,1.218,28.87,708.11,Low
3730,C-scan (BVID with Holes),Damaged,BVID,4,0.612,0.064,31.02,0.385,0.525,0.405,42.63,1.85,0.121,4.163,44.26,536.96,Medium
3731,Thermograph,Mixed,None,2,0.653,0.072,49.1,0.844,0.494,0.723,45.2,4.4,0.061,3.436,58.35,375.08,High
3732,C-scan (BVID with Holes),Damaged,BVID,2,0.478,0.049,88.61,0.484,0.386,0.313,43.71,9.87,0.086,3.742,29.06,436.37,Low
3733,C-scan (BVID with Holes),Damaged,BVID,2,0.502,0.068,56.97,0.573,0.988,0.471,78.79,3.48,0.184,1.133,51.93,576.37,Medium
3734,C-scan (BVID with Holes),Damaged,BVID,2,0.524,0.046,74.95,0.718,0.916,0.34,26.5,8.38,0.179,1.283,40.5,730.87,Medium
3735,C-scan (Pristine with Holes),Pristine,None,5,0.544,0.065,81.71,0.777,0.266,0.213,73.06,2.71,0.016,0.435,36.42,745.91,Medium
3736,C-scan (Pristine with Holes),Pristine,None,6,0.674,0.017,72.98,0.508,1.0,0.712,53.65,8.8,0.037,0.308,55.51,355.18,High
3737,C-scan (Pristine with Holes),Pristine,None,2,0.616,0.046,50.71,0.222,0.126,0.768,47.11,14.32,0.047,0.828,57.09,463.79,High
3738,Thermograph,Mixed,Thermal Anomaly,6,0.483,0.074,76.7,0.96,0.51,0.821,27.33,1.93,0.069,1.25,35.77,570.26,Medium
3739,C-scan (BVID with Holes),Damaged,BVID,2,0.617,0.075,9.59,0.358,0.214,0.835,69.86,7.15,0.133,3.669,20.68,488.02,Low
3740,Thermograph,Mixed,Thermal Anomaly,3,0.614,0.042,83.75,0.506,0.622,0.541,114.94,8.3,0.106,2.632,58.58,636.68,Medium
3741,C-scan (BVID with Holes),Damaged,BVID,3,0.503,0.055,18.14,0.411,0.433,0.821,97.12,13.58,0.089,3.012,25.55,863.53,Low
3742,C-scan (BVID with Holes),Damaged,BVID,6,0.646,0.019,51.87,0.817,0.325,0.585,47.4,1.02,0.103,1.95,21.74,790.02,Low
3743,C-scan (Pristine with Holes),Pristine,None,5,0.49,0.074,59.24,0.421,0.186,0.284,28.29,5.59,0.028,0.632,33.69,421.16,Medium
3744,C-scan (BVID with Holes),Damaged,BVID,6,0.64,0.05,69.08,0.783,0.155,0.473,87.66,6.16,0.1,4.925,28.82,373.0,Low
3745,Thermograph,Mixed,None,4,0.598,0.029,42.55,0.497,0.969,0.763,107.54,9.46,0.061,2.43,59.81,710.35,High
3746,C-scan (BVID with Holes),Damaged,BVID,5,0.514,0.046,79.46,0.915,0.927,0.854,39.89,8.72,0.178,1.205,29.68,711.82,Low
3747,C-scan (Pristine with Holes),Pristine,None,3,0.609,0.08,30.64,0.996,0.928,0.513,40.25,4.17,0.049,0.786,42.26,600.1,Medium
3748,C-scan (Pristine with Holes),Pristine,None,6,0.665,0.012,10.99,0.278,0.158,0.648,30.87,11.39,0.021,0.33,33.03,773.55,Medium
3749,C-scan (BVID with Holes),Damaged,BVID,2,0.471,0.044,65.26,0.324,0.861,0.719,74.9,11.18,0.19,2.204,51.46,485.38,Medium
3750,Thermograph,Mixed,None,4,0.46,0.062,17.22,0.614,0.541,0.282,29.35,3.85,0.043,0.856,48.37,728.42,High
3751,C-scan (BVID with Holes),Damaged,BVID,3,0.671,0.037,26.91,0.544,0.947,0.236,46.44,4.89,0.131,1.038,43.5,557.55,Medium
3752,Thermograph,Mixed,None,6,0.541,0.061,69.95,0.616,0.249,0.747,98.42,0.7,0.148,2.854,57.25,774.83,Medium
3753,Thermograph,Mixed,None,4,0.614,0.079,28.78,0.243,0.918,0.41,77.4,9.53,0.057,2.823,27.33,585.27,Low
3754,C-scan (Pristine with Holes),Pristine,None,2,0.587,0.032,53.46,0.882,0.705,0.623,104.35,5.49,0.047,0.946,36.75,468.34,Medium
3755,C-scan (Pristine with Holes),Pristine,None,3,0.695,0.018,58.93,0.38,0.117,0.771,66.57,14.16,0.021,0.172,24.66,770.99,Low
3756,C-scan (BVID with Holes),Damaged,BVID,3,0.57,0.068,20.17,0.688,0.944,0.664,37.41,5.98,0.14,1.674,50.34,722.5,Medium
3757,Thermograph,Mixed,Thermal Anomaly,5,0.501,0.07,73.66,0.206,0.967,0.288,94.41,7.55,0.096,3.268,43.66,618.24,Medium
3758,C-scan (BVID with Holes),Damaged,BVID,4,0.695,0.075,82.61,0.211,0.423,0.705,116.24,13.4,0.174,4.267,33.56,827.26,Medium
3759,Thermograph,Mixed,Thermal Anomaly,5,0.673,0.074,60.46,0.695,0.187,0.571,103.52,4.56,0.056,3.459,20.76,749.48,Low
3760,C-scan (BVID with Holes),Damaged,BVID,5,0.52,0.071,41.14,0.766,0.281,0.733,62.82,13.09,0.118,3.318,51.29,584.37,Medium
3761,Thermograph,Mixed,None,5,0.7,0.05,84.28,0.836,0.245,0.892,40.19,10.77,0.096,0.849,41.0,475.73,Medium
3762,C-scan (Pristine with Holes),Pristine,None,3,0.687,0.018,55.42,0.5,0.25,0.293,72.44,12.04,0.02,0.197,49.71,411.43,High
3763,Thermograph,Mixed,None,3,0.678,0.052,88.09,0.578,0.213,0.415,82.32,8.82,0.105,2.447,38.5,470.13,Medium
3764,C-scan (Pristine with Holes),Pristine,None,2,0.504,0.033,87.32,0.786,0.443,0.448,49.7,2.71,0.023,0.594,36.83,481.46,Medium
3765,C-scan (BVID with Holes),Damaged,BVID,3,0.509,0.049,5.52,0.425,0.519,0.415,89.41,6.36,0.104,2.511,49.13,777.26,Medium
3766,C-scan (BVID with Holes),Damaged,BVID,6,0.473,0.063,19.54,0.228,0.748,0.475,71.6,8.09,0.146,1.476,26.56,532.64,Low
3767,C-scan (BVID with Holes),Damaged,BVID,2,0.625,0.035,70.18,0.549,0.734,0.201,85.12,10.42,0.099,3.09,53.33,427.48,Medium
3768,C-scan (BVID with Holes),Damaged,BVID,2,0.689,0.043,17.27,0.603,0.462,0.558,82.75,8.42,0.122,1.454,20.62,426.46,Low
3769,C-scan (Pristine with Holes),Pristine,None,5,0.547,0.033,47.04,0.651,0.379,0.52,56.35,7.14,0.048,0.565,28.0,460.25,Low
3770,C-scan (BVID with Holes),Damaged,BVID,5,0.628,0.069,27.61,0.235,0.608,0.596,111.49,7.66,0.083,4.09,20.13,801.16,Low
3771,Thermograph,Mixed,Thermal Anomaly,5,0.628,0.075,64.52,0.992,0.369,0.479,114.51,8.87,0.081,2.785,24.37,592.35,Low
3772,C-scan (Pristine with Holes),Pristine,None,5,0.592,0.024,34.87,0.657,0.294,0.228,25.96,4.45,0.033,0.663,32.24,626.53,Medium
3773,C-scan (Pristine with Holes),Pristine,None,4,0.552,0.052,78.07,0.165,0.533,0.423,104.38,11.97,0.033,0.878,34.81,735.67,Medium
3774,C-scan (BVID with Holes),Damaged,BVID,5,0.61,0.031,25.89,0.12,0.69,0.523,31.95,14.19,0.155,2.949,28.1,452.27,Low
3775,C-scan (Pristine with Holes),Pristine,None,2,0.465,0.056,22.98,0.375,0.107,0.239,99.21,13.6,0.044,0.779,41.91,751.94,Medium
3776,C-scan (Pristine with Holes),Pristine,None,4,0.693,0.029,5.39,0.327,0.994,0.252,40.29,6.47,0.031,0.931,54.54,353.91,High
3777,C-scan (BVID with Holes),Damaged,BVID,6,0.636,0.048,62.15,0.802,0.525,0.485,57.92,14.25,0.163,2.091,57.85,516.72,Medium
3778,Thermograph,Mixed,None,6,0.467,0.07,25.47,0.14,0.162,0.297,85.88,4.52,0.052,3.031,46.53,770.26,High
3779,C-scan (BVID with Holes),Damaged,BVID,6,0.482,0.036,32.12,0.228,0.886,0.803,75.96,1.72,0.129,4.807,35.57,793.17,Medium
3780,C-scan (Pristine with Holes),Pristine,None,2,0.617,0.06,75.26,0.699,0.86,0.672,34.85,12.41,0.025,0.621,30.05,864.79,Medium
3781,C-scan (Pristine with Holes),Pristine,None,4,0.69,0.019,51.3,0.467,0.96,0.793,34.48,3.5,0.044,0.702,21.69,603.74,Low
3782,C-scan (BVID with Holes),Damaged,BVID,2,0.488,0.048,14.84,0.72,0.57,0.205,102.32,3.79,0.094,1.15,46.02,517.55,Medium
3783,C-scan (Pristine with Holes),Pristine,None,3,0.67,0.018,28.41,0.917,0.138,0.492,69.5,2.72,0.045,0.795,34.36,766.12,Medium
3784,Thermograph,Mixed,None,4,0.499,0.048,53.78,0.792,0.611,0.787,71.7,3.98,0.109,3.472,23.37,882.34,Low
3785,C-scan (BVID with Holes),Damaged,BVID,5,0.573,0.036,20.71,0.102,0.717,0.808,109.36,12.16,0.195,1.438,53.24,378.8,Medium
3786,C-scan (Pristine with Holes),Pristine,None,5,0.662,0.01,66.15,0.19,0.632,0.617,66.16,10.67,0.036,0.428,38.5,477.37,Medium
3787,C-scan (BVID with Holes),Damaged,BVID,5,0.67,0.014,58.69,0.908,0.219,0.453,117.22,10.48,0.148,2.842,36.43,491.7,Medium
3788,Thermograph,Mixed,Thermal Anomaly,3,0.45,0.06,46.81,0.843,0.281,0.632,62.28,7.55,0.117,0.934,36.47,625.21,Medium
3789,C-scan (BVID with Holes),Damaged,BVID,3,0.564,0.052,50.42,0.177,0.828,0.758,35.22,11.19,0.168,2.146,33.19,477.14,Medium
3790,Thermograph,Mixed,Thermal Anomaly,4,0.65,0.016,81.73,0.394,0.215,0.348,62.19,14.06,0.062,2.182,38.04,373.96,Medium
3791,C-scan (Pristine with Holes),Pristine,None,5,0.464,0.051,17.4,0.277,0.935,0.227,105.67,5.46,0.035,0.236,27.96,863.43,Low
3792,Thermograph,Mixed,Thermal Anomaly,2,0.529,0.077,46.72,0.468,0.369,0.67,86.0,11.36,0.132,2.912,48.82,389.81,Medium
3793,C-scan (BVID with Holes),Damaged,BVID,2,0.541,0.048,67.28,0.621,0.892,0.692,95.5,5.04,0.083,4.809,30.09,541.71,Medium
3794,C-scan (BVID with Holes),Damaged,BVID,5,0.641,0.032,56.8,0.845,0.851,0.521,88.66,4.62,0.097,1.362,39.49,711.43,Medium
3795,Thermograph,Mixed,None,3,0.489,0.034,5.52,0.372,0.465,0.62,77.76,11.19,0.063,2.486,39.46,749.64,Medium
3796,Thermograph,Mixed,None,3,0.588,0.04,55.49,0.54,0.663,0.582,52.05,4.62,0.034,2.729,27.43,867.52,Low
3797,C-scan (BVID with Holes),Damaged,BVID,5,0.659,0.04,73.66,0.659,0.755,0.683,67.05,14.2,0.197,3.451,30.33,550.28,Medium
3798,C-scan (BVID with Holes),Damaged,BVID,6,0.46,0.046,51.54,0.134,0.118,0.34,82.86,8.3,0.092,2.156,47.62,771.54,Medium
3799,Thermograph,Mixed,Thermal Anomaly,3,0.506,0.047,74.57,0.462,0.601,0.238,84.18,1.8,0.11,0.908,33.59,877.56,Medium
3800,C-scan (Pristine with Holes),Pristine,None,6,0.511,0.074,80.57,0.603,0.687,0.743,109.71,11.02,0.046,0.493,40.72,831.62,Medium
3801,C-scan (Pristine with Holes),Pristine,None,5,0.664,0.039,20.29,0.367,0.326,0.56,89.92,11.59,0.038,0.484,37.29,356.83,Medium
3802,Thermograph,Mixed,None,2,0.662,0.065,87.86,0.771,0.596,0.757,50.61,9.4,0.056,0.909,52.67,573.02,High
3803,C-scan (Pristine with Holes),Pristine,None,2,0.688,0.027,15.72,0.96,0.747,0.427,78.93,6.94,0.046,0.942,27.0,493.59,Low
3804,Thermograph,Mixed,None,5,0.585,0.039,14.14,0.244,0.936,0.593,32.3,7.21,0.042,3.288,24.01,649.22,Low
3805,C-scan (Pristine with Holes),Pristine,None,5,0.518,0.05,55.63,0.408,0.454,0.309,56.59,12.29,0.019,0.416,58.15,528.44,High
3806,C-scan (BVID with Holes),Damaged,BVID,3,0.583,0.057,85.16,0.629,0.365,0.86,71.09,5.55,0.106,4.058,42.41,408.17,Medium
3807,Thermograph,Mixed,None,2,0.593,0.068,48.84,0.126,0.556,0.723,33.45,10.04,0.131,3.193,34.34,664.86,Medium
3808,Thermograph,Mixed,Thermal Anomaly,4,0.465,0.023,2.28,0.78,0.861,0.675,62.68,5.73,0.067,0.791,29.0,868.93,Low
3809,C-scan (Pristine with Holes),Pristine,None,5,0.576,0.078,48.5,0.223,0.119,0.686,71.04,14.19,0.013,0.383,20.73,670.93,Low
3810,C-scan (BVID with Holes),Damaged,BVID,2,0.525,0.075,72.78,0.429,0.539,0.618,108.99,1.16,0.085,2.591,25.86,364.46,Low
3811,Thermograph,Mixed,None,4,0.464,0.015,35.55,0.49,0.837,0.301,55.21,7.33,0.141,3.048,27.06,666.39,Low
3812,C-scan (BVID with Holes),Damaged,BVID,2,0.514,0.016,53.64,0.192,0.372,0.638,40.02,3.13,0.099,4.866,38.1,839.97,Medium
3813,C-scan (Pristine with Holes),Pristine,None,3,0.653,0.074,56.73,0.17,0.771,0.634,78.31,14.56,0.014,0.745,36.66,453.75,Medium
3814,Thermograph,Mixed,None,2,0.614,0.029,59.52,0.616,0.767,0.229,91.25,9.96,0.103,0.64,59.68,832.38,Medium
3815,Thermograph,Mixed,Thermal Anomaly,6,0.538,0.044,32.86,0.235,0.9,0.487,66.98,8.96,0.121,1.642,56.56,733.56,Medium
3816,Thermograph,Mixed,Thermal Anomaly,5,0.461,0.074,49.4,0.207,0.173,0.547,43.93,12.13,0.074,1.788,51.21,708.07,High
3817,Thermograph,Mixed,None,5,0.602,0.039,6.5,0.475,0.138,0.581,73.86,7.76,0.081,2.532,45.78,568.62,Medium
3818,C-scan (BVID with Holes),Damaged,BVID,4,0.605,0.079,78.13,0.58,0.314,0.71,81.58,3.98,0.163,3.003,39.53,383.77,Medium
3819,C-scan (Pristine with Holes),Pristine,None,5,0.461,0.016,19.91,0.706,0.689,0.601,104.33,7.09,0.017,0.371,44.11,716.94,Medium
3820,C-scan (BVID with Holes),Damaged,BVID,4,0.527,0.014,22.99,0.987,0.572,0.783,111.57,6.92,0.148,1.513,55.37,706.71,Medium
3821,Thermograph,Mixed,None,2,0.521,0.037,43.46,0.222,0.868,0.724,75.89,7.39,0.128,2.813,28.28,676.56,Low
3822,C-scan (Pristine with Holes),Pristine,None,4,0.691,0.022,18.53,0.753,0.329,0.424,47.46,12.42,0.033,0.425,46.55,484.53,High
3823,C-scan (Pristine with Holes),Pristine,None,3,0.598,0.057,40.53,0.403,0.81,0.351,29.13,11.37,0.025,0.195,48.45,501.49,High
3824,Thermograph,Mixed,Thermal Anomaly,4,0.549,0.055,78.82,0.887,0.699,0.778,80.11,4.79,0.125,1.915,50.65,475.5,Medium
3825,C-scan (Pristine with Holes),Pristine,None,2,0.7,0.035,58.56,0.854,0.462,0.379,97.57,7.78,0.016,0.891,54.69,548.21,High
3826,Thermograph,Mixed,None,3,0.505,0.046,16.61,0.764,0.837,0.867,55.81,13.47,0.101,1.701,38.23,434.81,Medium
3827,C-scan (Pristine with Holes),Pristine,None,2,0.465,0.017,4.86,0.225,0.576,0.296,107.86,3.73,0.021,0.165,46.36,736.87,High
3828,C-scan (BVID with Holes),Damaged,BVID,3,0.533,0.048,73.92,0.247,0.373,0.432,77.73,7.73,0.14,4.197,26.93,823.02,Low
3829,C-scan (BVID with Holes),Damaged,BVID,4,0.695,0.045,78.46,0.523,0.61,0.261,39.11,4.02,0.185,4.655,52.35,708.46,Medium
3830,C-scan (Pristine with Holes),Pristine,None,5,0.638,0.025,68.66,0.659,0.453,0.882,63.31,10.03,0.035,0.714,31.7,614.0,Medium
3831,C-scan (BVID with Holes),Damaged,BVID,6,0.652,0.054,84.61,0.961,0.438,0.805,69.44,14.06,0.118,4.536,21.85,498.38,Low
3832,C-scan (BVID with Holes),Damaged,BVID,2,0.681,0.058,81.04,0.56,0.135,0.448,114.84,12.74,0.173,3.959,56.07,629.64,Medium
3833,C-scan (BVID with Holes),Damaged,BVID,5,0.644,0.051,43.07,0.547,0.101,0.696,43.45,9.93,0.175,4.332,55.07,732.96,Medium
3834,C-scan (Pristine with Holes),Pristine,None,6,0.593,0.061,72.4,0.351,0.663,0.227,41.12,4.53,0.018,0.908,23.29,576.36,Low
3835,C-scan (Pristine with Holes),Pristine,None,4,0.477,0.014,36.2,0.868,0.541,0.577,69.1,7.52,0.022,0.579,49.64,407.15,High
3836,C-scan (Pristine with Holes),Pristine,None,3,0.528,0.065,71.99,0.531,0.59,0.327,93.45,13.75,0.019,0.381,34.34,375.44,Medium
3837,Thermograph,Mixed,Thermal Anomaly,2,0.684,0.051,86.43,0.841,0.959,0.649,29.34,13.69,0.104,3.28,43.19,434.15,Medium
3838,C-scan (Pristine with Holes),Pristine,None,6,0.613,0.015,3.89,0.202,0.927,0.396,36.2,2.96,0.039,0.996,32.24,410.82,Medium
3839,C-scan (Pristine with Holes),Pristine,None,4,0.604,0.067,24.71,0.886,0.646,0.74,95.7,13.37,0.037,0.846,31.83,545.6,Medium
3840,C-scan (Pristine with Holes),Pristine,None,4,0.592,0.077,67.82,0.305,0.135,0.779,116.71,9.32,0.036,0.7,46.45,731.58,High
3841,Thermograph,Mixed,None,6,0.498,0.029,84.42,0.739,0.68,0.881,116.06,13.64,0.131,0.517,21.23,889.18,Low
3842,Thermograph,Mixed,None,4,0.545,0.041,85.8,0.799,0.801,0.309,32.04,2.82,0.038,3.285,22.48,846.02,Low
3843,C-scan (Pristine with Holes),Pristine,None,4,0.624,0.01,33.92,0.25,0.852,0.722,34.66,8.89,0.034,0.211,28.38,797.87,Low
3844,C-scan (Pristine with Holes),Pristine,None,3,0.652,0.048,85.6,0.798,0.759,0.522,90.17,9.32,0.012,0.48,58.53,488.83,High
3845,Thermograph,Mixed,Thermal Anomaly,4,0.642,0.064,86.98,0.447,0.85,0.768,49.4,9.29,0.06,2.532,50.99,733.97,High
3846,Thermograph,Mixed,Thermal Anomaly,5,0.656,0.037,37.55,0.568,0.945,0.273,35.3,12.16,0.144,2.377,36.71,785.11,Medium
3847,Thermograph,Mixed,None,3,0.636,0.046,87.34,0.602,0.125,0.571,82.29,3.87,0.103,3.4,32.26,426.06,Medium
3848,C-scan (BVID with Holes),Damaged,BVID,4,0.553,0.072,41.43,0.793,0.498,0.258,40.7,13.21,0.118,2.412,41.66,716.85,Medium
3849,C-scan (Pristine with Holes),Pristine,None,6,0.584,0.08,52.2,0.482,0.399,0.61,38.48,14.7,0.036,0.987,33.47,769.63,Medium
3850,C-scan (BVID with Holes),Damaged,BVID,6,0.652,0.056,60.88,0.624,0.38,0.361,71.9,12.03,0.108,2.619,39.39,599.88,Medium
3851,C-scan (BVID with Holes),Damaged,BVID,3,0.556,0.03,9.74,0.833,0.724,0.41,56.09,14.94,0.136,1.845,53.15,706.4,Medium
3852,Thermograph,Mixed,None,5,0.47,0.025,9.4,0.428,0.321,0.89,39.83,2.9,0.086,1.317,36.42,818.19,Medium
3853,C-scan (Pristine with Holes),Pristine,None,6,0.564,0.056,55.96,0.136,0.505,0.278,66.47,6.54,0.045,0.622,43.79,753.16,Medium
3854,C-scan (BVID with Holes),Damaged,BVID,6,0.664,0.028,89.66,0.626,0.42,0.586,36.97,4.97,0.147,4.992,51.37,874.53,Medium
3855,C-scan (BVID with Holes),Damaged,BVID,3,0.508,0.011,48.94,0.515,0.914,0.832,118.84,12.07,0.124,3.47,36.87,517.08,Medium
3856,C-scan (Pristine with Holes),Pristine,None,2,0.484,0.037,40.81,0.322,0.432,0.306,104.67,4.0,0.036,0.341,33.74,750.6,Medium
3857,C-scan (Pristine with Holes),Pristine,None,2,0.537,0.055,67.66,0.139,0.286,0.845,90.3,12.0,0.03,0.69,37.61,411.77,Medium
3858,Thermograph,Mixed,None,4,0.664,0.011,33.7,0.672,0.304,0.434,59.41,8.04,0.141,1.99,40.43,384.91,Medium
3859,Thermograph,Mixed,Thermal Anomaly,2,0.494,0.022,68.88,0.799,0.124,0.754,84.98,2.73,0.045,2.083,26.86,756.26,Low
3860,C-scan (Pristine with Holes),Pristine,None,2,0.517,0.029,59.91,0.568,0.724,0.615,36.7,2.63,0.019,0.856,33.25,658.64,Medium
3861,C-scan (Pristine with Holes),Pristine,None,6,0.605,0.069,46.34,0.554,0.348,0.301,78.03,2.68,0.048,0.534,33.52,627.89,Medium
3862,Thermograph,Mixed,None,4,0.67,0.053,16.78,0.49,0.63,0.427,117.58,11.52,0.137,3.158,20.95,480.75,Low
3863,Thermograph,Mixed,Thermal Anomaly,5,0.626,0.02,19.25,0.976,0.667,0.613,29.99,8.04,0.145,2.882,51.41,438.44,Medium
3864,C-scan (BVID with Holes),Damaged,BVID,4,0.47,0.034,80.73,0.854,0.997,0.542,43.5,0.52,0.158,4.906,47.64,395.89,Medium
3865,C-scan (BVID with Holes),Damaged,BVID,6,0.582,0.067,39.24,0.582,0.573,0.683,69.3,0.5,0.185,4.19,50.53,504.74,Medium
3866,Thermograph,Mixed,None,4,0.59,0.013,48.75,0.103,0.511,0.647,38.07,10.1,0.069,1.237,36.01,756.63,Medium
3867,C-scan (Pristine with Holes),Pristine,None,6,0.465,0.023,12.6,0.446,0.99,0.643,47.27,12.19,0.022,0.289,50.04,776.62,High
3868,C-scan (BVID with Holes),Damaged,BVID,3,0.46,0.077,53.63,0.763,0.154,0.21,58.51,7.29,0.142,3.944,39.49,891.02,Medium
3869,Thermograph,Mixed,None,3,0.555,0.059,27.54,0.522,0.622,0.528,44.83,2.59,0.133,2.69,31.39,530.3,Medium
3870,Thermograph,Mixed,Thermal Anomaly,2,0.586,0.032,79.04,0.838,0.563,0.865,71.47,6.23,0.107,2.44,42.0,618.16,Medium
3871,C-scan (BVID with Holes),Damaged,BVID,2,0.553,0.023,71.48,0.704,0.403,0.506,83.72,5.79,0.164,3.593,26.71,719.72,Low
3872,Thermograph,Mixed,Thermal Anomaly,6,0.6,0.026,39.52,0.539,0.693,0.386,96.66,3.14,0.091,0.818,39.41,805.14,Medium
3873,C-scan (BVID with Holes),Damaged,BVID,4,0.548,0.031,79.11,0.243,0.912,0.713,36.14,0.59,0.092,2.482,56.3,778.8,Medium
3874,C-scan (BVID with Holes),Damaged,BVID,4,0.513,0.038,21.43,0.534,0.106,0.556,103.14,6.01,0.117,3.495,56.73,814.33,Medium
3875,Thermograph,Mixed,Thermal Anomaly,2,0.611,0.075,48.77,0.453,0.932,0.692,108.47,4.33,0.052,1.56,23.03,866.42,Low
3876,C-scan (BVID with Holes),Damaged,BVID,2,0.675,0.051,69.58,0.972,0.367,0.797,53.19,12.55,0.161,2.44,53.3,504.75,Medium
3877,Thermograph,Mixed,None,2,0.625,0.017,80.12,0.108,0.585,0.721,91.74,14.4,0.057,0.593,58.42,699.01,High
3878,Thermograph,Mixed,Thermal Anomaly,4,0.529,0.052,25.45,0.602,0.928,0.238,76.84,4.23,0.127,2.986,48.1,486.94,Medium
3879,C-scan (Pristine with Holes),Pristine,None,6,0.555,0.056,31.3,0.138,0.189,0.437,117.35,6.7,0.016,0.785,36.16,478.01,Medium
3880,C-scan (BVID with Holes),Damaged,BVID,3,0.566,0.038,37.81,0.14,0.677,0.394,38.47,3.86,0.141,1.582,35.93,471.84,Medium
3881,C-scan (BVID with Holes),Damaged,BVID,6,0.633,0.038,1.74,0.16,0.561,0.255,78.09,5.01,0.184,1.812,27.55,532.78,Low
3882,C-scan (Pristine with Holes),Pristine,None,6,0.603,0.074,0.96,0.506,0.292,0.382,31.56,8.34,0.018,0.952,24.86,765.96,Low
3883,C-scan (BVID with Holes),Damaged,BVID,2,0.541,0.065,27.9,0.419,0.672,0.315,77.89,11.71,0.17,3.02,57.19,587.5,Medium
3884,C-scan (Pristine with Holes),Pristine,None,4,0.682,0.064,59.04,0.788,0.586,0.843,37.02,14.63,0.033,0.416,29.25,682.65,Low
3885,C-scan (BVID with Holes),Damaged,BVID,5,0.582,0.063,32.33,0.69,0.341,0.785,74.69,14.78,0.118,1.373,24.23,632.31,Low
3886,C-scan (BVID with Holes),Damaged,BVID,5,0.527,0.036,23.26,0.765,0.291,0.866,77.41,0.77,0.17,2.258,45.49,660.32,Medium
3887,C-scan (Pristine with Holes),Pristine,None,3,0.578,0.059,74.93,0.667,0.754,0.211,45.4,10.13,0.012,0.475,27.59,447.28,Low
3888,C-scan (BVID with Holes),Damaged,BVID,2,0.642,0.011,81.65,0.608,0.751,0.589,89.01,5.52,0.13,4.341,24.63,373.53,Low
3889,Thermograph,Mixed,Thermal Anomaly,6,0.666,0.014,83.26,0.397,0.223,0.301,101.43,12.11,0.118,1.709,31.61,577.59,Medium
3890,C-scan (BVID with Holes),Damaged,BVID,6,0.573,0.078,80.8,0.459,0.428,0.715,77.59,6.36,0.133,2.581,38.99,518.59,Medium
3891,C-scan (Pristine with Holes),Pristine,None,4,0.614,0.021,38.53,0.346,0.997,0.748,55.57,12.09,0.043,0.27,27.77,470.3,Low
3892,C-scan (BVID with Holes),Damaged,BVID,4,0.68,0.041,4.29,0.258,0.241,0.653,62.12,13.06,0.115,4.088,44.84,621.67,Medium
3893,C-scan (Pristine with Holes),Pristine,None,5,0.546,0.079,38.4,0.416,0.179,0.379,32.41,3.37,0.043,0.896,31.68,547.57,Medium
3894,C-scan (Pristine with Holes),Pristine,None,3,0.456,0.05,31.83,0.12,0.883,0.584,42.65,2.41,0.046,0.879,38.03,828.07,Medium
3895,C-scan (BVID with Holes),Damaged,BVID,4,0.686,0.05,46.01,0.768,0.659,0.267,111.6,6.98,0.088,3.862,59.87,749.13,Medium
3896,C-scan (BVID with Holes),Damaged,BVID,6,0.508,0.022,65.87,0.623,0.554,0.44,93.57,14.73,0.129,1.367,59.54,444.5,Medium
3897,C-scan (Pristine with Holes),Pristine,None,2,0.678,0.058,45.42,0.989,0.822,0.643,91.56,12.68,0.027,0.222,49.93,659.16,High
3898,Thermograph,Mixed,None,5,0.641,0.014,84.01,0.591,0.22,0.565,103.05,13.87,0.088,2.456,22.82,633.24,Low
3899,C-scan (BVID with Holes),Damaged,BVID,6,0.523,0.069,56.62,0.404,0.609,0.443,108.28,3.22,0.128,3.721,42.13,414.31,Medium
3900,C-scan (BVID with Holes),Damaged,BVID,3,0.539,0.019,7.56,0.989,0.904,0.683,77.77,5.74,0.187,1.739,30.45,400.7,Medium
3901,C-scan (BVID with Holes),Damaged,BVID,3,0.511,0.038,27.97,0.656,0.906,0.827,73.79,12.25,0.101,3.544,23.91,454.88,Low
3902,C-scan (Pristine with Holes),Pristine,None,3,0.598,0.026,64.29,0.284,0.938,0.718,97.56,1.93,0.033,0.967,44.76,792.68,Medium
3903,C-scan (BVID with Holes),Damaged,BVID,6,0.5,0.066,14.31,0.419,0.497,0.739,47.44,5.89,0.144,2.876,35.31,770.88,Medium
3904,C-scan (Pristine with Holes),Pristine,None,6,0.671,0.059,27.68,0.232,0.429,0.39,57.96,2.74,0.048,0.629,29.57,504.96,Low
3905,Thermograph,Mixed,None,2,0.513,0.052,25.7,0.43,0.994,0.48,76.97,6.93,0.124,2.985,52.32,859.78,Medium
3906,Thermograph,Mixed,None,2,0.458,0.054,83.71,0.71,0.519,0.75,50.87,11.56,0.035,3.277,26.56,653.35,Low
3907,C-scan (Pristine with Holes),Pristine,None,3,0.652,0.08,6.67,0.753,0.129,0.721,51.73,6.72,0.045,0.339,45.43,724.46,High
3908,C-scan (BVID with Holes),Damaged,BVID,6,0.661,0.066,64.99,0.455,0.989,0.645,89.61,7.41,0.131,1.686,30.46,614.57,Medium
3909,C-scan (BVID with Holes),Damaged,BVID,2,0.663,0.019,48.31,0.146,0.916,0.796,51.53,14.61,0.1,3.373,36.02,693.56,Medium
3910,Thermograph,Mixed,None,6,0.479,0.075,8.47,0.359,0.744,0.457,116.42,1.31,0.111,2.646,38.91,596.54,Medium
3911,C-scan (BVID with Holes),Damaged,BVID,5,0.686,0.028,9.34,0.375,0.385,0.245,48.5,11.36,0.174,1.82,55.91,814.65,Medium
3912,C-scan (Pristine with Holes),Pristine,None,2,0.582,0.047,8.75,0.405,0.631,0.496,25.59,11.42,0.045,0.181,54.07,466.78,High
3913,Thermograph,Mixed,Thermal Anomaly,5,0.681,0.068,34.58,0.929,0.327,0.432,113.75,7.74,0.147,3.349,30.3,801.06,Medium
3914,Thermograph,Mixed,None,4,0.661,0.051,38.8,0.801,0.711,0.749,100.27,6.87,0.068,1.558,33.19,534.36,Medium
3915,C-scan (Pristine with Holes),Pristine,None,5,0.686,0.043,28.37,0.426,0.528,0.377,58.87,11.58,0.049,0.354,24.85,554.99,Low
3916,C-scan (Pristine with Holes),Pristine,None,5,0.666,0.06,34.03,0.836,0.908,0.677,104.72,1.61,0.017,0.479,36.79,488.42,Medium
3917,C-scan (Pristine with Holes),Pristine,None,3,0.497,0.011,62.54,0.855,0.878,0.508,98.28,5.26,0.03,0.688,34.18,515.64,Medium
3918,C-scan (BVID with Holes),Damaged,BVID,3,0.648,0.032,85.54,0.188,0.713,0.745,60.95,9.52,0.171,1.249,41.12,647.95,Medium
3919,Thermograph,Mixed,Thermal Anomaly,2,0.608,0.069,18.82,0.789,0.469,0.878,60.88,14.47,0.08,2.683,53.1,543.36,Medium
3920,C-scan (BVID with Holes),Damaged,BVID,2,0.46,0.066,61.64,0.557,0.629,0.41,27.63,2.93,0.097,3.484,47.42,405.7,Medium
3921,C-scan (BVID with Holes),Damaged,BVID,2,0.641,0.048,65.46,0.683,0.247,0.486,91.73,8.41,0.088,2.203,51.47,805.1,Medium
3922,Thermograph,Mixed,None,6,0.686,0.045,25.23,0.854,0.126,0.701,42.33,4.46,0.064,0.607,46.03,522.45,High
3923,Thermograph,Mixed,None,3,0.525,0.012,44.36,0.362,0.557,0.682,51.76,3.46,0.052,2.23,22.97,800.47,Low
3924,Thermograph,Mixed,None,5,0.494,0.02,53.32,0.977,0.826,0.531,83.61,8.66,0.089,1.099,26.47,537.09,Low
3925,C-scan (BVID with Holes),Damaged,BVID,2,0.634,0.038,70.07,0.852,0.527,0.587,89.82,9.07,0.184,1.31,50.98,428.52,Medium
3926,Thermograph,Mixed,Thermal Anomaly,2,0.459,0.071,6.47,0.59,0.638,0.818,67.64,10.1,0.13,2.966,57.53,884.63,Medium
3927,C-scan (Pristine with Holes),Pristine,None,2,0.505,0.059,34.5,0.137,0.619,0.727,32.94,6.25,0.029,0.65,30.83,526.01,Medium
3928,C-scan (BVID with Holes),Damaged,BVID,4,0.671,0.072,6.5,0.922,0.918,0.776,111.46,9.41,0.119,2.669,40.73,509.63,Medium
3929,Thermograph,Mixed,Thermal Anomaly,6,0.63,0.056,18.63,0.787,0.239,0.317,56.67,7.82,0.05,0.891,45.23,500.1,High
3930,C-scan (BVID with Holes),Damaged,BVID,6,0.603,0.063,27.31,0.37,0.488,0.612,89.21,8.82,0.12,2.4,53.88,855.67,Medium
3931,C-scan (BVID with Holes),Damaged,BVID,5,0.602,0.072,3.3,0.314,0.505,0.827,117.02,2.87,0.193,2.18,42.44,744.28,Medium
3932,C-scan (BVID with Holes),Damaged,BVID,4,0.669,0.07,28.32,0.989,0.999,0.227,45.7,3.3,0.162,2.1,59.88,655.01,Medium
3933,C-scan (BVID with Holes),Damaged,BVID,3,0.526,0.061,43.91,0.445,0.389,0.212,55.91,5.45,0.178,3.078,39.08,393.83,Medium
3934,Thermograph,Mixed,Thermal Anomaly,3,0.675,0.069,35.19,0.33,0.18,0.223,31.38,14.22,0.09,2.724,29.63,406.11,Low
3935,Thermograph,Mixed,Thermal Anomaly,6,0.535,0.068,84.12,0.161,0.796,0.466,83.76,13.17,0.126,1.382,41.65,431.78,Medium
3936,Thermograph,Mixed,None,3,0.627,0.034,85.86,0.305,0.429,0.619,118.97,4.99,0.144,1.574,37.74,701.54,Medium
3937,Thermograph,Mixed,None,6,0.469,0.026,20.27,0.82,0.633,0.367,111.66,12.31,0.098,3.21,30.27,377.43,Medium
3938,C-scan (Pristine with Holes),Pristine,None,4,0.508,0.041,36.75,0.634,0.383,0.32,44.55,6.96,0.028,0.746,41.35,717.59,Medium
3939,Thermograph,Mixed,None,5,0.692,0.061,57.13,0.967,0.961,0.588,69.23,5.48,0.115,1.646,36.44,523.81,Medium
3940,C-scan (BVID with Holes),Damaged,BVID,5,0.495,0.015,70.94,0.82,0.192,0.887,43.21,14.45,0.088,2.126,30.75,815.62,Medium
3941,C-scan (BVID with Holes),Damaged,BVID,4,0.635,0.068,3.18,0.636,0.979,0.742,46.58,12.74,0.119,2.926,44.83,497.56,Medium
3942,C-scan (BVID with Holes),Damaged,BVID,4,0.665,0.078,80.96,0.98,0.703,0.7,118.05,9.63,0.138,2.727,49.98,588.17,Medium
3943,C-scan (Pristine with Holes),Pristine,None,6,0.536,0.026,2.87,0.891,0.985,0.507,39.63,11.16,0.028,0.843,35.28,620.43,Medium
3944,C-scan (Pristine with Holes),Pristine,None,5,0.664,0.068,11.88,0.376,0.356,0.234,43.06,13.59,0.029,0.664,38.33,759.27,Medium
3945,C-scan (BVID with Holes),Damaged,BVID,4,0.626,0.048,68.25,0.631,0.833,0.874,75.59,6.75,0.121,3.208,33.35,592.62,Medium
3946,C-scan (Pristine with Holes),Pristine,None,5,0.623,0.057,3.41,0.208,0.221,0.466,89.01,6.85,0.024,0.584,43.25,657.44,Medium
3947,C-scan (BVID with Holes),Damaged,BVID,4,0.661,0.048,73.89,0.723,0.944,0.28,84.25,11.71,0.157,3.788,39.92,778.03,Medium
3948,C-scan (Pristine with Holes),Pristine,None,6,0.475,0.078,65.87,0.559,0.724,0.324,96.07,11.87,0.045,0.166,46.32,617.51,High
3949,Thermograph,Mixed,Thermal Anomaly,6,0.52,0.074,25.34,0.426,0.269,0.464,57.0,7.99,0.06,3.289,59.72,790.96,High
3950,C-scan (BVID with Holes),Damaged,BVID,4,0.475,0.06,7.58,0.125,0.11,0.719,42.82,8.22,0.138,1.499,41.14,673.46,Medium
3951,C-scan (Pristine with Holes),Pristine,None,3,0.678,0.038,40.43,0.368,0.546,0.342,75.91,1.89,0.031,0.652,31.81,471.27,Medium
3952,Thermograph,Mixed,None,4,0.549,0.072,61.19,0.221,0.917,0.531,26.82,9.24,0.062,1.251,56.6,640.56,High
3953,Thermograph,Mixed,None,5,0.664,0.078,18.26,0.588,0.301,0.411,119.19,5.63,0.144,1.844,48.65,542.83,Medium
3954,C-scan (Pristine with Holes),Pristine,None,5,0.58,0.044,33.38,0.664,0.271,0.408,88.07,7.17,0.041,0.273,48.91,848.88,High
3955,C-scan (BVID with Holes),Damaged,BVID,4,0.617,0.068,46.09,0.563,0.43,0.608,93.62,1.26,0.174,3.544,56.26,888.96,Medium
3956,Thermograph,Mixed,None,5,0.662,0.078,4.47,0.415,0.593,0.886,32.92,12.79,0.092,2.883,37.46,395.27,Medium
3957,Thermograph,Mixed,Thermal Anomaly,5,0.498,0.012,19.51,0.246,0.199,0.454,27.11,13.94,0.035,3.14,28.59,463.39,Low
3958,Thermograph,Mixed,None,3,0.696,0.011,11.9,0.84,0.575,0.379,81.69,14.54,0.102,3.496,48.53,657.23,Medium
3959,C-scan (BVID with Holes),Damaged,BVID,2,0.629,0.024,88.51,0.619,0.884,0.753,64.96,8.62,0.091,1.203,20.56,358.19,Low
3960,Thermograph,Mixed,Thermal Anomaly,2,0.642,0.063,6.46,0.507,0.456,0.866,107.51,11.94,0.031,1.176,28.24,728.31,Low
3961,Thermograph,Mixed,Thermal Anomaly,6,0.498,0.038,80.33,0.109,0.526,0.585,70.78,1.79,0.064,2.268,51.66,369.8,High
3962,C-scan (Pristine with Holes),Pristine,None,5,0.667,0.011,29.14,0.33,0.767,0.556,43.28,3.2,0.017,0.421,42.41,837.86,Medium
3963,C-scan (BVID with Holes),Damaged,BVID,2,0.466,0.042,64.73,0.974,0.251,0.208,109.51,10.6,0.119,1.614,51.22,440.81,Medium
3964,C-scan (BVID with Holes),Damaged,BVID,2,0.679,0.034,0.12,0.291,0.279,0.758,115.21,10.8,0.126,3.412,36.09,477.92,Medium
3965,C-scan (Pristine with Holes),Pristine,None,6,0.665,0.031,33.57,0.495,0.798,0.449,33.3,3.94,0.029,0.145,50.32,888.45,High
3966,C-scan (BVID with Holes),Damaged,BVID,4,0.671,0.031,23.14,0.43,0.689,0.274,28.61,8.08,0.19,2.491,43.02,729.35,Medium
3967,Thermograph,Mixed,None,2,0.641,0.049,6.13,0.111,0.351,0.378,58.1,8.16,0.041,2.152,36.82,464.08,Medium
3968,C-scan (BVID with Holes),Damaged,BVID,2,0.597,0.022,52.68,0.955,0.226,0.681,28.23,6.07,0.193,2.347,57.01,789.54,Medium
3969,C-scan (Pristine with Holes),Pristine,None,6,0.552,0.043,66.74,0.334,0.44,0.446,51.75,14.4,0.04,0.697,25.52,781.29,Low
3970,C-scan (Pristine with Holes),Pristine,None,5,0.648,0.062,41.62,0.198,0.6,0.627,75.86,8.83,0.011,0.605,52.24,661.07,High
3971,Thermograph,Mixed,Thermal Anomaly,5,0.696,0.01,4.0,0.235,0.152,0.213,67.95,8.83,0.103,1.371,55.31,887.22,Medium
3972,Thermograph,Mixed,Thermal Anomaly,5,0.605,0.013,4.51,0.759,0.499,0.317,42.43,11.54,0.058,2.995,21.63,615.14,Low
3973,C-scan (BVID with Holes),Damaged,BVID,5,0.63,0.074,52.12,0.147,0.399,0.221,90.31,10.38,0.136,1.227,30.65,448.16,Medium
3974,C-scan (BVID with Holes),Damaged,BVID,6,0.62,0.076,1.73,0.149,0.73,0.745,28.56,7.62,0.162,3.579,36.83,378.52,Medium
3975,C-scan (BVID with Holes),Damaged,BVID,4,0.452,0.057,70.3,0.875,0.553,0.865,56.0,1.18,0.178,4.865,38.63,718.21,Medium
3976,C-scan (BVID with Holes),Damaged,BVID,2,0.482,0.048,0.35,0.996,0.435,0.814,118.23,5.06,0.118,1.825,55.51,369.55,Medium
3977,Thermograph,Mixed,Thermal Anomaly,3,0.529,0.057,79.65,0.297,0.268,0.384,103.66,6.36,0.124,1.65,38.65,837.72,Medium
3978,C-scan (Pristine with Holes),Pristine,None,5,0.575,0.041,24.61,0.876,0.5,0.774,76.15,13.61,0.031,0.674,22.55,756.78,Low
3979,C-scan (Pristine with Holes),Pristine,None,3,0.622,0.06,37.59,0.817,0.378,0.525,85.22,4.96,0.04,0.741,51.29,530.74,High
3980,C-scan (BVID with Holes),Damaged,BVID,5,0.6,0.03,43.07,0.464,0.783,0.218,104.5,4.78,0.16,3.73,35.93,794.79,Medium
3981,Thermograph,Mixed,None,6,0.54,0.033,61.47,0.388,0.75,0.502,42.04,8.0,0.111,2.011,29.9,361.72,Low
3982,Thermograph,Mixed,None,3,0.684,0.049,53.83,0.674,0.231,0.718,39.74,3.52,0.079,0.584,58.3,782.15,High
3983,C-scan (BVID with Holes),Damaged,BVID,4,0.512,0.058,8.7,0.191,0.663,0.543,48.05,14.49,0.137,1.161,41.08,834.11,Medium
3984,Thermograph,Mixed,None,5,0.659,0.011,63.3,0.426,0.472,0.544,33.41,10.88,0.146,3.036,43.74,625.17,Medium
3985,C-scan (BVID with Holes),Damaged,BVID,5,0.57,0.068,60.56,0.399,0.993,0.751,31.16,6.21,0.103,4.811,31.57,682.88,Medium
3986,C-scan (Pristine with Holes),Pristine,None,4,0.666,0.044,16.09,0.226,0.632,0.483,100.78,12.3,0.045,0.49,48.08,877.07,High
3987,C-scan (Pristine with Holes),Pristine,None,6,0.63,0.032,55.49,0.923,0.634,0.617,42.07,12.57,0.04,0.351,26.22,678.48,Low
3988,Thermograph,Mixed,Thermal Anomaly,6,0.554,0.018,86.21,0.778,0.531,0.59,27.04,14.64,0.049,0.518,57.27,486.44,High
3989,C-scan (Pristine with Holes),Pristine,None,2,0.52,0.024,62.96,0.335,0.338,0.213,61.16,1.96,0.017,0.704,24.33,501.55,Low
3990,C-scan (Pristine with Holes),Pristine,None,4,0.64,0.046,34.21,0.569,0.15,0.325,87.97,2.0,0.035,0.615,39.37,767.09,Medium
3991,C-scan (BVID with Holes),Damaged,BVID,2,0.601,0.02,31.17,0.348,0.981,0.86,74.85,5.63,0.189,1.325,57.17,804.08,Medium
3992,C-scan (Pristine with Holes),Pristine,None,2,0.519,0.024,40.25,0.217,0.156,0.552,90.5,1.93,0.025,0.877,23.58,653.34,Low
3993,C-scan (Pristine with Holes),Pristine,None,5,0.632,0.033,71.48,0.127,0.179,0.227,117.88,1.22,0.013,0.432,41.65,659.54,Medium
3994,C-scan (Pristine with Holes),Pristine,None,4,0.689,0.021,49.52,0.965,0.527,0.628,89.66,5.67,0.038,0.314,43.52,671.27,Medium
3995,C-scan (Pristine with Holes),Pristine,None,6,0.531,0.058,34.94,0.432,0.559,0.801,32.39,6.89,0.011,0.578,21.84,463.46,Low
3996,C-scan (BVID with Holes),Damaged,BVID,6,0.453,0.074,15.66,0.936,0.691,0.294,99.07,2.34,0.118,1.971,26.76,657.41,Low
3997,Thermograph,Mixed,None,3,0.48,0.063,12.5,0.847,0.404,0.669,32.91,7.37,0.093,3.025,20.95,365.1,Low
3998,C-scan (Pristine with Holes),Pristine,None,6,0.692,0.068,51.79,0.329,0.667,0.687,57.26,10.34,0.033,0.787,46.93,425.42,High
3999,Thermograph,Mixed,Thermal Anomaly,3,0.471,0.012,63.3,0.554,0.925,0.593,40.19,1.59,0.045,2.804,46.92,829.82,High
4000,Thermograph,Mixed,Thermal Anomaly,5,0.516,0.019,42.93,0.815,0.666,0.831,64.69,12.62,0.06,1.138,55.01,450.1,High
4001,Thermograph,Mixed,None,2,0.531,0.012,81.79,0.881,0.956,0.64,35.13,11.02,0.081,1.014,29.4,632.43,Low
4002,C-scan (Pristine with Holes),Pristine,None,3,0.54,0.051,23.08,0.177,0.519,0.469,62.78,2.84,0.011,0.646,38.5,411.68,Medium
4003,C-scan (Pristine with Holes),Pristine,None,3,0.517,0.023,45.4,0.472,0.645,0.41,85.14,1.86,0.032,0.887,22.54,872.84,Low
4004,Thermograph,Mixed,Thermal Anomaly,6,0.547,0.077,57.81,0.426,0.35,0.391,93.31,10.33,0.091,2.452,27.88,857.5,Low
4005,C-scan (BVID with Holes),Damaged,BVID,5,0.696,0.075,65.07,0.429,0.323,0.519,83.33,5.36,0.08,1.794,41.21,587.2,Medium
4006,Thermograph,Mixed,Thermal Anomaly,4,0.5,0.039,36.53,0.649,0.372,0.742,108.17,3.21,0.047,2.223,39.23,774.92,Medium
4007,C-scan (Pristine with Holes),Pristine,None,6,0.607,0.038,37.48,0.444,0.671,0.234,26.78,5.5,0.05,0.602,32.68,756.41,Medium
4008,Thermograph,Mixed,Thermal Anomaly,6,0.484,0.024,40.06,0.628,0.569,0.791,73.22,13.21,0.145,1.139,58.09,499.62,Medium
4009,C-scan (BVID with Holes),Damaged,BVID,5,0.571,0.057,49.3,0.926,0.932,0.591,111.29,12.34,0.138,2.777,57.57,665.04,Medium
4010,C-scan (BVID with Holes),Damaged,BVID,5,0.643,0.047,22.27,0.482,0.471,0.802,32.82,14.15,0.11,4.513,46.65,430.28,Medium
4011,Thermograph,Mixed,None,3,0.598,0.057,51.71,0.432,0.116,0.775,30.39,4.06,0.149,1.886,27.09,848.57,Low
4012,C-scan (BVID with Holes),Damaged,BVID,4,0.564,0.023,36.04,0.702,0.461,0.493,45.03,1.63,0.191,4.767,31.51,435.29,Medium
4013,C-scan (BVID with Holes),Damaged,BVID,2,0.464,0.03,26.69,0.161,0.122,0.474,53.46,9.68,0.103,4.352,54.54,428.23,Medium
4014,C-scan (BVID with Holes),Damaged,BVID,6,0.539,0.073,17.31,0.455,0.891,0.368,37.77,8.71,0.174,1.744,25.36,851.17,Low
4015,C-scan (Pristine with Holes),Pristine,None,2,0.636,0.016,31.49,0.823,0.883,0.525,61.82,9.19,0.028,0.325,29.5,584.65,Low
4016,C-scan (Pristine with Holes),Pristine,None,6,0.512,0.02,10.65,0.245,0.559,0.752,75.08,13.95,0.039,0.123,44.67,706.9,Medium
4017,C-scan (BVID with Holes),Damaged,BVID,3,0.589,0.062,30.42,0.31,0.644,0.365,47.58,3.85,0.191,2.427,27.21,474.95,Low
4018,C-scan (Pristine with Holes),Pristine,None,4,0.67,0.063,20.44,0.164,0.876,0.704,31.81,6.01,0.049,0.843,25.6,511.04,Low
4019,C-scan (Pristine with Holes),Pristine,None,3,0.65,0.025,37.58,0.407,0.614,0.329,42.02,4.3,0.011,0.374,35.8,524.22,Medium
4020,C-scan (BVID with Holes),Damaged,BVID,5,0.656,0.055,40.51,0.5,0.73,0.569,61.01,1.9,0.106,2.386,31.72,545.06,Medium
4021,C-scan (BVID with Holes),Damaged,BVID,4,0.525,0.073,4.23,0.205,0.211,0.245,71.51,10.5,0.098,1.362,44.78,587.74,Medium
4022,C-scan (Pristine with Holes),Pristine,None,3,0.645,0.079,72.76,0.986,0.507,0.403,59.13,6.98,0.025,0.836,53.62,802.31,High
4023,Thermograph,Mixed,Thermal Anomaly,3,0.585,0.076,89.04,0.397,0.211,0.58,95.54,8.76,0.147,3.435,37.15,432.16,Medium
4024,C-scan (Pristine with Holes),Pristine,None,2,0.46,0.017,38.82,0.154,0.368,0.539,31.22,12.7,0.017,0.984,27.14,649.64,Low
4025,C-scan (Pristine with Holes),Pristine,None,5,0.678,0.027,19.19,0.366,0.956,0.234,42.01,7.89,0.029,0.172,48.43,823.73,High
4026,C-scan (BVID with Holes),Damaged,BVID,4,0.536,0.063,44.11,0.473,0.606,0.321,96.76,10.55,0.091,3.674,30.87,582.74,Medium
4027,C-scan (BVID with Holes),Damaged,BVID,3,0.684,0.053,31.85,0.918,0.538,0.614,42.31,10.1,0.187,4.048,35.64,436.15,Medium
4028,C-scan (BVID with Holes),Damaged,BVID,5,0.574,0.057,59.91,0.687,0.551,0.393,60.98,12.0,0.181,1.496,42.93,367.07,Medium
4029,C-scan (BVID with Holes),Damaged,BVID,5,0.673,0.043,32.05,0.484,0.659,0.39,41.92,14.68,0.122,4.856,27.5,468.01,Low
4030,C-scan (BVID with Holes),Damaged,BVID,4,0.453,0.059,31.28,0.975,0.491,0.639,87.99,4.05,0.085,2.584,22.64,709.27,Low
4031,Thermograph,Mixed,Thermal Anomaly,5,0.653,0.036,60.56,0.104,0.546,0.293,96.0,12.69,0.126,0.733,53.38,499.51,Medium
4032,C-scan (BVID with Holes),Damaged,BVID,4,0.613,0.028,41.49,0.701,0.504,0.571,118.51,14.39,0.172,2.452,33.21,477.71,Medium
4033,Thermograph,Mixed,Thermal Anomaly,5,0.531,0.045,4.72,0.904,0.91,0.751,62.48,2.43,0.088,1.813,50.52,665.25,Medium
4034,C-scan (BVID with Holes),Damaged,BVID,6,0.484,0.049,37.84,0.188,0.575,0.852,119.77,8.65,0.08,2.707,39.02,827.36,Medium
4035,Thermograph,Mixed,Thermal Anomaly,6,0.591,0.011,69.96,0.534,0.75,0.765,49.75,4.53,0.091,2.541,59.41,597.86,Medium
4036,C-scan (Pristine with Holes),Pristine,None,6,0.599,0.013,10.96,0.569,0.283,0.389,87.64,8.98,0.038,0.364,38.24,486.58,Medium
4037,C-scan (Pristine with Holes),Pristine,None,6,0.621,0.071,37.12,0.259,0.633,0.235,93.66,7.64,0.05,0.174,36.67,892.56,Medium
4038,C-scan (Pristine with Holes),Pristine,None,2,0.573,0.068,86.8,0.185,0.157,0.5,55.06,14.47,0.018,0.335,35.05,626.14,Medium
4039,C-scan (Pristine with Holes),Pristine,None,6,0.636,0.07,84.25,0.381,0.785,0.493,63.57,11.41,0.038,0.249,50.19,472.71,High
4040,Thermograph,Mixed,Thermal Anomaly,6,0.585,0.056,88.67,0.681,0.339,0.874,86.61,14.97,0.092,1.022,37.14,604.91,Medium
4041,C-scan (Pristine with Holes),Pristine,None,2,0.603,0.015,35.62,0.588,0.143,0.416,87.34,1.45,0.029,0.972,20.22,874.63,Low
4042,C-scan (Pristine with Holes),Pristine,None,3,0.604,0.06,64.59,0.288,0.824,0.457,55.67,10.45,0.03,0.336,40.11,662.08,Medium
4043,C-scan (Pristine with Holes),Pristine,None,2,0.581,0.023,88.96,0.719,0.642,0.601,117.49,14.42,0.047,0.78,25.73,883.2,Low
4044,C-scan (BVID with Holes),Damaged,BVID,5,0.654,0.073,89.13,0.857,0.891,0.431,87.93,12.27,0.182,4.414,20.12,408.65,Low
4045,C-scan (Pristine with Holes),Pristine,None,2,0.463,0.045,18.5,0.685,0.437,0.47,105.68,8.0,0.021,0.108,50.02,407.3,High
4046,C-scan (Pristine with Holes),Pristine,None,2,0.556,0.044,77.01,0.693,0.904,0.72,31.68,5.49,0.014,0.126,58.29,597.31,High
4047,Thermograph,Mixed,None,2,0.631,0.047,36.84,0.34,0.577,0.587,98.92,6.29,0.076,2.277,54.43,811.31,High
4048,C-scan (BVID with Holes),Damaged,BVID,4,0.686,0.037,88.83,0.273,0.901,0.856,69.07,8.21,0.147,2.205,54.52,514.39,Medium
4049,C-scan (BVID with Holes),Damaged,BVID,5,0.579,0.017,52.43,0.989,0.866,0.596,85.95,4.17,0.155,3.255,53.08,656.62,Medium
4050,C-scan (Pristine with Holes),Pristine,None,5,0.681,0.043,18.29,0.365,0.125,0.578,35.58,12.66,0.05,0.436,33.25,868.45,Medium
4051,C-scan (Pristine with Holes),Pristine,None,6,0.584,0.026,12.25,0.223,0.89,0.342,53.82,1.41,0.041,0.489,41.14,492.07,Medium
4052,Thermograph,Mixed,None,3,0.52,0.07,86.27,0.11,0.242,0.544,69.85,2.12,0.118,3.225,26.56,875.94,Low
4053,C-scan (Pristine with Holes),Pristine,None,3,0.625,0.037,15.66,0.924,0.185,0.202,82.84,9.93,0.022,0.78,27.0,466.03,Low
4054,Thermograph,Mixed,None,5,0.559,0.063,62.09,0.971,0.923,0.372,28.61,7.16,0.063,0.69,22.68,430.98,Low
4055,C-scan (Pristine with Holes),Pristine,None,6,0.472,0.053,78.92,0.997,0.586,0.631,34.08,3.05,0.029,0.787,40.21,727.6,Medium
4056,C-scan (Pristine with Holes),Pristine,None,4,0.454,0.034,6.03,0.533,0.221,0.823,66.3,10.76,0.026,0.586,53.15,784.29,High
4057,C-scan (BVID with Holes),Damaged,BVID,6,0.524,0.02,43.41,0.912,0.107,0.645,49.14,11.33,0.105,4.606,56.17,732.78,Medium
4058,C-scan (BVID with Holes),Damaged,BVID,4,0.52,0.053,52.08,0.656,0.584,0.488,72.27,2.76,0.097,4.896,40.16,868.37,Medium
4059,C-scan (BVID with Holes),Damaged,BVID,3,0.697,0.068,18.31,0.134,0.77,0.631,93.78,8.05,0.175,1.692,50.43,420.25,Medium
4060,C-scan (BVID with Holes),Damaged,BVID,2,0.628,0.069,70.96,0.278,0.23,0.314,82.31,14.25,0.097,2.779,29.38,841.36,Low
4061,Thermograph,Mixed,Thermal Anomaly,4,0.657,0.064,62.86,0.472,0.754,0.292,60.88,14.49,0.062,2.909,25.53,423.48,Low
4062,Thermograph,Mixed,None,5,0.475,0.016,20.74,0.777,0.615,0.413,38.19,3.7,0.113,1.606,41.95,745.32,Medium
4063,Thermograph,Mixed,Thermal Anomaly,3,0.534,0.019,89.65,0.253,0.503,0.329,103.05,7.87,0.076,1.356,53.56,775.54,High
4064,C-scan (BVID with Holes),Damaged,BVID,2,0.603,0.035,69.03,0.308,0.168,0.734,47.56,6.21,0.16,2.602,38.86,610.16,Medium
4065,C-scan (Pristine with Holes),Pristine,None,2,0.617,0.07,38.15,0.216,0.862,0.385,73.08,13.54,0.019,0.32,35.36,604.73,Medium
4066,Thermograph,Mixed,Thermal Anomaly,4,0.645,0.023,27.37,0.471,0.571,0.209,110.64,6.31,0.08,0.504,35.57,824.08,Medium
4067,C-scan (BVID with Holes),Damaged,BVID,4,0.63,0.073,0.09,0.414,0.36,0.826,101.55,2.28,0.173,4.996,56.77,852.95,Medium
4068,C-scan (BVID with Holes),Damaged,BVID,6,0.63,0.077,36.8,0.886,0.464,0.781,46.56,13.48,0.135,4.707,51.15,533.56,Medium
4069,Thermograph,Mixed,Thermal Anomaly,4,0.577,0.06,51.29,0.419,0.128,0.396,105.08,8.21,0.061,2.308,24.8,685.7,Low
4070,C-scan (BVID with Holes),Damaged,BVID,2,0.607,0.051,16.15,0.971,0.661,0.87,44.54,12.97,0.141,1.973,59.0,785.13,Medium
4071,C-scan (BVID with Holes),Damaged,BVID,6,0.654,0.076,1.04,0.114,0.423,0.574,112.87,7.38,0.151,2.37,20.38,887.06,Low
4072,Thermograph,Mixed,None,5,0.475,0.027,52.1,0.834,0.227,0.308,65.67,4.82,0.085,0.602,32.54,490.34,Medium
4073,C-scan (Pristine with Holes),Pristine,None,3,0.542,0.03,7.46,0.827,0.955,0.581,51.78,11.51,0.016,0.225,54.47,600.32,High
4074,Thermograph,Mixed,None,3,0.593,0.061,39.56,0.685,0.435,0.894,88.01,5.38,0.064,1.93,37.65,710.58,Medium
4075,Thermograph,Mixed,Thermal Anomaly,4,0.493,0.025,23.97,0.542,0.725,0.482,31.0,8.19,0.091,2.161,55.57,547.99,Medium
4076,C-scan (Pristine with Holes),Pristine,None,6,0.486,0.011,46.2,0.626,0.974,0.403,77.26,6.62,0.034,0.735,21.26,450.99,Low
4077,C-scan (BVID with Holes),Damaged,BVID,3,0.61,0.062,23.94,0.893,0.89,0.826,48.49,8.78,0.094,2.162,46.72,778.81,Medium
4078,Thermograph,Mixed,None,6,0.672,0.032,28.4,0.34,0.347,0.745,83.35,4.65,0.087,0.977,58.39,444.06,Medium
4079,C-scan (Pristine with Holes),Pristine,None,4,0.597,0.074,69.18,0.511,0.87,0.495,89.3,6.3,0.048,0.618,50.37,533.21,High
4080,C-scan (BVID with Holes),Damaged,BVID,4,0.491,0.026,50.76,0.54,0.993,0.523,114.5,14.54,0.13,1.53,39.46,590.61,Medium
4081,C-scan (BVID with Holes),Damaged,BVID,4,0.555,0.072,74.28,0.151,0.819,0.808,42.41,12.47,0.096,1.551,29.6,765.32,Low
4082,Thermograph,Mixed,None,5,0.648,0.074,21.27,0.917,0.666,0.474,74.74,12.22,0.091,2.403,42.81,546.39,Medium
4083,Thermograph,Mixed,Thermal Anomaly,6,0.662,0.063,12.64,0.365,0.143,0.382,75.54,11.14,0.058,0.885,55.01,717.78,High
4084,Thermograph,Mixed,None,3,0.601,0.012,85.25,0.367,0.157,0.44,75.74,9.42,0.091,1.847,42.65,356.7,Medium
4085,C-scan (BVID with Holes),Damaged,BVID,6,0.603,0.036,32.94,0.13,0.995,0.244,102.54,12.26,0.174,1.366,52.81,724.68,Medium
4086,Thermograph,Mixed,Thermal Anomaly,5,0.696,0.027,53.73,0.563,0.222,0.72,106.08,1.82,0.074,2.504,20.28,533.45,Low
4087,C-scan (BVID with Holes),Damaged,BVID,2,0.579,0.07,15.03,0.663,0.462,0.235,117.14,4.18,0.173,3.075,39.63,877.25,Medium
4088,C-scan (BVID with Holes),Damaged,BVID,2,0.686,0.078,67.33,0.347,0.397,0.267,65.24,4.61,0.194,2.247,26.69,508.05,Low
4089,C-scan (BVID with Holes),Damaged,BVID,5,0.504,0.034,46.23,0.546,0.911,0.435,98.34,11.97,0.121,4.45,59.06,775.51,Medium
4090,Thermograph,Mixed,None,2,0.631,0.013,52.36,0.578,0.369,0.668,102.94,10.38,0.128,3.318,51.26,673.52,Medium
4091,C-scan (Pristine with Holes),Pristine,None,3,0.484,0.053,62.36,0.411,0.282,0.75,104.23,1.44,0.043,0.891,27.07,494.94,Low
4092,C-scan (Pristine with Holes),Pristine,None,6,0.455,0.055,81.99,0.251,0.417,0.646,51.86,7.77,0.034,0.45,47.94,358.94,High
4093,C-scan (Pristine with Holes),Pristine,None,3,0.542,0.065,36.75,0.422,0.566,0.308,26.97,7.72,0.024,0.168,47.8,623.6,High
4094,C-scan (BVID with Holes),Damaged,BVID,5,0.652,0.013,19.43,0.587,0.63,0.897,67.73,14.4,0.153,4.848,36.61,463.76,Medium
4095,Thermograph,Mixed,None,6,0.477,0.047,16.25,0.209,0.66,0.358,68.27,14.31,0.078,2.65,41.91,362.5,Medium
4096,Thermograph,Mixed,Thermal Anomaly,5,0.507,0.068,86.55,0.806,0.781,0.728,49.86,0.93,0.137,1.228,49.25,745.35,Medium
4097,Thermograph,Mixed,None,6,0.591,0.063,13.0,0.158,0.489,0.878,33.44,14.95,0.03,3.167,39.16,683.67,Medium
4098,Thermograph,Mixed,None,5,0.498,0.06,81.2,0.725,0.3,0.549,97.12,7.37,0.143,3.061,49.81,827.54,Medium
4099,C-scan (BVID with Holes),Damaged,BVID,2,0.622,0.079,40.37,0.801,0.26,0.764,83.26,12.77,0.081,2.457,43.44,550.49,Medium
4100,C-scan (BVID with Holes),Damaged,BVID,5,0.592,0.055,85.28,0.772,0.175,0.75,117.29,6.13,0.162,3.956,50.52,370.28,Medium
4101,C-scan (Pristine with Holes),Pristine,None,3,0.484,0.015,17.03,0.401,0.267,0.301,27.34,7.47,0.043,0.239,37.58,602.77,Medium
4102,Thermograph,Mixed,None,2,0.553,0.061,42.53,0.525,0.704,0.622,39.8,10.54,0.083,1.799,35.57,395.86,Medium
4103,C-scan (Pristine with Holes),Pristine,None,3,0.569,0.013,78.4,0.1,0.251,0.567,42.37,8.61,0.025,0.692,22.15,588.52,Low
4104,C-scan (BVID with Holes),Damaged,BVID,2,0.554,0.056,14.47,0.598,0.329,0.277,109.7,12.59,0.184,3.569,47.26,479.35,Medium
4105,Thermograph,Mixed,Thermal Anomaly,2,0.561,0.057,0.41,0.194,0.55,0.423,47.57,14.49,0.068,1.568,38.51,827.01,Medium
4106,C-scan (Pristine with Holes),Pristine,None,3,0.661,0.01,19.13,0.745,0.916,0.472,35.82,9.06,0.021,0.724,20.44,632.03,Low
4107,C-scan (BVID with Holes),Damaged,BVID,5,0.587,0.018,15.52,0.135,0.893,0.839,51.22,11.01,0.168,2.356,51.65,450.42,Medium
4108,C-scan (Pristine with Holes),Pristine,None,5,0.487,0.06,1.48,0.847,0.135,0.467,34.44,3.48,0.038,0.324,44.8,493.62,Medium
4109,C-scan (Pristine with Holes),Pristine,None,2,0.692,0.038,8.14,0.581,0.622,0.376,68.53,9.2,0.028,0.849,36.48,412.78,Medium
4110,C-scan (BVID with Holes),Damaged,BVID,3,0.586,0.034,50.39,0.933,0.318,0.663,119.13,2.93,0.091,1.978,50.61,699.31,Medium
4111,C-scan (BVID with Holes),Damaged,BVID,4,0.669,0.04,53.72,0.387,0.432,0.359,91.84,6.36,0.14,3.934,32.16,422.51,Medium
4112,Thermograph,Mixed,None,2,0.593,0.065,42.51,0.935,0.511,0.392,47.69,12.95,0.144,2.457,25.15,840.12,Low
4113,C-scan (BVID with Holes),Damaged,BVID,3,0.631,0.01,40.94,0.348,0.456,0.843,49.36,10.1,0.096,4.358,20.33,727.3,Low
4114,Thermograph,Mixed,Thermal Anomaly,6,0.675,0.059,48.52,0.753,0.782,0.862,94.54,3.02,0.146,1.542,46.69,546.48,Medium
4115,C-scan (Pristine with Holes),Pristine,None,5,0.479,0.056,67.25,0.401,0.111,0.707,106.99,10.36,0.046,0.432,32.27,524.96,Medium
4116,Thermograph,Mixed,Thermal Anomaly,6,0.452,0.074,77.55,0.212,0.307,0.627,29.73,4.02,0.065,2.892,54.47,680.84,High
4117,C-scan (Pristine with Holes),Pristine,None,5,0.548,0.043,86.57,0.813,0.966,0.647,32.58,8.82,0.042,0.664,43.91,584.56,Medium
4118,C-scan (BVID with Holes),Damaged,BVID,6,0.563,0.011,48.38,0.414,0.571,0.732,73.08,4.32,0.12,1.928,22.76,753.86,Low
4119,Thermograph,Mixed,None,2,0.644,0.062,54.93,0.638,0.968,0.9,64.75,8.28,0.131,3.062,58.66,351.96,Medium
4120,C-scan (Pristine with Holes),Pristine,None,5,0.515,0.047,9.49,0.166,0.942,0.222,45.22,6.2,0.042,0.234,23.86,437.57,Low
4121,Thermograph,Mixed,Thermal Anomaly,3,0.567,0.034,76.25,0.978,0.655,0.639,66.35,8.76,0.053,2.652,41.41,627.69,Medium
4122,C-scan (BVID with Holes),Damaged,BVID,3,0.468,0.064,66.78,0.844,0.42,0.207,81.04,3.58,0.139,4.474,49.56,600.85,Medium
4123,C-scan (BVID with Holes),Damaged,BVID,6,0.545,0.067,41.95,0.631,0.561,0.755,73.85,11.07,0.182,4.419,30.54,355.71,Medium
4124,Thermograph,Mixed,Thermal Anomaly,6,0.574,0.03,6.33,0.151,0.67,0.578,102.86,0.87,0.045,2.696,30.6,893.27,Medium
4125,Thermograph,Mixed,Thermal Anomaly,6,0.677,0.057,33.47,0.23,0.255,0.734,71.32,14.67,0.046,2.707,22.63,885.74,Low
4126,C-scan (Pristine with Holes),Pristine,None,3,0.645,0.042,68.49,0.185,0.698,0.522,29.68,0.58,0.041,0.198,58.95,844.16,High
4127,Thermograph,Mixed,None,3,0.581,0.077,19.41,0.111,0.182,0.292,97.83,5.91,0.141,1.781,55.42,626.14,Medium
4128,Thermograph,Mixed,None,4,0.553,0.073,81.44,0.88,0.93,0.802,36.33,2.0,0.073,2.04,59.89,640.02,High
4129,C-scan (BVID with Holes),Damaged,BVID,5,0.488,0.022,58.7,0.692,0.989,0.405,111.6,11.49,0.176,4.401,53.72,740.42,Medium
4130,Thermograph,Mixed,Thermal Anomaly,2,0.585,0.066,56.77,0.94,0.711,0.374,104.01,1.17,0.112,1.785,47.06,354.47,Medium
4131,C-scan (BVID with Holes),Damaged,BVID,4,0.597,0.078,49.82,0.614,0.853,0.524,42.15,2.86,0.113,3.911,22.03,838.71,Low
4132,C-scan (Pristine with Holes),Pristine,None,3,0.494,0.03,31.89,0.901,0.352,0.262,97.9,8.62,0.012,0.256,39.86,397.34,Medium
4133,Thermograph,Mixed,Thermal Anomaly,3,0.537,0.065,8.02,0.719,0.239,0.533,114.61,8.94,0.101,2.055,35.75,847.09,Medium
4134,C-scan (Pristine with Holes),Pristine,None,4,0.512,0.072,45.55,0.842,0.311,0.635,98.58,4.29,0.04,0.195,50.59,579.94,High
4135,C-scan (Pristine with Holes),Pristine,None,3,0.664,0.067,3.52,0.163,0.275,0.666,103.62,5.23,0.026,0.451,48.47,711.39,High
4136,C-scan (Pristine with Holes),Pristine,None,6,0.621,0.068,67.07,0.642,0.698,0.526,111.38,9.69,0.014,0.993,35.07,679.98,Medium
4137,C-scan (Pristine with Holes),Pristine,None,2,0.519,0.023,88.43,0.164,0.249,0.579,109.64,2.22,0.043,0.835,35.41,586.64,Medium
4138,C-scan (BVID with Holes),Damaged,BVID,2,0.686,0.065,14.76,0.683,0.593,0.612,78.93,7.13,0.182,2.219,23.98,356.49,Low
4139,C-scan (Pristine with Holes),Pristine,None,4,0.662,0.024,40.83,0.659,0.932,0.596,111.75,11.28,0.046,0.622,29.8,689.1,Low
4140,C-scan (BVID with Holes),Damaged,BVID,4,0.561,0.059,85.89,0.779,0.311,0.753,35.6,14.13,0.177,3.799,59.57,796.11,Medium
4141,Thermograph,Mixed,None,2,0.663,0.06,50.37,0.43,0.895,0.585,63.78,13.52,0.117,2.284,59.12,659.51,Medium
4142,Thermograph,Mixed,Thermal Anomaly,6,0.578,0.062,43.79,0.956,0.367,0.781,40.62,10.81,0.075,3.301,51.22,706.62,High
4143,Thermograph,Mixed,Thermal Anomaly,2,0.612,0.033,84.72,0.968,0.379,0.551,69.66,2.2,0.086,1.503,26.12,450.16,Low
4144,C-scan (Pristine with Holes),Pristine,None,2,0.609,0.022,5.6,0.902,0.231,0.445,36.66,13.64,0.013,0.433,40.28,449.22,Medium
4145,C-scan (Pristine with Holes),Pristine,None,2,0.476,0.037,4.4,0.149,0.159,0.858,63.41,6.02,0.031,0.345,48.06,695.26,High
4146,C-scan (Pristine with Holes),Pristine,None,6,0.538,0.079,44.0,0.935,0.662,0.71,34.41,6.98,0.04,0.113,22.67,723.59,Low
4147,C-scan (Pristine with Holes),Pristine,None,3,0.668,0.034,6.28,0.594,0.967,0.348,105.77,7.08,0.031,0.166,27.69,758.16,Low
4148,C-scan (BVID with Holes),Damaged,BVID,6,0.475,0.018,29.12,0.651,0.133,0.835,36.24,12.83,0.159,3.573,24.29,674.08,Low
4149,Thermograph,Mixed,Thermal Anomaly,4,0.647,0.061,50.01,0.869,0.23,0.283,87.7,14.72,0.059,3.261,24.43,490.36,Low
4150,C-scan (BVID with Holes),Damaged,BVID,5,0.541,0.046,89.46,0.546,0.76,0.73,56.84,12.52,0.124,1.134,35.94,536.59,Medium
4151,C-scan (BVID with Holes),Damaged,BVID,3,0.693,0.033,87.06,0.52,0.208,0.33,56.91,3.64,0.184,4.422,26.87,745.81,Low
4152,C-scan (Pristine with Holes),Pristine,None,4,0.479,0.039,40.18,0.184,0.599,0.359,26.71,7.06,0.021,0.544,39.79,889.1,Medium
4153,Thermograph,Mixed,None,5,0.596,0.076,65.91,0.412,0.121,0.799,61.81,10.79,0.055,2.038,21.67,597.7,Low
4154,Thermograph,Mixed,Thermal Anomaly,3,0.559,0.012,8.16,0.314,0.249,0.643,82.76,9.64,0.072,2.202,57.13,592.22,High
4155,C-scan (BVID with Holes),Damaged,BVID,4,0.602,0.064,13.69,0.601,0.502,0.65,74.38,5.65,0.152,4.795,58.41,802.89,Medium
4156,Thermograph,Mixed,Thermal Anomaly,4,0.679,0.054,14.12,0.604,0.601,0.656,27.92,3.1,0.044,0.917,38.99,639.7,Medium
4157,C-scan (Pristine with Holes),Pristine,None,6,0.582,0.045,82.25,0.271,0.95,0.64,42.19,14.82,0.01,0.908,21.34,563.86,Low
4158,C-scan (BVID with Holes),Damaged,BVID,2,0.661,0.04,86.33,1.0,0.171,0.732,34.99,10.51,0.184,3.088,21.87,362.84,Low
4159,C-scan (Pristine with Holes),Pristine,None,3,0.585,0.048,41.45,0.31,0.639,0.279,30.15,9.64,0.017,0.337,34.64,447.86,Medium
4160,C-scan (Pristine with Holes),Pristine,None,4,0.621,0.027,49.21,0.933,0.758,0.804,47.08,11.04,0.026,0.8,50.41,823.67,High
4161,C-scan (Pristine with Holes),Pristine,None,2,0.653,0.012,54.57,0.546,0.322,0.396,50.66,12.4,0.013,0.772,32.49,822.02,Medium
4162,C-scan (Pristine with Holes),Pristine,None,5,0.452,0.014,40.32,0.985,0.536,0.427,75.49,5.8,0.023,0.841,22.15,892.17,Low
4163,C-scan (BVID with Holes),Damaged,BVID,5,0.465,0.075,50.11,0.314,0.69,0.43,51.26,5.23,0.154,1.437,30.43,554.87,Medium
4164,Thermograph,Mixed,Thermal Anomaly,6,0.696,0.022,82.23,0.674,0.998,0.733,66.16,12.8,0.07,2.672,40.63,466.02,Medium
4165,C-scan (BVID with Holes),Damaged,BVID,4,0.692,0.057,10.13,0.831,0.328,0.323,35.03,3.75,0.112,1.229,22.99,670.82,Low
4166,C-scan (BVID with Holes),Damaged,BVID,6,0.654,0.034,6.44,0.607,0.733,0.814,68.33,8.6,0.159,1.396,55.79,475.59,Medium
4167,Thermograph,Mixed,None,2,0.493,0.037,18.6,0.391,0.397,0.515,108.92,2.0,0.079,3.032,23.85,740.14,Low
4168,C-scan (Pristine with Holes),Pristine,None,4,0.683,0.067,17.84,0.598,0.686,0.867,113.56,9.7,0.032,0.759,46.7,588.59,High
4169,Thermograph,Mixed,Thermal Anomaly,3,0.54,0.064,75.6,0.611,0.197,0.874,97.0,3.82,0.116,0.928,42.82,564.26,Medium
4170,Thermograph,Mixed,Thermal Anomaly,6,0.49,0.016,63.45,0.887,0.796,0.579,95.7,6.89,0.041,1.529,44.77,558.24,Medium
4171,C-scan (Pristine with Holes),Pristine,None,3,0.528,0.015,64.51,0.879,0.42,0.204,58.71,6.0,0.02,0.176,51.39,740.05,High
4172,C-scan (BVID with Holes),Damaged,BVID,4,0.672,0.024,4.31,0.446,0.794,0.726,75.37,1.58,0.097,2.966,28.33,821.15,Low
4173,C-scan (Pristine with Holes),Pristine,None,6,0.456,0.032,78.03,0.978,0.186,0.532,93.87,4.65,0.043,0.885,51.43,433.64,High
4174,C-scan (Pristine with Holes),Pristine,None,3,0.67,0.012,57.62,0.665,0.844,0.891,48.46,7.96,0.015,0.643,36.49,390.63,Medium
4175,Thermograph,Mixed,None,6,0.604,0.029,6.77,0.3,0.621,0.839,68.9,1.32,0.133,2.6,28.69,542.14,Low
4176,Thermograph,Mixed,None,4,0.577,0.035,27.5,0.342,0.494,0.497,106.89,11.97,0.106,3.303,44.19,504.66,Medium
4177,C-scan (BVID with Holes),Damaged,BVID,5,0.523,0.077,36.55,0.459,0.948,0.688,82.27,3.27,0.111,3.24,58.35,553.47,Medium
4178,C-scan (BVID with Holes),Damaged,BVID,2,0.506,0.045,3.18,0.875,0.754,0.456,89.43,14.81,0.081,4.799,45.55,797.85,Medium
4179,Thermograph,Mixed,Thermal Anomaly,2,0.477,0.055,27.33,0.885,0.798,0.433,55.66,4.73,0.107,2.971,35.37,419.75,Medium
4180,C-scan (Pristine with Holes),Pristine,None,3,0.69,0.049,29.32,0.973,0.541,0.88,119.53,1.9,0.036,0.412,59.09,840.71,High
4181,C-scan (BVID with Holes),Damaged,BVID,4,0.699,0.051,10.59,0.408,0.957,0.429,70.4,2.47,0.148,2.786,26.78,895.57,Low
4182,C-scan (Pristine with Holes),Pristine,None,4,0.498,0.07,78.72,0.632,0.245,0.597,36.06,8.88,0.041,0.928,42.15,731.43,Medium
4183,C-scan (BVID with Holes),Damaged,BVID,3,0.554,0.039,16.06,0.921,0.722,0.726,77.65,5.89,0.167,2.148,20.84,691.71,Low
4184,C-scan (BVID with Holes),Damaged,BVID,2,0.46,0.03,10.54,0.549,0.515,0.729,88.02,5.35,0.158,3.979,30.89,423.38,Medium
4185,C-scan (Pristine with Holes),Pristine,None,6,0.515,0.057,76.55,0.423,0.55,0.552,111.91,0.81,0.029,0.595,35.39,733.24,Medium
4186,C-scan (BVID with Holes),Damaged,BVID,3,0.454,0.06,66.05,0.824,0.682,0.405,51.56,10.77,0.151,3.914,51.48,869.81,Medium
4187,Thermograph,Mixed,Thermal Anomaly,5,0.67,0.014,80.84,0.474,0.337,0.477,107.52,13.1,0.074,2.665,30.52,412.38,Medium
4188,C-scan (Pristine with Holes),Pristine,None,4,0.58,0.045,49.2,0.346,0.462,0.297,38.93,5.64,0.038,0.214,57.31,383.05,High
4189,C-scan (BVID with Holes),Damaged,BVID,4,0.568,0.019,15.58,0.714,0.963,0.296,65.55,11.79,0.187,2.993,44.34,553.6,Medium
4190,C-scan (BVID with Holes),Damaged,BVID,6,0.616,0.052,60.1,0.568,0.722,0.726,100.48,12.85,0.185,2.776,56.14,570.5,Medium
4191,C-scan (Pristine with Holes),Pristine,None,6,0.61,0.079,1.78,0.756,0.471,0.302,38.78,10.34,0.039,0.743,35.97,814.18,Medium
4192,C-scan (Pristine with Holes),Pristine,None,3,0.616,0.063,10.67,0.785,0.576,0.37,45.87,7.33,0.013,0.678,41.33,408.07,Medium
4193,Thermograph,Mixed,Thermal Anomaly,3,0.61,0.022,19.52,0.71,0.705,0.864,87.06,10.36,0.082,1.692,44.37,447.17,Medium
4194,Thermograph,Mixed,Thermal Anomaly,2,0.6,0.031,32.52,0.337,0.371,0.666,79.24,14.01,0.082,2.351,45.51,477.64,Medium
4195,Thermograph,Mixed,Thermal Anomaly,6,0.529,0.029,76.53,0.269,0.48,0.804,51.67,13.38,0.067,3.292,32.94,404.01,Medium
4196,C-scan (Pristine with Holes),Pristine,None,6,0.531,0.057,7.55,0.805,0.368,0.364,46.1,7.56,0.05,0.658,39.57,734.62,Medium
4197,Thermograph,Mixed,Thermal Anomaly,6,0.647,0.028,7.91,0.935,0.506,0.285,31.95,3.37,0.125,3.459,59.88,571.1,Medium
4198,C-scan (BVID with Holes),Damaged,BVID,5,0.658,0.03,67.64,0.596,0.334,0.731,61.08,3.67,0.127,2.77,40.63,865.17,Medium
4199,C-scan (BVID with Holes),Damaged,BVID,6,0.548,0.013,8.76,0.17,0.666,0.391,72.2,2.88,0.117,2.965,32.59,424.68,Medium
4200,C-scan (BVID with Holes),Damaged,BVID,4,0.537,0.023,16.73,0.474,0.721,0.572,75.32,1.06,0.176,4.535,42.4,701.21,Medium
4201,C-scan (BVID with Holes),Damaged,BVID,5,0.649,0.037,65.56,0.434,0.757,0.408,45.68,10.94,0.14,3.675,54.97,601.0,Medium
4202,C-scan (Pristine with Holes),Pristine,None,6,0.625,0.034,74.47,0.681,0.208,0.863,47.38,3.43,0.04,0.448,38.26,368.59,Medium
4203,Thermograph,Mixed,None,5,0.496,0.06,45.43,0.606,0.509,0.898,81.83,6.15,0.07,2.893,35.53,832.78,Medium
4204,C-scan (Pristine with Holes),Pristine,None,3,0.514,0.037,69.14,0.711,0.605,0.861,67.51,8.49,0.032,0.954,45.26,660.68,High
4205,Thermograph,Mixed,Thermal Anomaly,5,0.597,0.078,64.08,0.785,0.37,0.318,78.41,14.24,0.036,2.084,45.0,816.87,Medium
4206,C-scan (Pristine with Holes),Pristine,None,4,0.478,0.036,19.61,0.219,0.18,0.3,81.73,3.68,0.031,0.854,25.61,807.87,Low
4207,C-scan (BVID with Holes),Damaged,BVID,3,0.691,0.016,65.64,0.145,0.584,0.825,43.66,4.79,0.109,4.91,30.19,526.71,Medium
4208,Thermograph,Mixed,None,3,0.688,0.03,14.87,0.171,0.995,0.307,45.79,9.28,0.031,0.735,21.59,574.94,Low
4209,C-scan (Pristine with Holes),Pristine,None,2,0.68,0.038,47.29,0.221,0.235,0.458,100.8,14.91,0.035,0.834,35.33,837.08,Medium
4210,Thermograph,Mixed,None,3,0.566,0.043,27.32,0.285,0.527,0.756,98.86,13.41,0.125,2.288,43.97,713.87,Medium
4211,C-scan (BVID with Holes),Damaged,BVID,4,0.629,0.056,26.5,0.9,0.84,0.212,49.22,9.27,0.122,3.142,52.85,857.18,Medium
4212,Thermograph,Mixed,None,5,0.472,0.045,31.94,0.54,0.399,0.206,75.72,10.09,0.103,1.274,30.04,456.76,Medium
4213,C-scan (BVID with Holes),Damaged,BVID,5,0.64,0.076,8.54,0.866,0.739,0.366,43.71,3.06,0.159,4.9,31.98,582.45,Medium
4214,C-scan (Pristine with Holes),Pristine,None,5,0.516,0.022,84.8,0.734,0.991,0.448,56.71,7.42,0.027,0.216,48.08,380.86,High
4215,Thermograph,Mixed,Thermal Anomaly,5,0.493,0.059,53.07,0.347,0.448,0.534,71.77,0.98,0.033,1.924,20.61,630.68,Low
4216,C-scan (Pristine with Holes),Pristine,None,2,0.693,0.02,23.79,0.132,0.589,0.243,61.52,2.99,0.049,0.119,50.48,366.9,High
4217,C-scan (Pristine with Holes),Pristine,None,3,0.59,0.052,39.57,0.969,0.31,0.581,49.11,2.41,0.043,0.921,27.79,528.57,Low
4218,Thermograph,Mixed,None,6,0.471,0.014,51.56,0.202,0.387,0.319,57.94,2.29,0.033,2.617,45.21,526.96,High
4219,Thermograph,Mixed,None,6,0.665,0.066,50.78,0.507,0.127,0.446,67.67,2.38,0.126,0.524,39.08,545.39,Medium
4220,Thermograph,Mixed,Thermal Anomaly,5,0.613,0.054,45.19,0.671,0.934,0.305,95.11,8.86,0.099,2.487,45.18,535.48,Medium
4221,C-scan (Pristine with Holes),Pristine,None,5,0.53,0.018,69.73,0.435,0.784,0.322,79.47,9.54,0.037,0.409,28.86,552.72,Low
4222,Thermograph,Mixed,Thermal Anomaly,2,0.517,0.039,57.54,0.85,0.693,0.65,83.73,12.69,0.122,2.739,39.31,760.34,Medium
4223,Thermograph,Mixed,Thermal Anomaly,4,0.651,0.055,38.82,0.488,0.364,0.704,46.71,14.45,0.12,1.465,58.19,661.55,Medium
4224,C-scan (Pristine with Holes),Pristine,None,3,0.482,0.039,88.97,0.331,0.289,0.71,47.8,9.14,0.011,0.607,52.67,802.17,High
4225,C-scan (Pristine with Holes),Pristine,None,2,0.478,0.079,9.5,0.371,0.665,0.506,29.12,4.59,0.04,0.183,49.37,842.59,High
4226,C-scan (Pristine with Holes),Pristine,None,3,0.574,0.052,50.06,0.392,0.288,0.527,103.64,12.37,0.032,0.396,22.85,747.81,Low
4227,Thermograph,Mixed,None,4,0.641,0.026,49.66,0.381,0.64,0.81,70.82,7.23,0.142,1.946,30.94,564.29,Medium
4228,C-scan (BVID with Holes),Damaged,BVID,3,0.596,0.058,28.16,0.515,0.594,0.679,57.91,9.37,0.115,4.59,43.2,796.74,Medium
4229,C-scan (BVID with Holes),Damaged,BVID,4,0.627,0.059,24.99,0.986,0.919,0.456,111.65,11.78,0.181,1.64,30.9,626.12,Medium
4230,C-scan (BVID with Holes),Damaged,BVID,4,0.477,0.066,23.21,0.319,0.647,0.563,58.28,13.39,0.174,3.468,47.64,389.68,Medium
4231,Thermograph,Mixed,None,5,0.69,0.069,50.06,0.194,0.723,0.577,113.85,3.47,0.041,2.725,53.23,642.11,High
4232,Thermograph,Mixed,None,6,0.593,0.031,89.75,0.745,0.202,0.767,41.65,4.3,0.057,0.947,22.45,554.79,Low
4233,C-scan (BVID with Holes),Damaged,BVID,6,0.553,0.073,14.64,0.896,0.224,0.662,38.62,13.09,0.171,1.494,58.41,818.17,Medium
4234,C-scan (Pristine with Holes),Pristine,None,5,0.555,0.074,43.29,0.655,0.874,0.375,65.53,4.05,0.045,0.968,52.02,736.98,High
4235,C-scan (Pristine with Holes),Pristine,None,4,0.544,0.036,84.49,0.167,0.153,0.532,41.51,11.76,0.046,0.375,21.45,790.69,Low
4236,Thermograph,Mixed,Thermal Anomaly,4,0.649,0.02,89.94,0.457,0.267,0.859,112.06,10.26,0.041,1.971,43.05,491.29,Medium
4237,C-scan (Pristine with Holes),Pristine,None,5,0.673,0.07,49.99,0.14,0.998,0.542,26.85,0.64,0.037,0.139,39.7,736.48,Medium
4238,C-scan (BVID with Holes),Damaged,BVID,3,0.483,0.075,12.31,0.322,0.923,0.445,110.88,9.01,0.131,3.882,45.11,605.79,Medium
4239,C-scan (Pristine with Holes),Pristine,None,6,0.537,0.058,36.9,0.998,0.419,0.615,95.59,4.77,0.046,0.108,24.48,596.31,Low
4240,Thermograph,Mixed,None,5,0.493,0.075,42.49,0.349,0.76,0.711,86.49,8.41,0.114,1.834,24.8,548.98,Low
4241,Thermograph,Mixed,None,6,0.607,0.057,55.56,0.126,0.584,0.474,109.18,10.68,0.04,1.796,38.62,366.16,Medium
4242,Thermograph,Mixed,Thermal Anomaly,4,0.614,0.012,32.99,0.104,0.833,0.777,83.83,12.6,0.12,1.547,55.41,536.88,Medium
4243,C-scan (BVID with Holes),Damaged,BVID,6,0.648,0.026,5.55,0.216,0.395,0.544,102.64,3.12,0.099,3.776,28.51,570.77,Low
4244,C-scan (BVID with Holes),Damaged,BVID,5,0.67,0.055,47.3,0.332,0.471,0.704,50.87,2.92,0.119,4.498,52.89,885.22,Medium
4245,Thermograph,Mixed,None,4,0.662,0.067,84.54,0.368,0.81,0.709,43.16,12.45,0.09,1.03,37.63,858.83,Medium
4246,Thermograph,Mixed,None,5,0.612,0.051,27.0,0.58,0.363,0.736,110.87,3.01,0.09,0.526,59.44,384.64,Medium
4247,C-scan (BVID with Holes),Damaged,BVID,6,0.631,0.028,36.03,0.374,0.689,0.487,43.85,10.37,0.152,1.775,54.83,720.24,Medium
4248,Thermograph,Mixed,None,3,0.534,0.03,78.27,0.665,0.736,0.358,53.63,9.21,0.031,0.55,49.44,416.05,High
4249,C-scan (Pristine with Holes),Pristine,None,6,0.633,0.055,74.98,0.372,0.461,0.699,38.76,4.15,0.018,0.971,55.0,832.58,High
4250,Thermograph,Mixed,None,4,0.454,0.051,20.89,0.187,0.918,0.527,64.09,2.99,0.076,2.087,25.14,372.81,Low
4251,C-scan (Pristine with Holes),Pristine,None,3,0.525,0.044,16.97,0.875,0.676,0.308,61.47,1.66,0.013,0.649,53.16,367.08,High
4252,C-scan (Pristine with Holes),Pristine,None,6,0.687,0.072,29.24,0.609,0.611,0.388,118.87,13.78,0.048,0.108,55.71,459.8,High
4253,C-scan (Pristine with Holes),Pristine,None,4,0.563,0.025,25.58,0.692,0.509,0.644,59.52,9.2,0.041,0.212,32.48,888.85,Medium
4254,C-scan (Pristine with Holes),Pristine,None,5,0.611,0.08,32.29,0.519,0.979,0.879,109.43,11.93,0.014,0.375,34.63,438.45,Medium
4255,C-scan (Pristine with Holes),Pristine,None,6,0.644,0.029,73.25,0.624,0.423,0.502,77.51,3.99,0.042,0.318,37.14,460.75,Medium
4256,Thermograph,Mixed,Thermal Anomaly,5,0.654,0.044,54.03,0.75,0.2,0.276,61.97,13.44,0.07,1.943,31.73,475.63,Medium
4257,C-scan (BVID with Holes),Damaged,BVID,6,0.611,0.049,55.26,0.571,0.513,0.315,70.17,9.04,0.112,3.859,22.94,609.54,Low
4258,C-scan (BVID with Holes),Damaged,BVID,4,0.657,0.05,64.77,0.63,0.28,0.453,66.18,14.58,0.172,3.321,41.18,710.84,Medium
4259,C-scan (BVID with Holes),Damaged,BVID,5,0.614,0.049,33.52,0.54,0.214,0.885,103.68,6.11,0.133,2.194,48.09,643.18,Medium
4260,Thermograph,Mixed,Thermal Anomaly,2,0.45,0.02,10.93,0.644,0.229,0.224,64.2,11.82,0.063,1.412,29.63,485.07,Low
4261,C-scan (Pristine with Holes),Pristine,None,6,0.558,0.028,48.46,0.288,0.312,0.244,116.03,7.11,0.026,0.14,58.82,820.92,High
4262,C-scan (BVID with Holes),Damaged,BVID,3,0.593,0.054,41.5,0.575,0.196,0.546,38.21,8.6,0.141,3.235,34.97,658.04,Medium
4263,C-scan (Pristine with Holes),Pristine,None,2,0.526,0.043,56.76,0.758,0.688,0.465,35.3,11.73,0.049,0.603,57.71,455.29,High
4264,C-scan (Pristine with Holes),Pristine,None,3,0.669,0.056,60.18,0.192,0.377,0.697,92.6,13.71,0.027,0.404,44.94,735.27,Medium
4265,C-scan (BVID with Holes),Damaged,BVID,3,0.617,0.012,81.04,0.826,0.996,0.691,102.46,9.6,0.151,4.256,45.75,561.63,Medium
4266,Thermograph,Mixed,None,5,0.454,0.068,0.83,0.553,0.749,0.846,46.18,9.72,0.15,0.565,22.59,450.49,Low
4267,Thermograph,Mixed,Thermal Anomaly,3,0.497,0.028,63.55,0.702,0.394,0.235,79.28,10.88,0.062,3.446,40.49,620.59,Medium
4268,C-scan (Pristine with Holes),Pristine,None,4,0.519,0.07,51.19,0.882,0.669,0.501,46.71,10.65,0.041,0.821,35.19,844.25,Medium
4269,C-scan (Pristine with Holes),Pristine,None,4,0.692,0.043,59.65,0.73,0.123,0.244,40.07,6.84,0.043,0.172,29.17,684.1,Low
4270,C-scan (BVID with Holes),Damaged,BVID,5,0.693,0.04,88.49,0.336,0.807,0.211,110.64,13.22,0.141,1.803,58.01,794.66,Medium
4271,Thermograph,Mixed,None,6,0.486,0.046,3.33,0.769,0.709,0.434,55.59,8.57,0.05,1.427,37.64,695.86,Medium
4272,Thermograph,Mixed,None,3,0.519,0.078,89.65,0.461,0.434,0.745,59.22,7.24,0.1,1.049,27.35,814.05,Low
4273,C-scan (BVID with Holes),Damaged,BVID,6,0.462,0.033,50.69,0.551,0.295,0.209,39.59,14.88,0.121,2.546,50.7,426.49,Medium
4274,C-scan (BVID with Holes),Damaged,BVID,6,0.688,0.012,76.76,0.31,0.246,0.273,31.29,11.96,0.154,1.612,35.38,818.22,Medium
4275,C-scan (BVID with Holes),Damaged,BVID,3,0.584,0.07,54.45,0.475,0.556,0.423,96.46,10.37,0.109,4.814,22.58,627.96,Low
4276,C-scan (Pristine with Holes),Pristine,None,3,0.684,0.019,45.19,0.13,0.47,0.397,64.76,12.48,0.041,0.941,42.92,815.03,Medium
4277,C-scan (Pristine with Holes),Pristine,None,2,0.576,0.05,84.08,0.313,1.0,0.251,30.93,5.85,0.034,0.477,46.12,555.9,High
4278,C-scan (BVID with Holes),Damaged,BVID,3,0.495,0.014,11.57,0.428,0.385,0.825,27.86,8.79,0.095,2.996,34.11,763.81,Medium
4279,C-scan (BVID with Holes),Damaged,BVID,5,0.62,0.023,21.74,0.98,0.41,0.355,84.64,14.34,0.097,4.523,38.08,815.79,Medium
4280,C-scan (Pristine with Holes),Pristine,None,6,0.531,0.017,79.16,0.974,0.632,0.701,95.88,12.5,0.019,0.78,47.18,899.1,High
4281,C-scan (BVID with Holes),Damaged,BVID,3,0.483,0.055,1.07,0.366,0.839,0.237,46.74,10.28,0.178,1.456,57.33,787.9,Medium
4282,C-scan (Pristine with Holes),Pristine,None,2,0.656,0.058,86.65,0.397,0.835,0.564,71.74,7.96,0.011,0.398,49.74,407.81,High
4283,C-scan (BVID with Holes),Damaged,BVID,4,0.46,0.025,9.8,0.151,0.563,0.688,92.23,12.94,0.096,1.95,32.88,662.21,Medium
4284,C-scan (Pristine with Holes),Pristine,None,4,0.645,0.032,88.7,0.133,0.882,0.558,82.06,7.0,0.029,0.825,57.33,547.12,High
4285,C-scan (Pristine with Holes),Pristine,None,3,0.526,0.026,26.21,0.897,0.439,0.329,49.77,14.05,0.011,0.26,50.03,546.68,High
4286,Thermograph,Mixed,Thermal Anomaly,5,0.46,0.018,19.77,0.849,0.74,0.651,75.32,11.57,0.044,2.784,35.35,699.41,Medium
4287,C-scan (BVID with Holes),Damaged,BVID,3,0.462,0.054,51.44,0.531,0.537,0.88,96.65,4.98,0.122,4.824,25.61,423.27,Low
4288,C-scan (BVID with Holes),Damaged,BVID,4,0.584,0.052,21.55,0.844,0.163,0.586,84.1,1.51,0.149,1.291,47.29,580.63,Medium
4289,Thermograph,Mixed,Thermal Anomaly,5,0.65,0.069,24.38,0.701,0.178,0.329,69.34,5.64,0.091,3.06,53.7,350.69,Medium
4290,Thermograph,Mixed,None,2,0.586,0.043,69.82,0.957,0.809,0.201,86.24,6.22,0.133,1.951,59.64,786.9,Medium
4291,Thermograph,Mixed,None,2,0.561,0.021,2.82,0.377,0.698,0.813,105.57,5.2,0.039,0.907,29.6,528.09,Low
4292,C-scan (BVID with Holes),Damaged,BVID,6,0.535,0.061,75.53,0.219,0.602,0.416,94.45,4.08,0.199,4.476,41.63,471.63,Medium
4293,C-scan (Pristine with Holes),Pristine,None,5,0.551,0.057,48.65,0.757,0.851,0.511,97.34,1.58,0.024,0.403,58.85,783.86,High
4294,C-scan (Pristine with Holes),Pristine,None,4,0.462,0.034,27.48,0.974,0.978,0.709,33.94,5.01,0.027,0.397,20.06,727.77,Low
4295,C-scan (BVID with Holes),Damaged,BVID,5,0.69,0.032,20.81,0.306,0.373,0.48,36.04,8.93,0.093,1.738,51.01,386.76,Medium
4296,Thermograph,Mixed,None,6,0.67,0.035,53.12,0.424,0.717,0.377,39.82,3.78,0.15,3.133,40.52,687.62,Medium
4297,Thermograph,Mixed,Thermal Anomaly,5,0.653,0.079,73.68,0.745,0.211,0.357,98.35,4.16,0.138,2.787,25.67,399.79,Low
4298,Thermograph,Mixed,None,2,0.5,0.026,69.77,0.906,0.146,0.56,31.17,0.71,0.143,2.506,49.45,751.44,Medium
4299,Thermograph,Mixed,None,5,0.635,0.025,25.22,0.465,0.168,0.216,54.16,0.74,0.125,2.962,45.29,584.94,Medium
4300,Thermograph,Mixed,Thermal Anomaly,5,0.526,0.026,16.52,0.396,0.112,0.776,79.6,1.24,0.084,0.992,37.24,771.81,Medium
4301,C-scan (BVID with Holes),Damaged,BVID,5,0.582,0.073,67.93,0.344,0.172,0.541,55.73,4.06,0.121,2.315,35.87,519.53,Medium
4302,Thermograph,Mixed,None,3,0.544,0.074,37.78,0.951,0.776,0.887,43.69,11.73,0.073,3.419,36.47,480.11,Medium
4303,Thermograph,Mixed,None,5,0.548,0.075,60.52,0.53,0.386,0.796,53.91,3.56,0.044,2.939,20.54,706.98,Low
4304,C-scan (Pristine with Holes),Pristine,None,4,0.457,0.011,26.9,0.668,0.525,0.899,78.52,7.17,0.013,0.638,36.15,872.59,Medium
4305,Thermograph,Mixed,Thermal Anomaly,2,0.691,0.017,81.27,0.297,0.102,0.508,92.37,10.32,0.083,2.362,21.76,491.95,Low
4306,Thermograph,Mixed,Thermal Anomaly,6,0.563,0.048,26.3,0.535,0.178,0.802,69.99,9.59,0.103,0.537,31.61,831.76,Medium
4307,C-scan (BVID with Holes),Damaged,BVID,4,0.673,0.03,7.77,0.995,0.289,0.724,74.73,12.81,0.187,4.87,26.96,354.94,Low
4308,C-scan (Pristine with Holes),Pristine,None,4,0.546,0.046,7.15,0.434,0.631,0.672,56.84,6.47,0.011,0.231,41.76,428.17,Medium
4309,Thermograph,Mixed,Thermal Anomaly,6,0.575,0.062,65.11,0.887,0.973,0.653,115.29,5.57,0.082,2.973,35.27,416.48,Medium
4310,Thermograph,Mixed,None,5,0.483,0.048,81.35,0.315,0.659,0.441,25.39,10.48,0.08,3.349,30.83,411.4,Medium
4311,C-scan (Pristine with Holes),Pristine,None,5,0.531,0.028,12.16,0.782,0.625,0.403,56.37,11.18,0.036,0.629,57.18,379.57,High
4312,C-scan (BVID with Holes),Damaged,BVID,6,0.586,0.038,16.91,0.974,0.441,0.578,107.75,1.12,0.123,3.104,48.74,808.83,Medium
4313,Thermograph,Mixed,None,6,0.639,0.02,34.19,0.901,0.769,0.732,78.38,11.49,0.039,2.814,35.9,582.0,Medium
4314,C-scan (Pristine with Holes),Pristine,None,4,0.521,0.021,48.08,0.592,0.864,0.285,117.0,9.21,0.03,0.114,39.97,779.29,Medium
4315,C-scan (Pristine with Holes),Pristine,None,4,0.483,0.019,73.82,0.493,0.217,0.884,64.93,1.77,0.04,0.726,22.3,590.46,Low
4316,Thermograph,Mixed,None,2,0.681,0.078,33.01,0.834,0.497,0.807,77.35,8.96,0.11,2.771,39.13,506.15,Medium
4317,C-scan (Pristine with Holes),Pristine,None,3,0.642,0.073,51.38,0.746,0.621,0.516,82.1,7.51,0.039,0.541,58.83,752.72,High
4318,C-scan (BVID with Holes),Damaged,BVID,2,0.54,0.022,15.18,0.801,0.153,0.36,51.04,0.94,0.165,4.535,21.16,726.87,Low
4319,C-scan (Pristine with Holes),Pristine,None,4,0.612,0.062,88.69,0.721,0.236,0.547,37.92,11.35,0.042,0.817,22.2,512.97,Low
4320,Thermograph,Mixed,None,3,0.532,0.024,56.7,0.868,0.236,0.88,76.15,14.83,0.101,2.518,31.7,544.87,Medium
4321,C-scan (Pristine with Holes),Pristine,None,2,0.635,0.059,42.9,0.509,0.339,0.335,40.23,8.28,0.02,0.364,22.67,554.38,Low
4322,C-scan (BVID with Holes),Damaged,BVID,3,0.508,0.044,61.78,0.26,0.775,0.462,117.44,9.54,0.166,3.26,39.04,552.98,Medium
4323,C-scan (BVID with Holes),Damaged,BVID,6,0.525,0.023,4.17,0.134,0.364,0.705,108.03,4.65,0.185,3.023,47.76,365.91,Medium
4324,Thermograph,Mixed,None,2,0.487,0.017,1.8,0.69,0.428,0.702,118.95,11.43,0.04,0.762,35.89,852.87,Medium
4325,C-scan (Pristine with Holes),Pristine,None,6,0.632,0.066,79.1,0.379,0.215,0.593,81.39,5.43,0.046,0.76,49.96,628.89,High
4326,Thermograph,Mixed,None,4,0.679,0.073,26.62,0.758,0.149,0.547,54.49,8.4,0.114,2.627,59.41,575.12,Medium
4327,Thermograph,Mixed,None,4,0.593,0.027,67.49,0.321,0.599,0.546,49.95,10.36,0.082,0.556,22.32,407.46,Low
4328,Thermograph,Mixed,None,5,0.694,0.03,73.72,0.884,0.652,0.847,106.13,14.94,0.144,1.525,25.65,745.96,Low
4329,Thermograph,Mixed,Thermal Anomaly,6,0.643,0.063,14.35,0.164,0.381,0.736,29.38,11.45,0.093,3.232,58.0,482.85,Medium
4330,Thermograph,Mixed,None,6,0.639,0.032,66.17,0.902,0.551,0.617,88.8,13.42,0.114,2.022,31.57,842.37,Medium
4331,C-scan (BVID with Holes),Damaged,BVID,5,0.455,0.079,89.61,0.102,0.765,0.719,115.97,1.31,0.191,1.708,56.05,745.57,Medium
4332,Thermograph,Mixed,None,5,0.468,0.012,81.25,0.474,0.8,0.818,107.78,4.47,0.08,2.884,57.0,618.19,Medium
4333,C-scan (BVID with Holes),Damaged,BVID,2,0.503,0.052,25.51,0.815,0.818,0.803,80.58,6.69,0.11,2.277,31.19,585.16,Medium
4334,Thermograph,Mixed,None,3,0.453,0.066,69.27,0.209,0.811,0.52,48.77,4.49,0.068,2.157,38.0,431.74,Medium
4335,C-scan (Pristine with Holes),Pristine,None,3,0.69,0.038,46.52,0.276,0.395,0.532,77.21,10.72,0.046,0.468,24.96,846.87,Low
4336,C-scan (Pristine with Holes),Pristine,None,3,0.538,0.021,69.47,0.481,0.864,0.639,66.9,5.79,0.045,0.449,48.03,546.38,High
4337,C-scan (BVID with Holes),Damaged,BVID,3,0.564,0.064,18.85,0.125,0.628,0.214,56.17,0.91,0.17,4.082,30.72,572.98,Medium
4338,C-scan (BVID with Holes),Damaged,BVID,2,0.516,0.032,0.74,0.143,0.265,0.627,41.29,2.69,0.166,2.097,47.14,828.43,Medium
4339,C-scan (BVID with Holes),Damaged,BVID,4,0.562,0.023,22.74,0.559,0.667,0.354,66.73,1.8,0.145,4.169,27.52,886.21,Low
4340,C-scan (Pristine with Holes),Pristine,None,2,0.507,0.071,36.41,0.764,0.791,0.543,92.19,13.1,0.04,0.169,27.15,604.52,Low
4341,C-scan (Pristine with Holes),Pristine,None,5,0.666,0.075,79.51,0.728,0.28,0.678,75.93,11.2,0.025,0.966,47.88,526.87,High
4342,Thermograph,Mixed,Thermal Anomaly,5,0.535,0.062,61.18,0.22,0.26,0.754,103.16,8.71,0.036,2.725,31.21,640.69,Medium
4343,C-scan (BVID with Holes),Damaged,BVID,6,0.491,0.019,22.64,0.773,0.392,0.533,102.71,8.54,0.19,3.234,27.88,470.97,Low
4344,C-scan (Pristine with Holes),Pristine,None,6,0.466,0.045,61.07,0.987,0.653,0.429,108.15,5.6,0.012,0.754,49.58,565.19,High
4345,C-scan (BVID with Holes),Damaged,BVID,2,0.634,0.037,82.69,0.872,0.959,0.253,119.22,7.13,0.13,2.113,22.73,778.48,Low
4346,Thermograph,Mixed,Thermal Anomaly,5,0.694,0.055,73.77,0.706,0.761,0.587,80.48,7.44,0.11,1.625,46.8,391.03,Medium
4347,C-scan (BVID with Holes),Damaged,BVID,4,0.627,0.048,73.13,0.35,0.272,0.24,81.26,11.02,0.089,3.925,49.5,696.12,Medium
4348,C-scan (Pristine with Holes),Pristine,None,6,0.46,0.078,15.2,0.216,0.834,0.367,113.41,12.15,0.024,0.678,20.45,793.23,Low
4349,C-scan (Pristine with Holes),Pristine,None,3,0.473,0.064,79.13,0.841,0.949,0.693,76.12,14.52,0.042,0.964,48.66,541.46,High
4350,Thermograph,Mixed,None,6,0.609,0.019,18.75,0.379,0.593,0.385,91.32,0.69,0.095,1.451,36.62,438.05,Medium
4351,C-scan (BVID with Holes),Damaged,BVID,6,0.631,0.033,10.81,0.865,0.968,0.855,96.46,3.72,0.149,4.63,56.68,474.79,Medium
4352,C-scan (Pristine with Holes),Pristine,None,2,0.534,0.029,42.57,0.137,0.682,0.29,56.41,13.04,0.014,0.166,51.36,610.89,High
4353,Thermograph,Mixed,None,4,0.691,0.037,57.77,0.715,0.244,0.859,114.6,7.09,0.128,2.778,42.87,413.04,Medium
4354,C-scan (BVID with Holes),Damaged,BVID,6,0.689,0.055,21.44,0.79,0.561,0.706,67.52,11.27,0.112,3.135,59.75,596.78,Medium
4355,Thermograph,Mixed,None,5,0.521,0.046,71.02,0.734,0.665,0.356,62.49,8.29,0.139,3.131,59.63,500.42,Medium
4356,C-scan (Pristine with Holes),Pristine,None,5,0.47,0.01,15.81,0.327,0.196,0.347,112.64,9.43,0.035,0.411,35.91,817.49,Medium
4357,C-scan (BVID with Holes),Damaged,BVID,6,0.639,0.075,70.69,0.794,0.464,0.522,60.77,2.19,0.097,3.08,25.81,350.69,Low
4358,C-scan (Pristine with Holes),Pristine,None,3,0.694,0.067,55.36,0.996,0.129,0.717,77.94,9.84,0.04,0.898,59.26,852.33,High
4359,C-scan (BVID with Holes),Damaged,BVID,4,0.491,0.037,23.74,0.662,0.235,0.643,88.96,2.68,0.143,3.777,50.85,595.63,Medium
4360,C-scan (BVID with Holes),Damaged,BVID,5,0.47,0.074,18.43,0.374,0.552,0.314,86.99,4.49,0.136,3.708,40.0,352.82,Medium
4361,Thermograph,Mixed,None,2,0.657,0.027,60.68,0.822,0.569,0.856,59.91,0.89,0.129,1.782,39.17,672.72,Medium
4362,C-scan (BVID with Holes),Damaged,BVID,2,0.655,0.024,70.6,0.349,0.707,0.4,33.53,8.67,0.096,2.962,42.0,623.16,Medium
4363,C-scan (Pristine with Holes),Pristine,None,4,0.454,0.06,14.27,0.635,0.628,0.628,59.26,6.15,0.04,0.14,34.6,734.85,Medium
4364,C-scan (Pristine with Holes),Pristine,None,4,0.687,0.023,20.52,0.431,0.794,0.221,83.36,1.81,0.043,0.326,37.61,706.01,Medium
4365,C-scan (BVID with Holes),Damaged,BVID,2,0.478,0.079,6.25,0.359,0.375,0.838,113.1,6.26,0.111,1.968,58.13,815.94,Medium
4366,C-scan (BVID with Holes),Damaged,BVID,4,0.582,0.029,62.08,0.158,0.8,0.89,102.92,5.0,0.164,4.41,58.55,764.16,Medium
4367,C-scan (BVID with Holes),Damaged,BVID,4,0.566,0.015,0.31,0.912,0.923,0.642,69.6,14.7,0.145,4.793,26.81,881.01,Low
4368,Thermograph,Mixed,None,2,0.694,0.054,38.05,0.707,0.459,0.832,46.33,11.95,0.145,1.54,36.48,837.12,Medium
4369,C-scan (BVID with Holes),Damaged,BVID,6,0.535,0.057,26.03,0.625,0.611,0.585,27.31,3.8,0.099,2.044,58.45,702.68,Medium
4370,C-scan (Pristine with Holes),Pristine,None,5,0.542,0.041,21.39,0.994,0.819,0.861,87.0,3.51,0.017,0.63,53.12,599.1,High
4371,C-scan (BVID with Holes),Damaged,BVID,3,0.662,0.061,14.35,0.556,0.215,0.698,89.17,10.82,0.193,3.658,47.46,707.68,Medium
4372,Thermograph,Mixed,Thermal Anomaly,5,0.54,0.028,45.05,0.482,0.596,0.267,77.94,11.06,0.139,1.059,41.87,894.14,Medium
4373,Thermograph,Mixed,Thermal Anomaly,6,0.585,0.012,40.86,0.903,0.853,0.656,51.82,5.49,0.077,1.314,25.85,378.49,Low
4374,Thermograph,Mixed,None,6,0.624,0.048,47.22,0.49,0.481,0.371,118.92,10.73,0.094,3.083,38.94,370.81,Medium
4375,C-scan (Pristine with Holes),Pristine,None,3,0.655,0.024,7.15,0.585,0.883,0.704,119.57,1.8,0.024,0.57,30.81,596.0,Medium
4376,Thermograph,Mixed,Thermal Anomaly,3,0.526,0.014,12.7,0.174,0.358,0.541,52.42,1.29,0.11,2.98,50.22,357.13,Medium
4377,Thermograph,Mixed,Thermal Anomaly,4,0.542,0.04,80.08,0.748,0.177,0.212,119.12,2.13,0.093,1.316,55.61,749.61,Medium
4378,Thermograph,Mixed,Thermal Anomaly,4,0.487,0.071,50.34,0.135,0.629,0.764,51.37,10.74,0.042,1.12,48.3,400.89,High
4379,Thermograph,Mixed,None,4,0.611,0.047,82.69,0.406,0.991,0.573,48.53,7.49,0.033,1.37,41.19,578.22,Medium
4380,C-scan (Pristine with Holes),Pristine,None,3,0.488,0.068,30.63,0.136,0.359,0.806,109.39,7.94,0.05,0.525,37.13,487.72,Medium
4381,C-scan (BVID with Holes),Damaged,BVID,5,0.545,0.052,8.46,0.723,0.854,0.702,52.21,5.51,0.113,2.076,33.09,821.27,Medium
4382,C-scan (Pristine with Holes),Pristine,None,3,0.522,0.077,73.98,0.322,0.245,0.888,31.84,3.04,0.048,0.769,48.76,804.63,High
4383,Thermograph,Mixed,Thermal Anomaly,6,0.654,0.033,65.21,0.832,0.73,0.261,112.52,8.9,0.056,1.123,23.7,518.42,Low
4384,Thermograph,Mixed,None,3,0.66,0.066,3.8,0.379,0.474,0.356,39.66,1.29,0.049,1.388,23.78,865.86,Low
4385,C-scan (BVID with Holes),Damaged,BVID,4,0.474,0.055,31.38,0.353,0.266,0.874,28.59,13.62,0.195,2.713,57.12,874.35,Medium
4386,C-scan (Pristine with Holes),Pristine,None,6,0.569,0.067,9.85,0.725,0.946,0.486,27.07,4.17,0.043,0.286,25.78,681.1,Low
4387,C-scan (Pristine with Holes),Pristine,None,2,0.65,0.03,34.61,0.667,0.869,0.829,119.57,4.03,0.043,0.824,59.98,487.63,High
4388,C-scan (Pristine with Holes),Pristine,None,5,0.507,0.045,85.45,0.745,0.686,0.613,106.91,5.88,0.023,0.232,27.95,383.33,Low
4389,C-scan (Pristine with Holes),Pristine,None,4,0.604,0.019,65.48,0.675,0.71,0.219,108.78,12.82,0.042,0.277,28.21,402.3,Low
4390,Thermograph,Mixed,None,4,0.653,0.011,4.16,0.381,0.647,0.231,55.99,11.26,0.117,1.308,49.69,590.56,Medium
4391,C-scan (BVID with Holes),Damaged,BVID,3,0.54,0.03,62.61,0.26,0.91,0.311,76.17,10.92,0.096,4.971,26.12,494.84,Low
4392,Thermograph,Mixed,None,4,0.553,0.051,56.36,0.819,0.189,0.491,112.72,12.0,0.068,3.207,22.28,682.5,Low
4393,Thermograph,Mixed,Thermal Anomaly,5,0.611,0.027,40.2,0.928,0.229,0.775,78.96,2.97,0.133,2.08,47.76,504.87,Medium
4394,C-scan (Pristine with Holes),Pristine,None,5,0.634,0.051,19.22,0.13,0.505,0.417,68.9,2.48,0.046,0.633,32.16,736.97,Medium
4395,C-scan (Pristine with Holes),Pristine,None,3,0.519,0.06,16.01,0.723,0.842,0.671,26.42,10.67,0.035,0.342,21.42,589.5,Low
4396,C-scan (Pristine with Holes),Pristine,None,2,0.693,0.058,25.19,0.511,0.267,0.709,60.51,13.96,0.022,0.227,34.21,722.18,Medium
4397,C-scan (BVID with Holes),Damaged,BVID,5,0.458,0.069,45.99,0.265,0.669,0.898,53.76,11.59,0.183,2.908,23.31,355.92,Low
4398,C-scan (BVID with Holes),Damaged,BVID,2,0.514,0.067,9.16,0.225,0.802,0.881,92.62,14.81,0.187,1.754,58.21,721.17,Medium
4399,C-scan (BVID with Holes),Damaged,BVID,3,0.662,0.032,74.79,0.175,0.39,0.793,71.67,6.11,0.097,4.773,48.7,430.23,Medium
4400,C-scan (BVID with Holes),Damaged,BVID,5,0.527,0.063,61.3,0.592,0.232,0.72,48.63,7.11,0.147,3.873,45.39,867.71,Medium
4401,Thermograph,Mixed,Thermal Anomaly,2,0.665,0.073,27.32,0.234,0.526,0.683,109.99,5.99,0.104,1.213,30.88,619.7,Medium
4402,Thermograph,Mixed,None,5,0.577,0.018,50.43,0.908,0.106,0.56,89.97,5.09,0.117,2.753,51.34,770.54,Medium
4403,C-scan (Pristine with Holes),Pristine,None,3,0.598,0.049,63.0,0.651,0.365,0.294,44.59,3.74,0.014,0.346,33.72,583.32,Medium
4404,C-scan (Pristine with Holes),Pristine,None,3,0.524,0.07,57.24,0.906,0.996,0.575,80.01,2.49,0.049,0.919,58.52,650.9,High
4405,Thermograph,Mixed,None,2,0.631,0.055,55.63,0.48,0.184,0.469,110.32,8.58,0.041,0.65,49.87,434.29,High
4406,Thermograph,Mixed,None,6,0.593,0.066,81.84,0.57,0.56,0.786,54.55,12.4,0.112,1.068,23.28,637.18,Low
4407,C-scan (BVID with Holes),Damaged,BVID,6,0.558,0.015,67.4,0.708,0.662,0.469,49.35,7.81,0.17,4.92,43.78,433.52,Medium
4408,Thermograph,Mixed,Thermal Anomaly,6,0.55,0.034,29.17,0.538,0.103,0.673,96.94,7.21,0.115,1.675,41.93,470.27,Medium
4409,C-scan (BVID with Holes),Damaged,BVID,4,0.565,0.023,33.57,0.975,0.596,0.897,27.11,6.35,0.086,3.892,45.16,455.36,Medium
4410,C-scan (Pristine with Holes),Pristine,None,5,0.615,0.059,67.25,0.892,0.596,0.385,80.99,2.42,0.038,0.433,42.01,403.06,Medium
4411,Thermograph,Mixed,Thermal Anomaly,4,0.552,0.025,38.8,0.776,0.599,0.465,104.59,2.51,0.114,3.396,58.71,826.4,Medium
4412,C-scan (BVID with Holes),Damaged,BVID,6,0.568,0.06,53.43,0.601,0.718,0.82,115.12,10.56,0.155,4.794,23.54,822.23,Low
4413,C-scan (Pristine with Holes),Pristine,None,5,0.464,0.028,25.26,0.715,0.167,0.358,115.06,4.98,0.019,0.461,20.48,697.13,Low
4414,C-scan (BVID with Holes),Damaged,BVID,4,0.465,0.048,88.79,0.173,0.963,0.387,29.68,9.38,0.103,4.09,42.39,569.74,Medium
4415,C-scan (BVID with Holes),Damaged,BVID,4,0.682,0.037,40.48,0.882,0.392,0.815,56.63,3.57,0.12,3.88,39.4,632.58,Medium
4416,C-scan (Pristine with Holes),Pristine,None,6,0.523,0.056,40.37,0.543,0.989,0.426,116.55,3.34,0.031,0.135,26.96,564.96,Low
4417,C-scan (Pristine with Holes),Pristine,None,3,0.636,0.049,6.2,0.42,0.677,0.561,53.33,4.72,0.013,0.925,35.84,578.78,Medium
4418,C-scan (BVID with Holes),Damaged,BVID,3,0.52,0.075,55.84,0.463,0.383,0.518,56.12,3.2,0.109,1.615,40.67,420.16,Medium
4419,Thermograph,Mixed,Thermal Anomaly,6,0.632,0.01,13.34,0.8,0.981,0.774,112.12,5.83,0.044,1.843,21.02,719.7,Low
4420,C-scan (BVID with Holes),Damaged,BVID,5,0.526,0.012,1.87,0.408,0.997,0.479,29.51,13.78,0.084,3.594,50.88,451.43,Medium
4421,C-scan (Pristine with Holes),Pristine,None,5,0.561,0.03,58.54,0.65,0.203,0.8,72.93,5.78,0.05,0.38,34.6,711.04,Medium
4422,C-scan (Pristine with Holes),Pristine,None,2,0.699,0.033,80.85,0.234,0.799,0.834,45.89,8.39,0.045,0.352,41.09,620.72,Medium
4423,C-scan (Pristine with Holes),Pristine,None,5,0.671,0.051,29.53,0.223,0.139,0.305,75.36,1.8,0.043,0.901,28.66,893.61,Low
4424,Thermograph,Mixed,Thermal Anomaly,6,0.594,0.055,88.24,0.599,0.91,0.277,30.85,4.92,0.032,2.849,41.71,697.97,Medium
4425,Thermograph,Mixed,None,5,0.585,0.034,38.77,0.226,0.953,0.768,75.64,12.65,0.136,2.373,23.72,712.42,Low
4426,C-scan (Pristine with Holes),Pristine,None,6,0.632,0.038,46.99,0.875,0.84,0.644,88.74,0.72,0.027,0.866,49.58,492.58,High
4427,C-scan (Pristine with Holes),Pristine,None,3,0.539,0.02,55.27,0.558,0.854,0.619,98.68,13.75,0.026,0.796,25.9,567.39,Low
4428,Thermograph,Mixed,None,5,0.559,0.03,49.44,0.611,0.283,0.604,26.81,6.64,0.064,2.364,53.89,517.02,High
4429,C-scan (Pristine with Holes),Pristine,None,4,0.545,0.054,15.93,0.23,0.627,0.895,33.97,6.59,0.011,0.574,59.65,822.05,High
4430,C-scan (BVID with Holes),Damaged,BVID,5,0.547,0.042,15.5,0.909,0.941,0.396,50.07,14.68,0.192,1.518,44.99,480.52,Medium
4431,Thermograph,Mixed,Thermal Anomaly,5,0.525,0.05,19.89,0.755,0.984,0.761,90.16,8.55,0.109,2.287,59.82,731.2,Medium
4432,Thermograph,Mixed,Thermal Anomaly,2,0.629,0.034,35.58,0.21,0.843,0.229,60.17,12.59,0.101,3.234,57.21,515.68,Medium
4433,Thermograph,Mixed,None,6,0.611,0.031,20.64,0.896,0.311,0.233,79.41,6.56,0.103,1.984,40.72,861.76,Medium
4434,C-scan (BVID with Holes),Damaged,BVID,6,0.673,0.015,2.51,0.449,0.881,0.659,106.97,5.27,0.164,4.762,47.91,630.69,Medium
4435,C-scan (Pristine with Holes),Pristine,None,2,0.453,0.034,7.92,0.296,0.201,0.849,38.32,10.33,0.03,0.131,26.18,357.2,Low
4436,Thermograph,Mixed,None,6,0.55,0.064,46.19,0.965,0.668,0.362,54.54,5.61,0.124,1.745,54.07,626.68,Medium
4437,Thermograph,Mixed,None,4,0.545,0.031,19.53,0.999,0.628,0.869,76.95,7.81,0.035,1.926,47.56,602.6,High
4438,C-scan (Pristine with Holes),Pristine,None,5,0.626,0.07,70.47,0.325,0.166,0.266,58.96,7.3,0.02,0.782,46.81,805.28,High
4439,C-scan (BVID with Holes),Damaged,BVID,5,0.673,0.042,32.04,0.993,0.352,0.881,58.03,13.7,0.149,4.523,22.86,367.2,Low
4440,C-scan (Pristine with Holes),Pristine,None,4,0.514,0.034,7.2,0.213,0.538,0.729,63.03,11.71,0.028,0.748,21.35,894.55,Low
4441,Thermograph,Mixed,None,2,0.547,0.066,46.13,0.76,0.977,0.895,45.08,4.68,0.094,1.197,27.08,439.61,Low
4442,C-scan (BVID with Holes),Damaged,BVID,2,0.596,0.023,71.94,0.887,0.159,0.849,39.33,1.78,0.08,1.06,45.63,583.83,Medium
4443,Thermograph,Mixed,Thermal Anomaly,6,0.638,0.064,81.6,0.809,0.161,0.647,81.84,8.11,0.074,3.034,36.25,738.55,Medium
4444,Thermograph,Mixed,None,5,0.687,0.074,2.62,0.112,0.883,0.498,58.22,1.95,0.048,0.586,33.41,842.23,Medium
4445,C-scan (BVID with Holes),Damaged,BVID,5,0.604,0.026,25.41,0.931,0.674,0.749,29.13,13.16,0.108,1.352,31.18,683.79,Medium
4446,Thermograph,Mixed,Thermal Anomaly,5,0.52,0.063,19.34,0.475,0.604,0.766,97.74,12.53,0.052,3.119,25.46,685.89,Low
4447,Thermograph,Mixed,None,6,0.658,0.013,37.6,0.44,0.758,0.225,32.62,11.64,0.04,1.141,52.44,406.74,High
4448,C-scan (Pristine with Holes),Pristine,None,5,0.688,0.074,63.17,0.157,0.446,0.758,93.48,1.94,0.049,0.638,31.72,486.42,Medium
4449,C-scan (BVID with Holes),Damaged,BVID,6,0.489,0.019,31.97,0.75,0.868,0.394,32.45,9.03,0.089,3.768,39.33,702.19,Medium
4450,Thermograph,Mixed,Thermal Anomaly,3,0.486,0.023,59.02,0.73,0.455,0.825,30.44,3.79,0.134,1.192,50.52,467.52,Medium
4451,Thermograph,Mixed,Thermal Anomaly,3,0.675,0.022,72.82,0.114,0.992,0.846,78.04,13.16,0.045,3.482,42.22,425.99,Medium
4452,C-scan (BVID with Holes),Damaged,BVID,5,0.615,0.011,20.58,0.456,0.525,0.585,111.15,1.62,0.133,4.946,46.35,409.88,Medium
4453,C-scan (BVID with Holes),Damaged,BVID,3,0.566,0.017,60.48,0.134,0.877,0.745,95.25,10.74,0.082,2.524,37.99,666.61,Medium
4454,Thermograph,Mixed,None,4,0.465,0.065,14.31,0.975,0.554,0.565,42.63,7.5,0.116,0.668,52.77,805.18,Medium
4455,C-scan (BVID with Holes),Damaged,BVID,4,0.511,0.012,80.94,0.283,0.575,0.445,45.19,12.15,0.112,4.295,29.34,726.83,Low
4456,C-scan (Pristine with Holes),Pristine,None,6,0.612,0.012,69.94,0.843,0.628,0.666,54.48,6.4,0.043,0.705,24.79,636.51,Low
4457,C-scan (Pristine with Holes),Pristine,None,4,0.632,0.021,57.37,0.311,0.805,0.883,47.98,7.42,0.013,0.523,58.99,760.45,High
4458,Thermograph,Mixed,None,6,0.674,0.011,32.17,0.344,0.216,0.771,108.47,5.02,0.064,1.356,52.07,650.46,High
4459,C-scan (BVID with Holes),Damaged,BVID,5,0.521,0.023,0.73,0.207,0.752,0.622,70.28,1.48,0.174,3.631,54.81,632.1,Medium
4460,C-scan (BVID with Holes),Damaged,BVID,3,0.578,0.063,9.69,0.385,0.453,0.77,91.64,6.22,0.161,1.981,32.96,718.11,Medium
4461,Thermograph,Mixed,Thermal Anomaly,5,0.604,0.023,4.9,0.775,0.276,0.678,78.54,1.29,0.055,0.663,48.45,597.81,High
4462,C-scan (Pristine with Holes),Pristine,None,2,0.492,0.047,2.9,0.942,0.766,0.81,118.46,0.82,0.023,0.246,31.43,575.64,Medium
4463,C-scan (BVID with Holes),Damaged,BVID,2,0.621,0.07,64.48,0.896,0.674,0.322,34.77,9.39,0.177,3.514,52.92,701.29,Medium
4464,Thermograph,Mixed,None,6,0.509,0.049,82.41,0.96,0.458,0.743,30.37,8.9,0.05,0.536,48.07,667.1,High
4465,Thermograph,Mixed,Thermal Anomaly,6,0.614,0.033,71.8,0.185,0.298,0.376,100.1,6.35,0.045,3.09,52.13,479.86,High
4466,C-scan (BVID with Holes),Damaged,BVID,4,0.487,0.033,13.63,0.248,0.206,0.661,42.78,1.45,0.186,1.643,48.34,792.77,Medium
4467,C-scan (BVID with Holes),Damaged,BVID,4,0.691,0.016,58.37,0.34,0.961,0.523,34.54,13.94,0.113,1.767,56.79,506.8,Medium
4468,C-scan (Pristine with Holes),Pristine,None,2,0.542,0.075,52.06,0.403,0.158,0.264,75.97,9.95,0.048,0.717,30.31,515.01,Medium
4469,C-scan (BVID with Holes),Damaged,BVID,6,0.666,0.01,65.3,0.533,0.402,0.44,89.53,6.03,0.142,1.407,52.94,560.22,Medium
4470,Thermograph,Mixed,Thermal Anomaly,2,0.676,0.025,31.29,0.917,0.485,0.247,28.34,2.1,0.138,1.37,33.32,425.83,Medium
4471,C-scan (BVID with Holes),Damaged,BVID,5,0.663,0.075,56.98,0.815,0.689,0.818,65.91,1.35,0.106,2.379,30.87,533.07,Medium
4472,C-scan (Pristine with Holes),Pristine,None,2,0.515,0.058,11.44,0.129,0.298,0.776,34.32,0.94,0.034,0.75,54.54,848.81,High
4473,Thermograph,Mixed,Thermal Anomaly,6,0.582,0.063,73.04,0.687,0.749,0.763,109.22,5.92,0.146,2.246,32.97,866.42,Medium
4474,C-scan (Pristine with Holes),Pristine,None,5,0.556,0.032,72.89,0.467,0.45,0.782,107.01,4.97,0.026,0.678,50.57,698.28,High
4475,C-scan (BVID with Holes),Damaged,BVID,5,0.475,0.063,2.56,0.283,0.723,0.752,77.93,10.72,0.188,4.61,22.5,424.16,Low
4476,Thermograph,Mixed,Thermal Anomaly,3,0.551,0.038,72.69,0.902,0.992,0.316,48.37,9.41,0.087,2.454,58.38,666.86,Medium
4477,Thermograph,Mixed,None,3,0.546,0.059,60.49,0.516,0.479,0.567,44.0,3.28,0.126,0.785,20.15,482.64,Low
4478,C-scan (Pristine with Holes),Pristine,None,2,0.569,0.039,75.91,0.273,0.437,0.89,104.84,10.71,0.017,0.623,43.33,896.42,Medium
4479,Thermograph,Mixed,Thermal Anomaly,4,0.483,0.076,33.96,0.209,0.876,0.838,37.32,14.31,0.065,2.964,43.39,833.31,Medium
4480,C-scan (BVID with Holes),Damaged,BVID,5,0.501,0.021,8.51,0.622,0.401,0.789,45.6,5.26,0.13,3.971,56.74,691.2,Medium
4481,C-scan (Pristine with Holes),Pristine,None,5,0.626,0.075,41.84,0.886,0.805,0.422,104.45,1.18,0.02,0.271,46.77,779.46,High
4482,Thermograph,Mixed,None,5,0.464,0.052,81.68,0.589,0.317,0.517,103.89,10.43,0.144,2.879,36.0,650.69,Medium
4483,C-scan (Pristine with Holes),Pristine,None,2,0.579,0.078,69.45,0.789,0.809,0.405,55.73,6.03,0.033,0.692,22.04,874.59,Low
4484,C-scan (BVID with Holes),Damaged,BVID,4,0.481,0.06,70.19,0.381,0.25,0.705,112.31,3.04,0.17,1.877,36.64,702.72,Medium
4485,Thermograph,Mixed,Thermal Anomaly,5,0.595,0.028,21.61,0.499,0.363,0.243,35.74,6.31,0.106,0.624,35.48,385.66,Medium
4486,C-scan (Pristine with Holes),Pristine,None,6,0.682,0.065,79.8,0.232,0.498,0.642,30.06,3.27,0.034,0.438,22.87,674.38,Low
4487,Thermograph,Mixed,None,6,0.649,0.069,68.56,0.945,0.575,0.296,29.52,11.15,0.045,2.95,24.62,353.38,Low
4488,C-scan (Pristine with Holes),Pristine,None,5,0.574,0.022,62.78,0.47,0.386,0.34,96.51,2.23,0.016,0.181,28.75,416.4,Low
4489,Thermograph,Mixed,None,5,0.572,0.058,13.28,0.701,0.62,0.47,106.64,4.55,0.078,1.119,59.48,894.81,High
4490,C-scan (BVID with Holes),Damaged,BVID,4,0.625,0.069,66.05,0.564,0.229,0.336,67.17,1.13,0.179,4.937,32.13,499.55,Medium
4491,C-scan (Pristine with Holes),Pristine,None,6,0.57,0.064,29.49,0.627,0.966,0.55,73.35,12.78,0.022,0.424,57.63,883.79,High
4492,C-scan (Pristine with Holes),Pristine,None,3,0.664,0.026,63.05,0.513,0.535,0.6,45.37,14.98,0.046,0.17,25.04,755.97,Low
4493,C-scan (BVID with Holes),Damaged,BVID,2,0.468,0.058,62.7,0.182,0.228,0.706,66.82,12.91,0.18,2.985,46.71,807.27,Medium
4494,C-scan (Pristine with Holes),Pristine,None,4,0.501,0.031,82.64,0.812,0.459,0.711,48.34,7.81,0.02,0.426,50.78,607.82,High
4495,C-scan (Pristine with Holes),Pristine,None,3,0.502,0.011,42.51,0.166,0.189,0.863,115.5,12.09,0.039,0.205,34.55,500.1,Medium
4496,C-scan (BVID with Holes),Damaged,BVID,6,0.564,0.037,52.03,0.675,0.257,0.552,78.75,7.65,0.14,4.161,52.56,746.77,Medium
4497,C-scan (BVID with Holes),Damaged,BVID,3,0.591,0.06,21.83,0.692,0.746,0.289,99.73,13.89,0.089,3.236,27.46,768.14,Low
4498,Thermograph,Mixed,None,5,0.696,0.032,35.04,0.653,0.455,0.43,102.09,5.65,0.11,0.627,27.25,720.65,Low
4499,C-scan (Pristine with Holes),Pristine,None,2,0.653,0.044,1.46,0.939,0.697,0.547,79.52,13.78,0.049,0.241,22.67,706.15,Low
4500,C-scan (Pristine with Holes),Pristine,None,5,0.491,0.043,17.79,0.539,0.663,0.323,106.04,11.9,0.038,0.95,56.03,652.07,High
4501,Thermograph,Mixed,Thermal Anomaly,3,0.621,0.071,41.46,0.149,0.961,0.706,59.73,1.49,0.137,2.464,49.66,592.01,Medium
4502,C-scan (BVID with Holes),Damaged,BVID,3,0.46,0.074,37.12,0.882,0.559,0.844,103.23,1.1,0.111,2.48,29.7,760.36,Low
4503,Thermograph,Mixed,None,6,0.52,0.075,14.27,0.235,0.778,0.236,110.62,14.51,0.054,1.526,36.37,843.88,Medium
4504,C-scan (BVID with Holes),Damaged,BVID,2,0.641,0.036,17.22,0.724,0.13,0.29,110.42,1.94,0.178,4.118,45.87,368.48,Medium
4505,Thermograph,Mixed,Thermal Anomaly,5,0.526,0.068,50.52,0.869,0.424,0.849,59.13,1.08,0.033,1.091,36.08,532.21,Medium
4506,C-scan (Pristine with Holes),Pristine,None,2,0.573,0.06,24.55,0.292,0.539,0.891,103.78,1.78,0.032,0.642,39.91,391.75,Medium
4507,C-scan (Pristine with Holes),Pristine,None,5,0.517,0.017,59.99,0.781,0.816,0.287,94.84,0.8,0.018,0.84,42.53,727.54,Medium
4508,C-scan (BVID with Holes),Damaged,BVID,3,0.583,0.047,54.85,0.202,0.608,0.632,79.61,5.17,0.197,2.393,37.38,418.02,Medium
4509,Thermograph,Mixed,None,2,0.545,0.023,1.93,0.506,0.772,0.756,65.03,12.76,0.148,2.551,20.61,372.6,Low
4510,C-scan (Pristine with Holes),Pristine,None,6,0.639,0.039,64.42,0.598,0.989,0.202,25.4,2.49,0.024,0.7,38.68,659.53,Medium
4511,C-scan (BVID with Holes),Damaged,BVID,4,0.56,0.062,10.18,0.173,0.342,0.256,116.24,1.35,0.107,3.489,21.04,781.76,Low
4512,Thermograph,Mixed,None,3,0.579,0.061,61.53,0.128,0.205,0.354,73.2,2.45,0.094,2.139,27.3,695.73,Low
4513,Thermograph,Mixed,Thermal Anomaly,3,0.62,0.02,20.83,0.77,0.729,0.463,79.17,4.79,0.113,2.412,42.78,817.16,Medium
4514,C-scan (Pristine with Holes),Pristine,None,4,0.452,0.059,7.46,0.888,0.388,0.499,49.89,10.2,0.015,0.106,24.8,619.25,Low
4515,C-scan (Pristine with Holes),Pristine,None,4,0.466,0.076,50.8,0.308,0.221,0.614,111.75,7.13,0.015,0.235,27.34,672.7,Low
4516,Thermograph,Mixed,None,6,0.513,0.063,19.27,0.328,0.778,0.603,64.88,12.27,0.114,1.354,35.71,426.84,Medium
4517,Thermograph,Mixed,Thermal Anomaly,3,0.648,0.068,11.22,0.346,0.749,0.495,83.83,4.16,0.035,2.241,45.84,596.38,High
4518,C-scan (BVID with Holes),Damaged,BVID,4,0.51,0.075,67.59,0.961,0.801,0.208,115.81,13.29,0.128,2.931,38.46,757.52,Medium
4519,Thermograph,Mixed,None,6,0.509,0.08,70.6,0.78,0.583,0.84,107.49,13.96,0.117,0.99,57.0,355.58,Medium
4520,C-scan (BVID with Holes),Damaged,BVID,2,0.678,0.033,81.15,0.451,0.141,0.689,31.9,4.91,0.113,2.578,42.3,844.01,Medium
4521,C-scan (Pristine with Holes),Pristine,None,5,0.479,0.068,24.82,0.648,0.255,0.489,69.18,7.14,0.025,0.468,27.56,810.54,Low
4522,C-scan (BVID with Holes),Damaged,BVID,3,0.562,0.068,33.24,0.76,0.312,0.611,46.65,14.69,0.187,4.582,27.97,642.13,Low
4523,Thermograph,Mixed,None,4,0.678,0.058,40.2,0.643,0.709,0.233,65.83,9.31,0.062,3.155,55.16,699.79,High
4524,Thermograph,Mixed,None,2,0.666,0.041,84.39,0.158,0.204,0.37,39.42,1.89,0.073,1.757,33.5,674.55,Medium
4525,Thermograph,Mixed,Thermal Anomaly,2,0.473,0.064,41.58,0.429,0.957,0.648,69.56,1.27,0.148,3.341,43.04,654.5,Medium
4526,Thermograph,Mixed,None,5,0.681,0.046,70.81,0.984,0.673,0.725,52.7,6.75,0.122,1.99,22.33,852.19,Low
4527,C-scan (Pristine with Holes),Pristine,None,4,0.546,0.053,19.91,0.972,0.482,0.405,72.95,6.48,0.047,0.203,31.64,424.88,Medium
4528,C-scan (Pristine with Holes),Pristine,None,6,0.679,0.057,85.82,0.602,0.525,0.308,49.84,14.42,0.026,0.152,34.71,424.53,Medium
4529,C-scan (Pristine with Holes),Pristine,None,6,0.451,0.077,47.55,0.177,0.114,0.84,53.13,9.16,0.043,0.667,27.93,707.12,Low
4530,C-scan (BVID with Holes),Damaged,BVID,6,0.59,0.034,69.29,0.635,0.785,0.655,51.38,1.29,0.138,4.136,47.57,782.7,Medium
4531,Thermograph,Mixed,None,6,0.57,0.04,37.14,0.675,0.237,0.482,97.6,10.27,0.033,0.553,57.9,633.1,High
4532,C-scan (BVID with Holes),Damaged,BVID,3,0.695,0.071,21.9,0.195,0.915,0.692,103.09,3.91,0.185,4.379,30.72,687.58,Medium
4533,C-scan (BVID with Holes),Damaged,BVID,5,0.53,0.022,76.78,0.631,0.405,0.809,63.35,11.45,0.143,1.779,25.69,807.56,Low
4534,C-scan (BVID with Holes),Damaged,BVID,5,0.536,0.026,70.91,0.843,0.166,0.717,107.92,1.4,0.091,3.391,50.38,875.08,Medium
4535,Thermograph,Mixed,None,5,0.519,0.063,41.46,0.847,0.42,0.324,32.06,5.03,0.061,3.053,51.37,631.46,High
4536,Thermograph,Mixed,Thermal Anomaly,5,0.485,0.073,8.14,0.248,0.82,0.509,108.29,2.85,0.056,2.426,43.06,733.71,Medium
4537,C-scan (Pristine with Holes),Pristine,None,5,0.642,0.012,13.84,0.323,0.815,0.845,76.16,12.12,0.03,0.144,57.98,685.3,High
4538,C-scan (Pristine with Holes),Pristine,None,4,0.463,0.08,60.19,0.599,0.762,0.355,109.78,14.9,0.023,0.701,39.67,613.19,Medium
4539,Thermograph,Mixed,Thermal Anomaly,3,0.616,0.039,74.96,0.222,0.7,0.507,34.92,2.43,0.034,1.573,50.39,626.16,High
4540,C-scan (Pristine with Holes),Pristine,None,6,0.599,0.08,8.08,0.228,0.124,0.327,29.68,12.77,0.015,0.284,36.98,388.15,Medium
4541,Thermograph,Mixed,Thermal Anomaly,2,0.517,0.07,22.29,0.886,0.822,0.798,68.8,4.85,0.09,0.767,57.91,587.14,Medium
4542,C-scan (BVID with Holes),Damaged,BVID,4,0.471,0.049,17.98,0.274,0.128,0.291,72.51,10.16,0.17,3.388,42.61,620.89,Medium
4543,C-scan (BVID with Holes),Damaged,BVID,3,0.549,0.019,10.95,0.259,0.571,0.249,70.22,2.71,0.11,4.458,20.48,894.71,Low
4544,Thermograph,Mixed,Thermal Anomaly,6,0.591,0.036,40.94,0.348,0.237,0.338,73.95,4.73,0.144,2.711,49.87,521.78,Medium
4545,C-scan (BVID with Holes),Damaged,BVID,6,0.46,0.019,83.71,0.309,0.909,0.206,70.57,12.5,0.139,2.332,57.57,837.65,Medium
4546,C-scan (BVID with Holes),Damaged,BVID,4,0.529,0.079,18.13,0.571,0.782,0.769,77.89,0.54,0.143,3.658,25.25,351.97,Low
4547,Thermograph,Mixed,Thermal Anomaly,2,0.523,0.08,33.42,0.157,0.691,0.227,42.05,6.54,0.037,3.135,36.76,571.37,Medium
4548,C-scan (BVID with Holes),Damaged,BVID,4,0.624,0.069,73.13,0.771,0.267,0.838,46.92,12.94,0.147,1.057,36.0,577.45,Medium
4549,Thermograph,Mixed,None,5,0.567,0.065,21.75,0.132,0.908,0.773,99.21,13.28,0.06,2.605,56.73,365.44,High
4550,C-scan (Pristine with Holes),Pristine,None,6,0.538,0.052,50.31,0.773,0.999,0.506,73.06,12.87,0.025,0.397,47.44,431.96,High
4551,Thermograph,Mixed,None,5,0.456,0.04,78.73,0.943,0.381,0.531,31.02,3.85,0.047,1.111,27.62,522.64,Low
4552,Thermograph,Mixed,None,4,0.697,0.08,85.64,0.594,0.147,0.551,85.95,4.73,0.137,2.661,37.51,392.6,Medium
4553,C-scan (Pristine with Holes),Pristine,None,4,0.591,0.06,3.47,0.737,0.65,0.707,46.66,9.73,0.047,0.262,30.97,875.38,Medium
4554,Thermograph,Mixed,Thermal Anomaly,6,0.642,0.029,80.87,0.618,0.799,0.674,77.4,9.71,0.046,2.179,22.49,410.7,Low
4555,C-scan (Pristine with Holes),Pristine,None,5,0.588,0.058,41.29,0.336,0.514,0.375,80.49,6.88,0.014,0.212,28.92,841.88,Low
4556,C-scan (Pristine with Holes),Pristine,None,6,0.456,0.04,21.79,0.239,0.723,0.248,112.87,8.45,0.039,0.464,56.83,596.66,High
4557,C-scan (BVID with Holes),Damaged,BVID,2,0.494,0.065,47.6,0.123,0.539,0.235,93.55,6.82,0.12,3.313,43.33,859.75,Medium
4558,C-scan (BVID with Holes),Damaged,BVID,5,0.64,0.017,13.23,0.747,0.477,0.302,55.65,3.88,0.16,2.404,38.76,687.79,Medium
4559,C-scan (Pristine with Holes),Pristine,None,3,0.613,0.044,88.01,0.447,0.965,0.233,92.95,3.12,0.022,0.23,42.04,592.46,Medium
4560,C-scan (BVID with Holes),Damaged,BVID,2,0.504,0.044,81.17,0.275,0.38,0.737,42.46,13.3,0.193,3.95,35.42,808.41,Medium
4561,C-scan (BVID with Holes),Damaged,BVID,2,0.691,0.032,51.21,0.34,0.468,0.703,48.14,12.15,0.173,4.29,41.53,895.99,Medium
4562,Thermograph,Mixed,None,2,0.612,0.031,76.16,0.147,0.556,0.799,27.21,12.29,0.053,1.27,29.71,875.98,Low
4563,C-scan (Pristine with Holes),Pristine,None,2,0.459,0.044,56.33,0.923,0.987,0.831,25.84,11.83,0.047,0.939,27.63,473.5,Low
4564,C-scan (Pristine with Holes),Pristine,None,4,0.657,0.029,47.79,0.864,0.75,0.53,56.74,9.9,0.021,0.787,23.44,715.48,Low
4565,Thermograph,Mixed,Thermal Anomaly,4,0.663,0.038,87.22,0.671,0.328,0.704,53.19,13.46,0.126,2.389,40.28,836.27,Medium
4566,C-scan (BVID with Holes),Damaged,BVID,5,0.508,0.047,46.07,0.107,0.275,0.77,101.54,5.25,0.177,1.562,47.85,509.89,Medium
4567,C-scan (Pristine with Holes),Pristine,None,2,0.605,0.048,35.58,0.395,0.848,0.668,27.68,9.71,0.047,0.489,37.41,638.3,Medium
4568,C-scan (BVID with Holes),Damaged,BVID,6,0.539,0.017,42.94,0.945,0.692,0.462,56.19,12.18,0.092,1.041,40.08,483.38,Medium
4569,C-scan (BVID with Holes),Damaged,BVID,6,0.569,0.044,37.38,0.231,0.812,0.654,32.64,1.76,0.163,2.733,47.86,898.72,Medium
4570,C-scan (Pristine with Holes),Pristine,None,6,0.65,0.036,72.48,0.928,0.291,0.228,74.61,2.99,0.035,0.102,55.99,794.7,High
4571,Thermograph,Mixed,None,5,0.692,0.038,71.87,0.802,0.858,0.747,108.95,10.96,0.109,2.236,53.77,699.42,Medium
4572,Thermograph,Mixed,None,6,0.622,0.069,69.79,0.542,0.845,0.217,86.15,4.11,0.135,2.001,37.69,449.43,Medium
4573,C-scan (Pristine with Holes),Pristine,None,6,0.669,0.077,25.32,0.502,0.677,0.689,87.39,14.54,0.043,0.129,21.35,526.34,Low
4574,C-scan (BVID with Holes),Damaged,BVID,3,0.576,0.032,55.75,0.956,0.238,0.547,115.04,6.16,0.192,1.339,58.04,534.92,Medium
4575,C-scan (Pristine with Holes),Pristine,None,5,0.489,0.025,59.51,0.583,0.963,0.816,26.04,8.26,0.013,0.25,43.39,713.85,Medium
4576,C-scan (BVID with Holes),Damaged,BVID,5,0.577,0.06,61.77,0.336,0.205,0.701,36.9,6.7,0.179,4.196,37.29,617.74,Medium
4577,C-scan (Pristine with Holes),Pristine,None,2,0.652,0.075,61.6,0.933,0.831,0.482,54.37,7.68,0.017,0.163,40.59,786.22,Medium
4578,C-scan (BVID with Holes),Damaged,BVID,6,0.499,0.061,0.54,0.981,0.137,0.331,38.87,2.56,0.188,3.724,56.08,433.5,Medium
4579,C-scan (Pristine with Holes),Pristine,None,6,0.459,0.069,0.83,0.463,0.637,0.517,96.58,10.33,0.026,0.112,43.92,556.32,Medium
4580,C-scan (Pristine with Holes),Pristine,None,2,0.492,0.024,13.87,0.136,0.763,0.352,81.2,11.09,0.026,0.115,45.22,630.59,High
4581,C-scan (BVID with Holes),Damaged,BVID,3,0.688,0.022,13.62,0.633,0.764,0.269,102.27,10.06,0.085,2.183,57.88,835.63,Medium
4582,Thermograph,Mixed,None,5,0.595,0.042,42.37,0.849,0.333,0.454,68.07,5.26,0.031,2.839,20.45,376.46,Low
4583,Thermograph,Mixed,None,3,0.634,0.069,1.73,0.316,0.28,0.43,37.41,2.08,0.05,2.355,43.92,774.98,Medium
4584,C-scan (BVID with Holes),Damaged,BVID,6,0.545,0.014,37.04,0.142,0.467,0.523,92.63,3.11,0.101,3.258,50.12,650.89,Medium
4585,C-scan (BVID with Holes),Damaged,BVID,5,0.54,0.047,28.49,0.816,0.776,0.208,72.64,10.44,0.083,3.943,58.14,553.58,Medium
4586,C-scan (BVID with Holes),Damaged,BVID,6,0.492,0.027,83.02,0.784,0.293,0.853,53.29,6.39,0.161,4.623,34.28,890.82,Medium
4587,C-scan (Pristine with Holes),Pristine,None,5,0.64,0.028,60.99,0.445,0.602,0.474,45.85,14.55,0.014,0.185,51.95,737.13,High
4588,C-scan (Pristine with Holes),Pristine,None,5,0.54,0.013,43.7,0.316,0.87,0.871,33.76,3.07,0.043,0.942,33.04,744.36,Medium
4589,C-scan (Pristine with Holes),Pristine,None,3,0.548,0.08,51.53,0.489,0.448,0.361,54.85,4.58,0.035,0.903,50.67,456.85,High
4590,Thermograph,Mixed,None,4,0.522,0.059,62.14,0.969,0.191,0.319,59.21,10.67,0.042,1.413,46.05,527.84,High
4591,Thermograph,Mixed,None,3,0.526,0.024,58.53,0.963,0.326,0.751,28.11,14.6,0.145,3.141,53.83,660.0,Medium
4592,C-scan (Pristine with Holes),Pristine,None,3,0.594,0.067,87.51,0.777,0.452,0.515,93.32,6.27,0.039,0.106,58.18,727.96,High
4593,Thermograph,Mixed,Thermal Anomaly,4,0.564,0.028,52.63,0.783,0.671,0.327,75.63,3.45,0.119,1.864,26.18,547.71,Low
4594,Thermograph,Mixed,Thermal Anomaly,6,0.477,0.048,9.69,0.923,0.506,0.293,43.47,14.3,0.053,0.75,45.17,470.07,High
4595,Thermograph,Mixed,Thermal Anomaly,3,0.468,0.036,49.1,0.134,0.923,0.326,48.42,14.5,0.068,0.948,52.55,816.88,High
4596,Thermograph,Mixed,None,4,0.491,0.026,59.06,0.435,0.241,0.627,44.11,3.17,0.062,1.182,20.64,844.78,Low
4597,C-scan (BVID with Holes),Damaged,BVID,6,0.574,0.019,6.77,0.322,0.12,0.78,77.21,2.84,0.144,1.576,57.24,729.95,Medium
4598,C-scan (BVID with Holes),Damaged,BVID,6,0.512,0.072,63.71,0.896,0.322,0.692,58.12,1.64,0.155,2.744,49.31,373.44,Medium
4599,C-scan (BVID with Holes),Damaged,BVID,3,0.625,0.042,22.76,0.224,0.155,0.514,92.16,11.97,0.1,3.198,59.41,491.54,Medium
4600,C-scan (BVID with Holes),Damaged,BVID,6,0.589,0.03,10.37,0.882,0.983,0.49,76.0,6.11,0.141,2.857,41.32,592.29,Medium
4601,Thermograph,Mixed,None,3,0.642,0.023,74.56,0.447,0.977,0.722,103.73,1.72,0.053,1.744,20.72,761.08,Low
4602,Thermograph,Mixed,Thermal Anomaly,5,0.623,0.051,69.2,0.647,0.658,0.88,99.18,3.89,0.132,2.995,58.05,509.18,Medium
4603,C-scan (BVID with Holes),Damaged,BVID,2,0.613,0.076,27.25,0.34,0.679,0.501,91.91,10.09,0.108,4.423,46.13,660.31,Medium
4604,C-scan (Pristine with Holes),Pristine,None,2,0.481,0.07,13.27,0.522,0.316,0.688,62.05,13.98,0.028,0.268,36.68,812.69,Medium
4605,C-scan (BVID with Holes),Damaged,BVID,4,0.473,0.075,89.8,0.632,0.828,0.695,90.79,8.69,0.194,1.036,52.16,770.36,Medium
4606,Thermograph,Mixed,None,5,0.566,0.065,88.47,0.489,0.198,0.291,84.34,13.13,0.128,1.617,31.94,575.43,Medium
4607,Thermograph,Mixed,Thermal Anomaly,2,0.469,0.074,40.03,0.284,0.866,0.825,77.68,6.54,0.132,1.769,33.71,818.09,Medium
4608,Thermograph,Mixed,None,2,0.533,0.075,55.9,0.918,0.339,0.297,29.1,0.56,0.143,1.85,39.68,660.89,Medium
4609,C-scan (BVID with Holes),Damaged,BVID,4,0.597,0.067,27.48,0.94,0.288,0.405,84.97,13.74,0.173,1.781,30.99,465.16,Medium
4610,Thermograph,Mixed,None,4,0.66,0.075,86.47,0.867,0.246,0.361,112.57,2.51,0.11,2.257,45.35,708.29,Medium
4611,C-scan (Pristine with Holes),Pristine,None,5,0.584,0.073,49.68,0.171,0.937,0.46,74.38,12.44,0.019,0.49,20.28,412.2,Low
4612,Thermograph,Mixed,Thermal Anomaly,2,0.511,0.072,9.32,0.576,0.975,0.398,78.76,8.6,0.065,2.751,43.87,842.62,Medium
4613,Thermograph,Mixed,None,2,0.626,0.061,18.58,0.213,0.476,0.295,65.22,5.05,0.116,0.614,32.31,753.64,Medium
4614,C-scan (Pristine with Holes),Pristine,None,2,0.504,0.017,18.78,0.11,0.352,0.582,69.66,11.67,0.026,0.696,33.09,698.6,Medium
4615,C-scan (Pristine with Holes),Pristine,None,5,0.54,0.026,40.02,0.262,0.991,0.489,92.36,7.86,0.041,0.568,49.53,403.24,High
4616,C-scan (BVID with Holes),Damaged,BVID,2,0.498,0.047,64.6,0.611,0.178,0.488,90.92,7.6,0.097,2.075,49.19,696.08,Medium
4617,C-scan (BVID with Holes),Damaged,BVID,5,0.673,0.045,16.76,0.797,0.723,0.671,35.19,7.06,0.183,4.475,24.04,554.99,Low
4618,C-scan (BVID with Holes),Damaged,BVID,6,0.503,0.059,48.12,0.53,0.296,0.401,61.19,4.23,0.18,3.558,30.61,403.84,Medium
4619,Thermograph,Mixed,None,5,0.465,0.013,50.81,0.897,0.388,0.288,67.38,9.62,0.035,1.65,33.52,792.93,Medium
4620,C-scan (Pristine with Holes),Pristine,None,3,0.531,0.046,85.44,0.645,0.5,0.402,85.11,2.12,0.036,0.755,25.64,465.74,Low
4621,C-scan (BVID with Holes),Damaged,BVID,2,0.525,0.043,67.44,0.496,0.179,0.397,89.29,1.51,0.165,2.929,56.3,645.08,Medium
4622,C-scan (Pristine with Holes),Pristine,None,6,0.694,0.016,77.05,0.485,0.821,0.589,62.5,9.51,0.041,0.926,55.77,371.99,High
4623,C-scan (Pristine with Holes),Pristine,None,3,0.602,0.023,28.04,0.745,0.836,0.534,108.55,9.14,0.031,0.527,51.1,501.11,High
4624,C-scan (Pristine with Holes),Pristine,None,3,0.676,0.047,80.69,0.245,0.79,0.213,38.12,10.49,0.018,0.399,44.23,411.84,Medium
4625,Thermograph,Mixed,Thermal Anomaly,5,0.47,0.058,32.02,0.83,0.383,0.441,41.55,10.3,0.102,3.067,21.7,356.6,Low
4626,C-scan (Pristine with Holes),Pristine,None,2,0.669,0.068,38.12,0.503,0.538,0.461,112.29,8.96,0.028,0.624,54.6,717.31,High
4627,C-scan (Pristine with Holes),Pristine,None,3,0.557,0.074,24.45,0.866,0.666,0.421,67.19,4.69,0.043,0.48,28.46,849.19,Low
4628,Thermograph,Mixed,None,4,0.505,0.057,18.9,0.652,0.18,0.375,117.99,7.36,0.103,2.059,55.51,752.74,Medium
4629,C-scan (Pristine with Holes),Pristine,None,2,0.539,0.017,5.44,0.47,0.291,0.733,82.66,10.37,0.027,0.342,40.59,714.81,Medium
4630,Thermograph,Mixed,None,5,0.524,0.04,62.6,0.621,0.174,0.626,81.86,0.64,0.137,2.376,25.6,575.01,Low
4631,Thermograph,Mixed,Thermal Anomaly,6,0.678,0.051,16.03,0.646,0.399,0.359,87.69,6.55,0.069,2.207,22.61,659.53,Low
4632,Thermograph,Mixed,None,2,0.454,0.055,47.38,0.411,0.807,0.215,64.0,8.74,0.066,3.247,30.97,748.29,Medium
4633,C-scan (BVID with Holes),Damaged,BVID,6,0.632,0.025,66.99,0.924,0.816,0.398,50.97,8.0,0.095,4.938,57.15,740.23,Medium
4634,C-scan (BVID with Holes),Damaged,BVID,5,0.484,0.042,54.66,0.47,0.655,0.806,82.93,6.69,0.143,1.07,51.73,806.29,Medium
4635,C-scan (Pristine with Holes),Pristine,None,5,0.562,0.021,74.47,0.96,0.987,0.74,108.67,12.74,0.032,0.495,36.86,802.56,Medium
4636,C-scan (BVID with Holes),Damaged,BVID,4,0.481,0.065,18.8,0.776,0.673,0.706,111.8,10.71,0.082,3.476,28.67,552.34,Low
4637,C-scan (Pristine with Holes),Pristine,None,2,0.464,0.055,62.89,0.482,0.584,0.63,74.64,8.81,0.017,0.322,48.2,431.16,High
4638,C-scan (Pristine with Holes),Pristine,None,6,0.451,0.043,29.16,0.681,0.621,0.743,69.07,1.32,0.04,0.336,57.2,667.81,High
4639,C-scan (Pristine with Holes),Pristine,None,5,0.56,0.059,5.45,0.662,0.145,0.801,118.48,14.84,0.049,0.208,43.98,755.28,Medium
4640,C-scan (BVID with Holes),Damaged,BVID,2,0.698,0.064,12.19,0.251,0.259,0.533,84.55,11.87,0.142,3.969,35.52,785.46,Medium
4641,C-scan (Pristine with Holes),Pristine,None,3,0.667,0.013,69.34,0.17,0.402,0.65,76.68,2.93,0.041,0.187,45.66,489.14,High
4642,C-scan (BVID with Holes),Damaged,BVID,4,0.685,0.05,7.54,0.953,0.452,0.751,25.63,5.47,0.096,4.702,41.49,667.32,Medium
4643,C-scan (Pristine with Holes),Pristine,None,6,0.463,0.029,13.93,0.362,0.917,0.342,27.83,3.41,0.012,0.557,46.5,778.66,High
4644,C-scan (Pristine with Holes),Pristine,None,3,0.6,0.053,14.89,0.923,0.17,0.754,80.14,6.89,0.027,0.965,24.12,657.05,Low
4645,C-scan (Pristine with Holes),Pristine,None,3,0.526,0.066,26.89,0.783,0.492,0.333,87.15,14.69,0.019,0.146,40.31,846.31,Medium
4646,C-scan (BVID with Holes),Damaged,BVID,6,0.663,0.047,22.46,0.534,0.164,0.437,57.55,7.7,0.165,3.009,23.57,726.88,Low
4647,C-scan (Pristine with Holes),Pristine,None,3,0.534,0.054,58.11,0.632,0.255,0.255,85.38,4.81,0.035,0.601,58.98,881.58,High
4648,C-scan (BVID with Holes),Damaged,BVID,4,0.668,0.074,80.73,0.995,0.609,0.551,75.9,1.63,0.105,3.144,35.03,538.02,Medium
4649,Thermograph,Mixed,Thermal Anomaly,4,0.508,0.079,86.45,0.226,0.749,0.252,30.72,11.88,0.139,3.29,34.96,899.5,Medium
4650,Thermograph,Mixed,None,2,0.592,0.077,41.14,0.709,0.411,0.511,108.03,7.84,0.059,1.743,58.16,581.67,High
4651,Thermograph,Mixed,None,3,0.466,0.038,42.23,0.277,0.768,0.702,93.64,14.37,0.083,1.781,51.01,445.83,Medium
4652,Thermograph,Mixed,Thermal Anomaly,3,0.578,0.016,8.55,0.69,0.402,0.893,35.01,11.64,0.091,1.982,34.52,889.57,Medium
4653,C-scan (Pristine with Holes),Pristine,None,5,0.574,0.053,86.92,0.74,0.548,0.518,115.0,4.0,0.018,0.654,36.01,724.75,Medium
4654,Thermograph,Mixed,None,4,0.526,0.073,62.19,0.293,0.248,0.463,107.58,1.53,0.051,0.732,20.97,430.28,Low
4655,C-scan (Pristine with Holes),Pristine,None,6,0.507,0.078,28.66,0.874,0.959,0.518,90.22,8.36,0.042,0.709,25.08,551.77,Low
4656,C-scan (Pristine with Holes),Pristine,None,2,0.671,0.061,22.63,0.705,0.297,0.747,119.83,6.41,0.041,0.591,45.67,683.2,High
4657,C-scan (Pristine with Holes),Pristine,None,5,0.693,0.061,9.44,0.723,0.737,0.237,118.99,8.22,0.038,0.271,39.31,403.19,Medium
4658,C-scan (BVID with Holes),Damaged,BVID,4,0.466,0.062,43.2,0.574,0.5,0.321,48.53,9.89,0.104,3.75,48.35,597.69,Medium
4659,C-scan (BVID with Holes),Damaged,BVID,3,0.589,0.016,60.29,0.714,0.471,0.305,82.63,3.4,0.162,4.397,39.97,564.94,Medium
4660,C-scan (Pristine with Holes),Pristine,None,3,0.593,0.079,40.48,0.643,0.485,0.525,117.13,8.43,0.021,0.648,29.82,606.79,Low
4661,C-scan (BVID with Holes),Damaged,BVID,2,0.652,0.042,13.42,0.166,0.971,0.509,100.81,4.82,0.105,2.676,54.89,425.93,Medium
4662,C-scan (BVID with Holes),Damaged,BVID,2,0.469,0.039,87.42,0.849,0.753,0.783,60.91,9.95,0.136,1.102,51.03,890.33,Medium
4663,C-scan (BVID with Holes),Damaged,BVID,2,0.485,0.026,74.44,0.518,0.484,0.317,94.55,0.77,0.111,1.457,45.25,794.45,Medium
4664,C-scan (Pristine with Holes),Pristine,None,4,0.51,0.038,8.37,0.534,0.71,0.311,106.77,2.59,0.022,0.557,40.32,615.86,Medium
4665,C-scan (BVID with Holes),Damaged,BVID,4,0.699,0.033,56.42,0.72,0.795,0.47,45.53,14.18,0.179,2.06,41.91,692.5,Medium
4666,C-scan (BVID with Holes),Damaged,BVID,3,0.695,0.022,26.64,0.364,0.244,0.438,79.77,0.96,0.128,1.944,27.86,844.32,Low
4667,C-scan (Pristine with Holes),Pristine,None,2,0.496,0.076,41.58,0.501,0.612,0.831,110.96,14.77,0.048,0.635,48.56,500.68,High
4668,C-scan (Pristine with Holes),Pristine,None,5,0.625,0.023,29.67,0.259,0.433,0.304,44.94,5.5,0.012,0.318,29.25,700.11,Low
4669,C-scan (BVID with Holes),Damaged,BVID,3,0.671,0.017,21.38,0.607,0.851,0.747,77.33,14.86,0.15,3.147,30.92,686.91,Medium
4670,Thermograph,Mixed,Thermal Anomaly,5,0.596,0.065,82.59,0.672,0.603,0.622,95.72,11.08,0.039,2.901,48.15,750.98,High
4671,C-scan (BVID with Holes),Damaged,BVID,2,0.579,0.025,30.5,0.736,0.563,0.586,67.34,2.89,0.081,1.261,25.23,515.01,Low
4672,Thermograph,Mixed,Thermal Anomaly,6,0.608,0.037,44.87,0.312,0.638,0.372,90.0,9.45,0.06,0.973,39.46,790.33,Medium
4673,Thermograph,Mixed,Thermal Anomaly,6,0.68,0.04,20.47,0.576,0.719,0.503,33.41,4.65,0.08,0.976,31.57,579.21,Medium
4674,Thermograph,Mixed,Thermal Anomaly,2,0.625,0.071,39.06,0.93,0.562,0.896,64.86,9.39,0.077,3.195,31.37,774.25,Medium
4675,C-scan (BVID with Holes),Damaged,BVID,4,0.694,0.024,54.99,0.288,0.879,0.507,59.06,4.23,0.128,3.321,53.72,878.92,Medium
4676,C-scan (Pristine with Holes),Pristine,None,6,0.51,0.039,68.08,0.586,0.974,0.87,73.28,10.13,0.031,0.715,34.77,575.92,Medium
4677,C-scan (Pristine with Holes),Pristine,None,5,0.552,0.069,2.9,0.771,0.976,0.636,60.7,14.77,0.017,0.16,38.62,883.9,Medium
4678,C-scan (Pristine with Holes),Pristine,None,6,0.497,0.049,83.36,0.49,0.399,0.322,30.8,6.86,0.034,0.533,38.21,363.05,Medium
4679,C-scan (BVID with Holes),Damaged,BVID,3,0.678,0.027,48.27,0.148,0.648,0.427,106.58,12.57,0.148,4.94,51.78,477.21,Medium
4680,C-scan (BVID with Holes),Damaged,BVID,6,0.677,0.036,15.68,0.68,0.34,0.615,114.12,1.66,0.194,3.888,32.05,726.45,Medium
4681,Thermograph,Mixed,Thermal Anomaly,2,0.63,0.036,80.31,0.717,0.258,0.266,42.4,3.78,0.138,2.469,49.18,600.39,Medium
4682,C-scan (BVID with Holes),Damaged,BVID,2,0.676,0.025,38.88,0.758,0.404,0.869,86.19,6.19,0.186,1.986,30.43,451.9,Medium
4683,C-scan (BVID with Holes),Damaged,BVID,4,0.613,0.033,4.45,0.17,0.104,0.851,39.71,5.33,0.151,4.692,30.09,715.57,Medium
4684,C-scan (Pristine with Holes),Pristine,None,2,0.62,0.038,16.14,0.474,0.101,0.389,55.98,12.41,0.032,0.316,46.77,433.74,High
4685,C-scan (BVID with Holes),Damaged,BVID,6,0.521,0.049,85.39,0.709,0.118,0.513,101.89,2.49,0.087,3.904,59.02,818.21,Medium
4686,C-scan (Pristine with Holes),Pristine,None,4,0.462,0.08,76.27,0.697,0.551,0.44,117.72,7.0,0.035,0.17,38.48,476.81,Medium
4687,Thermograph,Mixed,None,6,0.479,0.076,13.53,0.809,0.337,0.353,90.49,4.44,0.14,2.038,54.11,759.34,Medium
4688,C-scan (BVID with Holes),Damaged,BVID,4,0.675,0.042,50.74,0.167,0.537,0.57,55.42,4.11,0.119,3.885,45.26,859.84,Medium
4689,Thermograph,Mixed,Thermal Anomaly,5,0.616,0.076,29.07,0.651,0.859,0.562,50.44,9.5,0.043,3.436,35.03,699.05,Medium
4690,Thermograph,Mixed,None,5,0.618,0.044,77.64,0.362,0.462,0.76,91.86,14.58,0.077,0.812,43.89,865.13,Medium
4691,C-scan (Pristine with Holes),Pristine,None,3,0.614,0.071,36.66,0.205,0.614,0.875,66.18,3.6,0.031,0.91,49.89,580.21,High
4692,C-scan (Pristine with Holes),Pristine,None,5,0.659,0.068,80.5,0.334,0.433,0.891,102.72,11.83,0.023,0.146,21.42,695.77,Low
4693,C-scan (BVID with Holes),Damaged,BVID,3,0.65,0.045,83.26,0.108,0.175,0.435,69.64,13.83,0.175,1.098,32.69,369.76,Medium
4694,Thermograph,Mixed,None,3,0.478,0.022,61.78,0.481,0.157,0.56,77.03,8.79,0.108,2.498,57.75,894.2,Medium
4695,C-scan (BVID with Holes),Damaged,BVID,4,0.67,0.019,14.14,0.136,0.716,0.75,111.78,4.5,0.148,1.994,55.27,431.18,Medium
4696,C-scan (BVID with Holes),Damaged,BVID,6,0.631,0.019,34.68,0.446,0.859,0.822,76.75,4.05,0.096,2.643,54.95,384.21,Medium
4697,Thermograph,Mixed,Thermal Anomaly,6,0.594,0.012,2.18,0.285,0.371,0.268,29.59,10.39,0.102,2.061,58.51,788.75,Medium
4698,C-scan (BVID with Holes),Damaged,BVID,3,0.574,0.049,51.48,0.629,0.405,0.757,80.59,10.83,0.169,3.473,54.62,545.2,Medium
4699,C-scan (BVID with Holes),Damaged,BVID,3,0.475,0.08,35.88,0.15,0.49,0.765,40.48,6.44,0.096,4.721,56.07,528.59,Medium
4700,Thermograph,Mixed,None,3,0.61,0.027,38.57,0.156,0.958,0.623,59.82,3.22,0.037,0.582,25.24,890.49,Low
4701,Thermograph,Mixed,Thermal Anomaly,6,0.486,0.018,77.38,0.318,0.94,0.895,44.26,2.01,0.105,1.734,31.4,691.54,Medium
4702,C-scan (Pristine with Holes),Pristine,None,5,0.658,0.054,18.67,0.662,0.108,0.852,36.7,4.0,0.011,0.845,58.64,352.35,High
4703,C-scan (BVID with Holes),Damaged,BVID,3,0.497,0.065,66.95,0.131,0.23,0.435,101.38,8.83,0.107,2.354,33.15,477.48,Medium
4704,C-scan (BVID with Holes),Damaged,BVID,5,0.61,0.07,11.96,0.274,0.279,0.787,104.45,12.81,0.192,4.15,40.8,684.85,Medium
4705,C-scan (Pristine with Holes),Pristine,None,5,0.591,0.054,79.56,0.989,0.185,0.443,72.67,8.27,0.013,0.505,29.66,642.01,Low
4706,C-scan (Pristine with Holes),Pristine,None,5,0.613,0.03,77.61,0.396,0.486,0.428,81.95,12.17,0.046,0.555,51.23,740.53,High
4707,C-scan (Pristine with Holes),Pristine,None,3,0.451,0.046,32.66,0.931,0.131,0.48,80.22,6.2,0.018,0.629,38.63,639.43,Medium
4708,C-scan (BVID with Holes),Damaged,BVID,6,0.673,0.013,6.51,0.849,0.881,0.35,26.79,13.92,0.156,2.618,48.47,562.59,Medium
4709,C-scan (Pristine with Holes),Pristine,None,3,0.483,0.062,74.03,0.858,0.963,0.342,58.15,2.79,0.034,0.15,22.46,810.53,Low
4710,C-scan (Pristine with Holes),Pristine,None,4,0.54,0.037,54.83,0.831,0.627,0.432,71.66,12.63,0.039,0.19,42.48,881.97,Medium
4711,C-scan (BVID with Holes),Damaged,BVID,2,0.542,0.036,38.06,0.941,0.614,0.604,85.97,4.18,0.12,2.853,25.44,744.03,Low
4712,C-scan (Pristine with Holes),Pristine,None,2,0.599,0.043,60.42,0.535,0.671,0.806,110.72,11.64,0.013,0.568,23.33,504.86,Low
4713,Thermograph,Mixed,Thermal Anomaly,4,0.574,0.039,11.68,0.718,0.106,0.837,52.69,7.04,0.03,3.04,40.73,621.55,Medium
4714,Thermograph,Mixed,None,6,0.492,0.068,58.46,1.0,0.479,0.366,26.29,3.59,0.037,0.99,23.75,654.22,Low
4715,C-scan (BVID with Holes),Damaged,BVID,3,0.603,0.025,49.94,0.528,0.974,0.533,31.43,10.1,0.194,4.189,32.51,481.05,Medium
4716,C-scan (BVID with Holes),Damaged,BVID,3,0.56,0.055,32.84,0.181,0.553,0.814,53.82,12.68,0.19,2.045,43.58,431.82,Medium
4717,C-scan (BVID with Holes),Damaged,BVID,4,0.502,0.021,5.85,0.882,0.56,0.245,55.79,6.35,0.198,1.292,33.35,541.07,Medium
4718,C-scan (BVID with Holes),Damaged,BVID,4,0.548,0.073,34.65,0.758,0.67,0.343,40.1,3.38,0.163,4.956,40.1,605.29,Medium
4719,Thermograph,Mixed,None,5,0.482,0.038,76.78,0.845,0.77,0.626,60.87,12.87,0.063,2.083,58.17,715.47,High
4720,C-scan (Pristine with Holes),Pristine,None,6,0.637,0.021,34.44,0.529,0.244,0.783,61.2,7.08,0.039,0.417,45.09,686.91,High
4721,C-scan (BVID with Holes),Damaged,BVID,2,0.595,0.072,62.45,0.968,0.681,0.403,94.71,10.46,0.172,4.213,49.69,482.63,Medium
4722,C-scan (BVID with Holes),Damaged,BVID,4,0.698,0.046,84.61,0.646,0.686,0.362,107.33,7.15,0.178,2.085,21.35,617.15,Low
4723,C-scan (BVID with Holes),Damaged,BVID,5,0.657,0.058,69.83,0.131,0.277,0.39,113.18,0.92,0.13,3.119,20.07,881.1,Low
4724,C-scan (BVID with Holes),Damaged,BVID,5,0.532,0.078,14.23,0.631,0.482,0.596,32.8,6.45,0.083,2.47,56.16,541.44,Medium
4725,C-scan (Pristine with Holes),Pristine,None,6,0.59,0.042,30.36,0.647,0.553,0.599,103.69,4.17,0.014,0.333,38.61,692.88,Medium
4726,C-scan (Pristine with Holes),Pristine,None,6,0.622,0.055,45.38,0.365,0.33,0.898,27.9,14.28,0.023,0.38,40.74,898.52,Medium
4727,C-scan (Pristine with Holes),Pristine,None,2,0.619,0.071,50.97,0.919,0.641,0.58,102.65,4.53,0.049,0.481,24.94,661.87,Low
4728,C-scan (Pristine with Holes),Pristine,None,3,0.467,0.054,3.9,0.517,0.648,0.501,111.99,6.86,0.03,0.635,24.53,548.45,Low
4729,Thermograph,Mixed,Thermal Anomaly,3,0.646,0.065,87.82,0.847,0.439,0.647,63.78,11.66,0.135,2.186,54.1,895.94,Medium
4730,Thermograph,Mixed,None,4,0.667,0.063,42.87,0.474,0.349,0.364,58.16,12.82,0.07,3.27,39.88,358.71,Medium
4731,C-scan (BVID with Holes),Damaged,BVID,6,0.468,0.059,47.55,0.946,0.73,0.87,51.69,14.83,0.083,3.562,58.95,648.16,Medium
4732,C-scan (BVID with Holes),Damaged,BVID,6,0.589,0.073,33.76,0.872,0.385,0.468,95.07,14.66,0.179,1.058,32.98,508.24,Medium
4733,Thermograph,Mixed,Thermal Anomaly,5,0.489,0.044,77.71,0.7,0.792,0.538,119.47,6.03,0.116,2.722,42.63,426.08,Medium
4734,C-scan (BVID with Holes),Damaged,BVID,2,0.555,0.07,55.19,0.717,0.641,0.685,75.01,1.53,0.102,1.901,58.09,740.31,Medium
4735,C-scan (Pristine with Holes),Pristine,None,6,0.668,0.052,61.12,0.868,0.747,0.582,80.73,7.14,0.021,0.876,44.35,483.51,Medium
4736,C-scan (BVID with Holes),Damaged,BVID,4,0.594,0.028,58.88,0.414,0.115,0.312,97.08,9.25,0.092,4.56,33.9,446.58,Medium
4737,C-scan (Pristine with Holes),Pristine,None,3,0.515,0.012,14.62,0.23,0.964,0.265,58.04,11.59,0.012,0.36,35.7,899.77,Medium
4738,C-scan (BVID with Holes),Damaged,BVID,5,0.667,0.03,74.3,0.853,0.841,0.494,51.87,6.25,0.141,1.663,35.27,620.43,Medium
4739,C-scan (BVID with Holes),Damaged,BVID,6,0.516,0.034,89.35,0.107,0.262,0.713,74.24,9.65,0.12,2.973,53.19,744.48,Medium
4740,C-scan (Pristine with Holes),Pristine,None,2,0.539,0.044,69.0,0.615,0.114,0.857,102.5,1.94,0.044,0.963,57.08,526.31,High
4741,C-scan (Pristine with Holes),Pristine,None,6,0.54,0.03,37.84,0.663,0.355,0.809,110.1,0.52,0.013,0.768,35.01,815.93,Medium
4742,C-scan (Pristine with Holes),Pristine,None,3,0.67,0.052,85.83,0.349,0.654,0.277,94.93,12.74,0.023,0.346,44.08,384.16,Medium
4743,C-scan (Pristine with Holes),Pristine,None,5,0.691,0.024,16.76,0.143,0.796,0.563,85.06,6.06,0.012,0.314,20.12,497.97,Low
4744,C-scan (BVID with Holes),Damaged,BVID,3,0.688,0.022,60.95,0.724,0.403,0.274,96.73,1.21,0.148,3.902,41.96,739.62,Medium
4745,Thermograph,Mixed,Thermal Anomaly,6,0.59,0.065,4.57,0.993,0.983,0.89,61.05,14.78,0.102,1.771,45.65,850.63,Medium
4746,C-scan (BVID with Holes),Damaged,BVID,6,0.507,0.068,85.02,0.158,0.962,0.678,40.15,6.17,0.103,4.036,29.94,749.27,Low
4747,Thermograph,Mixed,None,4,0.555,0.074,10.12,0.953,0.978,0.403,81.16,14.95,0.036,2.99,33.49,400.15,Medium
4748,C-scan (Pristine with Holes),Pristine,None,2,0.517,0.077,7.67,0.403,0.231,0.624,40.22,7.07,0.03,0.86,40.16,775.13,Medium
4749,C-scan (Pristine with Holes),Pristine,None,4,0.532,0.074,69.11,0.751,0.542,0.82,44.7,7.61,0.045,0.314,53.67,795.04,High
4750,C-scan (BVID with Holes),Damaged,BVID,5,0.609,0.019,6.61,0.935,0.438,0.745,98.47,6.67,0.187,2.349,47.1,736.45,Medium
4751,Thermograph,Mixed,None,5,0.552,0.012,37.43,0.681,0.443,0.828,114.23,11.48,0.036,1.215,52.53,602.68,High
4752,C-scan (Pristine with Holes),Pristine,None,5,0.697,0.039,31.45,0.624,0.581,0.488,80.53,12.95,0.032,0.811,29.75,459.04,Low
4753,C-scan (BVID with Holes),Damaged,BVID,2,0.681,0.067,19.41,0.3,0.556,0.531,58.54,3.77,0.158,3.942,48.2,508.75,Medium
4754,Thermograph,Mixed,Thermal Anomaly,2,0.519,0.049,21.24,0.687,0.483,0.844,103.63,3.07,0.05,2.199,23.76,729.54,Low
4755,C-scan (Pristine with Holes),Pristine,None,3,0.499,0.013,71.77,0.495,0.446,0.32,40.18,0.65,0.026,0.668,43.34,637.81,Medium
4756,C-scan (BVID with Holes),Damaged,BVID,3,0.661,0.068,69.23,0.615,0.845,0.81,46.46,12.65,0.106,4.771,33.02,411.65,Medium
4757,Thermograph,Mixed,Thermal Anomaly,4,0.651,0.029,56.03,0.314,0.649,0.704,27.16,14.41,0.072,1.057,40.47,530.51,Medium
4758,Thermograph,Mixed,Thermal Anomaly,5,0.565,0.056,47.72,0.972,0.122,0.263,37.32,1.03,0.14,2.253,28.74,406.15,Low
4759,C-scan (BVID with Holes),Damaged,BVID,2,0.684,0.045,13.19,0.162,0.727,0.795,108.32,2.7,0.141,4.067,34.95,657.9,Medium
4760,Thermograph,Mixed,None,2,0.636,0.041,13.42,0.179,0.199,0.402,82.16,8.94,0.059,1.585,35.97,779.55,Medium
4761,C-scan (Pristine with Holes),Pristine,None,4,0.588,0.03,82.55,0.136,0.747,0.824,42.71,8.99,0.018,0.454,56.88,489.5,High
4762,C-scan (BVID with Holes),Damaged,BVID,6,0.499,0.032,6.82,0.193,0.956,0.768,114.63,5.14,0.132,2.698,31.91,765.02,Medium
4763,C-scan (BVID with Holes),Damaged,BVID,2,0.454,0.02,64.79,0.146,0.552,0.725,80.26,8.24,0.141,2.64,48.36,765.85,Medium
4764,C-scan (BVID with Holes),Damaged,BVID,4,0.457,0.012,48.8,0.243,0.193,0.859,94.79,13.8,0.193,4.726,43.95,598.49,Medium
4765,C-scan (Pristine with Holes),Pristine,None,4,0.55,0.051,72.96,0.767,0.633,0.697,110.76,12.12,0.011,0.875,24.92,707.65,Low
4766,C-scan (BVID with Holes),Damaged,BVID,4,0.614,0.07,64.17,0.963,0.597,0.815,113.21,14.03,0.187,1.111,25.99,543.74,Low
4767,C-scan (Pristine with Holes),Pristine,None,2,0.514,0.027,56.82,0.231,0.38,0.885,66.91,4.51,0.025,0.667,59.2,369.89,High
4768,C-scan (Pristine with Holes),Pristine,None,6,0.492,0.074,86.01,0.336,0.736,0.372,85.07,9.33,0.035,0.582,43.98,895.0,Medium
4769,C-scan (Pristine with Holes),Pristine,None,4,0.654,0.046,50.53,0.292,0.272,0.251,26.15,5.39,0.023,0.518,36.53,741.31,Medium
4770,C-scan (BVID with Holes),Damaged,BVID,6,0.607,0.01,24.32,0.398,0.519,0.323,85.87,9.14,0.09,3.758,54.91,764.58,Medium
4771,C-scan (BVID with Holes),Damaged,BVID,4,0.52,0.066,62.64,0.49,0.745,0.7,84.52,8.99,0.123,4.73,36.66,587.03,Medium
4772,Thermograph,Mixed,None,5,0.532,0.058,41.09,0.131,0.111,0.234,26.86,7.43,0.114,3.336,56.94,781.4,Medium
4773,C-scan (Pristine with Holes),Pristine,None,2,0.451,0.07,81.43,0.369,0.272,0.536,62.95,2.82,0.02,0.558,51.68,752.5,High
4774,C-scan (BVID with Holes),Damaged,BVID,5,0.51,0.075,9.08,0.138,0.891,0.453,44.04,1.22,0.11,2.542,56.44,721.38,Medium
4775,C-scan (BVID with Holes),Damaged,BVID,4,0.533,0.045,60.91,0.454,0.145,0.43,83.31,7.85,0.171,2.481,56.9,644.39,Medium
4776,C-scan (Pristine with Holes),Pristine,None,3,0.641,0.029,21.23,0.581,0.959,0.656,63.24,0.92,0.045,0.68,25.22,603.26,Low
4777,Thermograph,Mixed,Thermal Anomaly,5,0.488,0.04,37.76,0.899,0.758,0.588,54.26,2.93,0.128,1.888,34.83,444.36,Medium
4778,C-scan (Pristine with Holes),Pristine,None,6,0.667,0.073,13.97,0.656,0.439,0.545,48.48,13.58,0.043,0.136,54.05,690.89,High
4779,Thermograph,Mixed,None,2,0.599,0.05,21.65,0.372,0.511,0.381,25.63,10.93,0.044,2.311,22.56,831.15,Low
4780,C-scan (Pristine with Holes),Pristine,None,5,0.645,0.042,30.64,0.56,0.795,0.888,68.24,9.06,0.025,0.346,21.87,742.21,Low
4781,C-scan (BVID with Holes),Damaged,BVID,4,0.495,0.048,5.33,0.518,0.241,0.504,116.27,5.51,0.118,3.476,24.45,402.63,Low
4782,Thermograph,Mixed,Thermal Anomaly,2,0.491,0.013,60.85,0.747,0.821,0.565,48.19,14.68,0.142,2.881,31.17,721.97,Medium
4783,C-scan (Pristine with Holes),Pristine,None,2,0.679,0.054,23.28,0.36,0.601,0.84,70.92,3.75,0.039,0.126,39.02,828.34,Medium
4784,Thermograph,Mixed,Thermal Anomaly,5,0.451,0.05,69.74,0.517,0.111,0.221,81.02,5.47,0.147,1.833,36.24,394.97,Medium
4785,C-scan (BVID with Holes),Damaged,BVID,2,0.475,0.043,22.22,0.67,0.816,0.873,60.31,9.15,0.136,1.153,57.46,374.6,Medium
4786,Thermograph,Mixed,None,2,0.679,0.068,80.91,0.382,0.129,0.618,89.53,2.37,0.13,2.122,24.57,474.34,Low
4787,C-scan (BVID with Holes),Damaged,BVID,2,0.661,0.032,12.7,0.604,0.647,0.618,38.96,9.76,0.167,4.352,35.04,766.88,Medium
4788,C-scan (BVID with Holes),Damaged,BVID,3,0.563,0.064,70.72,0.41,0.653,0.707,83.22,5.42,0.08,4.922,35.07,608.57,Medium
4789,Thermograph,Mixed,Thermal Anomaly,2,0.639,0.041,83.47,0.972,0.657,0.583,44.34,12.76,0.117,1.159,23.42,509.58,Low
4790,C-scan (Pristine with Holes),Pristine,None,6,0.618,0.024,47.45,0.466,0.235,0.349,59.05,2.45,0.024,0.109,53.12,755.79,High
4791,Thermograph,Mixed,Thermal Anomaly,3,0.478,0.047,13.64,0.792,0.902,0.799,31.7,7.27,0.059,0.92,38.41,412.75,Medium
4792,Thermograph,Mixed,None,2,0.487,0.061,29.76,0.803,0.95,0.848,115.72,3.38,0.111,1.662,43.39,455.55,Medium
4793,Thermograph,Mixed,None,4,0.693,0.01,11.14,0.908,0.153,0.431,112.08,12.07,0.067,2.707,34.66,730.98,Medium
4794,C-scan (Pristine with Holes),Pristine,None,5,0.469,0.033,62.3,0.468,0.782,0.204,40.5,13.3,0.023,0.816,31.08,722.41,Medium
4795,C-scan (Pristine with Holes),Pristine,None,4,0.604,0.027,28.94,0.745,0.884,0.357,50.92,6.34,0.041,0.418,55.4,648.69,High
4796,C-scan (Pristine with Holes),Pristine,None,4,0.535,0.046,46.98,0.677,0.916,0.717,68.44,1.16,0.011,0.485,39.51,630.89,Medium
4797,C-scan (Pristine with Holes),Pristine,None,3,0.553,0.028,53.79,0.608,0.273,0.243,32.96,10.17,0.041,0.692,22.26,583.38,Low
4798,Thermograph,Mixed,Thermal Anomaly,3,0.477,0.068,45.37,0.87,0.845,0.651,54.23,7.64,0.062,1.658,54.64,563.89,High
4799,C-scan (BVID with Holes),Damaged,BVID,5,0.54,0.033,79.43,0.624,0.912,0.641,96.07,5.54,0.167,2.326,23.92,569.13,Low
4800,C-scan (Pristine with Holes),Pristine,None,5,0.48,0.021,4.11,0.162,0.249,0.662,45.18,12.66,0.046,0.853,27.12,571.48,Low
4801,C-scan (Pristine with Holes),Pristine,None,5,0.505,0.073,2.18,0.522,0.305,0.46,96.93,8.94,0.011,0.14,39.5,437.96,Medium
4802,Thermograph,Mixed,Thermal Anomaly,5,0.62,0.038,12.46,0.332,0.76,0.894,61.25,13.31,0.091,1.775,40.42,601.46,Medium
4803,C-scan (Pristine with Holes),Pristine,None,3,0.593,0.012,39.87,0.888,0.155,0.293,46.86,9.5,0.012,0.991,55.95,416.86,High
4804,C-scan (BVID with Holes),Damaged,BVID,6,0.69,0.067,69.16,0.358,0.876,0.511,78.41,0.85,0.114,2.235,37.34,390.36,Medium
4805,C-scan (Pristine with Holes),Pristine,None,5,0.607,0.027,89.52,0.933,0.236,0.717,110.45,8.02,0.046,0.685,43.4,490.94,Medium
4806,C-scan (BVID with Holes),Damaged,BVID,5,0.549,0.072,4.06,0.808,0.919,0.31,66.37,4.34,0.13,1.699,55.7,443.85,Medium
4807,C-scan (Pristine with Holes),Pristine,None,4,0.538,0.016,78.18,0.47,0.6,0.305,119.27,6.64,0.033,0.498,40.63,380.39,Medium
4808,Thermograph,Mixed,None,3,0.515,0.013,14.29,0.332,0.946,0.664,103.41,3.73,0.105,0.514,58.41,719.51,Medium
4809,C-scan (BVID with Holes),Damaged,BVID,4,0.463,0.056,43.91,0.268,0.138,0.772,33.44,2.39,0.14,4.844,34.18,452.67,Medium
4810,Thermograph,Mixed,None,6,0.477,0.033,79.8,0.614,0.374,0.372,77.98,9.32,0.123,2.122,34.72,781.79,Medium
4811,C-scan (Pristine with Holes),Pristine,None,5,0.535,0.018,49.35,0.185,0.694,0.608,106.86,0.6,0.033,0.182,41.24,699.0,Medium
4812,C-scan (Pristine with Holes),Pristine,None,3,0.515,0.031,12.41,0.273,0.887,0.691,74.69,1.24,0.023,0.319,56.25,526.98,High
4813,C-scan (BVID with Holes),Damaged,BVID,5,0.615,0.041,86.96,0.906,0.884,0.27,57.89,10.7,0.136,4.923,34.98,666.44,Medium
4814,C-scan (BVID with Holes),Damaged,BVID,6,0.554,0.05,89.98,0.312,0.391,0.597,53.0,9.89,0.103,1.449,54.0,431.77,Medium
4815,Thermograph,Mixed,None,6,0.601,0.073,28.51,0.222,0.773,0.742,115.45,3.77,0.046,0.565,40.39,823.17,Medium
4816,C-scan (Pristine with Holes),Pristine,None,5,0.581,0.015,82.83,0.875,0.125,0.586,88.52,5.62,0.048,0.212,57.34,366.33,High
4817,Thermograph,Mixed,None,4,0.511,0.068,30.1,0.918,0.251,0.488,107.47,13.55,0.079,1.954,38.61,646.03,Medium
4818,C-scan (Pristine with Holes),Pristine,None,6,0.638,0.07,57.61,0.859,0.606,0.753,33.8,11.09,0.047,0.587,57.0,731.7,High
4819,C-scan (Pristine with Holes),Pristine,None,2,0.681,0.047,19.7,0.223,0.988,0.235,37.85,9.27,0.037,0.416,32.71,455.87,Medium
4820,C-scan (Pristine with Holes),Pristine,None,5,0.566,0.048,22.61,0.234,0.586,0.776,65.93,10.31,0.035,0.606,33.76,786.25,Medium
4821,Thermograph,Mixed,None,6,0.594,0.04,16.3,0.734,0.348,0.541,74.33,6.09,0.073,1.704,46.59,720.98,High
4822,C-scan (Pristine with Holes),Pristine,None,4,0.616,0.058,11.15,0.969,0.9,0.63,47.36,8.79,0.017,0.239,52.07,495.28,High
4823,C-scan (BVID with Holes),Damaged,BVID,2,0.478,0.032,15.43,0.776,0.255,0.424,105.7,10.53,0.167,1.4,39.36,465.22,Medium
4824,C-scan (Pristine with Holes),Pristine,None,6,0.45,0.052,40.7,0.55,0.814,0.739,100.71,8.96,0.04,0.769,48.02,554.97,High
4825,Thermograph,Mixed,Thermal Anomaly,6,0.652,0.031,34.59,0.669,0.158,0.591,36.77,14.76,0.1,1.392,46.27,518.33,Medium
4826,Thermograph,Mixed,Thermal Anomaly,4,0.601,0.041,18.5,0.842,0.277,0.665,54.37,0.55,0.123,1.818,39.96,539.95,Medium
4827,C-scan (BVID with Holes),Damaged,BVID,5,0.647,0.063,68.82,0.544,0.545,0.28,40.42,13.36,0.118,2.065,30.8,634.22,Medium
4828,C-scan (Pristine with Holes),Pristine,None,3,0.56,0.02,87.57,0.753,0.191,0.277,75.67,1.64,0.047,0.213,53.38,715.57,High
4829,C-scan (BVID with Holes),Damaged,BVID,4,0.664,0.078,82.82,0.51,0.991,0.854,45.14,5.31,0.194,4.514,50.05,664.41,Medium
4830,C-scan (Pristine with Holes),Pristine,None,2,0.659,0.059,74.07,0.224,0.148,0.296,99.62,1.91,0.023,0.101,46.33,883.81,High
4831,Thermograph,Mixed,None,4,0.544,0.077,30.04,0.262,0.964,0.241,56.28,3.75,0.067,1.042,35.0,504.05,Medium
4832,Thermograph,Mixed,Thermal Anomaly,6,0.461,0.015,62.03,0.841,0.54,0.577,98.87,1.09,0.113,1.235,37.94,413.39,Medium
4833,Thermograph,Mixed,Thermal Anomaly,3,0.535,0.017,33.37,0.119,0.674,0.246,58.08,12.79,0.075,1.589,53.15,520.76,High
4834,C-scan (Pristine with Holes),Pristine,None,2,0.536,0.069,23.0,0.503,0.479,0.211,81.31,6.16,0.025,0.532,28.71,812.85,Low
4835,Thermograph,Mixed,Thermal Anomaly,5,0.553,0.063,76.08,0.598,0.624,0.628,82.1,14.39,0.051,1.983,59.3,716.42,High
4836,C-scan (Pristine with Holes),Pristine,None,2,0.516,0.044,40.51,0.368,0.412,0.312,110.21,11.48,0.044,0.914,36.31,779.25,Medium
4837,C-scan (BVID with Holes),Damaged,BVID,5,0.63,0.016,5.08,0.478,0.165,0.602,56.09,4.14,0.171,2.621,45.69,848.4,Medium
4838,Thermograph,Mixed,Thermal Anomaly,4,0.676,0.079,58.49,0.96,0.282,0.853,96.57,8.67,0.15,1.786,41.41,719.65,Medium
4839,C-scan (BVID with Holes),Damaged,BVID,4,0.503,0.065,73.93,0.84,0.604,0.893,31.66,1.65,0.178,2.529,52.02,389.25,Medium
4840,C-scan (BVID with Holes),Damaged,BVID,5,0.575,0.016,0.52,0.31,0.196,0.243,55.54,4.81,0.119,3.51,59.62,677.24,Medium
4841,C-scan (Pristine with Holes),Pristine,None,5,0.693,0.056,52.9,0.255,0.606,0.847,62.45,5.6,0.022,0.127,56.96,498.67,High
4842,Thermograph,Mixed,None,5,0.66,0.079,19.34,0.529,0.762,0.772,39.34,7.26,0.08,1.09,47.35,749.86,Medium
4843,C-scan (BVID with Holes),Damaged,BVID,5,0.664,0.041,6.15,0.27,0.799,0.807,72.24,10.37,0.143,4.982,41.01,591.17,Medium
4844,C-scan (BVID with Holes),Damaged,BVID,3,0.649,0.029,3.41,0.347,0.215,0.325,99.58,6.63,0.125,2.78,41.59,481.38,Medium
4845,C-scan (BVID with Holes),Damaged,BVID,4,0.584,0.076,55.41,0.371,0.937,0.897,117.94,12.87,0.188,3.006,44.1,453.51,Medium
4846,C-scan (BVID with Holes),Damaged,BVID,6,0.463,0.059,79.71,0.73,0.407,0.402,96.85,3.6,0.121,3.925,37.81,488.73,Medium
4847,Thermograph,Mixed,None,5,0.56,0.073,53.99,0.578,0.815,0.581,90.58,13.38,0.054,2.85,33.53,486.74,Medium
4848,C-scan (BVID with Holes),Damaged,BVID,3,0.699,0.062,69.4,0.358,0.751,0.46,115.11,13.88,0.164,1.148,57.04,405.1,Medium
4849,Thermograph,Mixed,Thermal Anomaly,5,0.451,0.036,23.41,0.956,0.348,0.691,83.46,1.93,0.109,1.365,43.93,782.34,Medium
4850,C-scan (Pristine with Holes),Pristine,None,2,0.62,0.039,48.93,0.319,0.442,0.362,58.19,9.76,0.036,0.263,40.88,440.58,Medium
4851,C-scan (BVID with Holes),Damaged,BVID,3,0.668,0.051,52.88,0.627,0.79,0.367,54.81,9.0,0.173,3.139,42.32,647.76,Medium
4852,C-scan (Pristine with Holes),Pristine,None,4,0.67,0.075,72.45,0.431,0.95,0.886,70.46,11.47,0.034,0.896,25.64,351.94,Low
4853,Thermograph,Mixed,None,3,0.545,0.06,33.92,0.743,0.152,0.416,54.6,1.17,0.065,1.797,37.87,890.77,Medium
4854,C-scan (BVID with Holes),Damaged,BVID,5,0.589,0.018,58.74,0.225,0.222,0.476,46.16,12.62,0.1,2.424,30.53,528.74,Medium
4855,C-scan (Pristine with Holes),Pristine,None,6,0.56,0.073,2.07,0.63,0.228,0.408,71.15,2.16,0.035,0.2,47.8,443.6,High
4856,C-scan (Pristine with Holes),Pristine,None,5,0.677,0.052,36.03,0.614,0.395,0.436,61.77,10.0,0.022,0.948,46.47,793.55,High
4857,C-scan (BVID with Holes),Damaged,BVID,5,0.632,0.042,58.33,0.866,0.732,0.681,71.18,9.83,0.186,2.853,33.91,532.55,Medium
4858,Thermograph,Mixed,None,2,0.468,0.076,70.14,0.165,0.507,0.708,90.23,5.06,0.126,2.065,35.6,668.05,Medium
4859,Thermograph,Mixed,Thermal Anomaly,6,0.525,0.045,48.48,0.257,0.96,0.353,104.44,8.91,0.091,3.163,43.21,863.03,Medium
4860,C-scan (BVID with Holes),Damaged,BVID,5,0.483,0.05,82.06,0.129,0.63,0.328,74.05,4.27,0.181,2.48,38.52,549.11,Medium
4861,C-scan (BVID with Holes),Damaged,BVID,5,0.593,0.032,13.12,0.628,0.845,0.229,83.22,8.38,0.111,3.319,46.39,694.99,Medium
4862,C-scan (Pristine with Holes),Pristine,None,6,0.598,0.027,48.07,0.123,0.558,0.468,27.44,11.0,0.038,0.86,49.0,466.73,High
4863,C-scan (Pristine with Holes),Pristine,None,4,0.557,0.045,44.79,0.287,0.294,0.878,107.81,8.64,0.03,0.301,21.0,820.59,Low
4864,C-scan (Pristine with Holes),Pristine,None,5,0.622,0.068,18.9,0.838,0.149,0.889,114.39,13.62,0.014,0.65,53.58,626.25,High
4865,C-scan (Pristine with Holes),Pristine,None,3,0.621,0.015,21.49,0.771,0.94,0.425,72.33,1.28,0.032,0.846,39.73,594.43,Medium
4866,C-scan (Pristine with Holes),Pristine,None,5,0.5,0.02,26.64,0.95,0.469,0.823,52.05,0.92,0.015,0.101,27.68,747.69,Low
4867,C-scan (BVID with Holes),Damaged,BVID,6,0.699,0.028,31.03,0.667,0.859,0.502,70.19,2.09,0.099,2.833,47.54,586.36,Medium
4868,Thermograph,Mixed,Thermal Anomaly,2,0.455,0.014,62.54,0.846,0.577,0.842,27.04,1.26,0.141,2.351,49.27,801.84,Medium
4869,C-scan (Pristine with Holes),Pristine,None,5,0.68,0.06,50.4,0.934,0.78,0.708,30.33,14.48,0.022,0.765,24.75,609.5,Low
4870,C-scan (BVID with Holes),Damaged,BVID,6,0.488,0.074,28.1,0.195,0.679,0.592,26.55,7.5,0.161,3.667,54.01,364.48,Medium
4871,C-scan (BVID with Holes),Damaged,BVID,4,0.679,0.037,49.62,0.747,0.518,0.34,95.47,13.19,0.157,3.527,41.3,612.89,Medium
4872,Thermograph,Mixed,None,6,0.602,0.02,0.86,0.53,0.778,0.46,43.38,5.88,0.08,1.677,24.82,774.79,Low
4873,C-scan (Pristine with Holes),Pristine,None,4,0.661,0.02,69.38,0.701,0.798,0.279,88.42,6.42,0.037,0.895,45.16,617.14,High
4874,Thermograph,Mixed,Thermal Anomaly,4,0.532,0.024,83.96,0.438,0.416,0.45,77.87,2.01,0.144,2.835,44.57,518.56,Medium
4875,Thermograph,Mixed,None,5,0.685,0.014,51.84,0.933,0.236,0.596,53.06,11.25,0.147,1.586,45.04,777.14,Medium
4876,C-scan (BVID with Holes),Damaged,BVID,3,0.596,0.072,4.83,0.902,0.178,0.45,77.54,5.04,0.188,4.426,36.9,515.98,Medium
4877,C-scan (Pristine with Holes),Pristine,None,2,0.509,0.012,49.68,0.701,0.601,0.538,32.45,8.78,0.015,0.186,23.68,814.23,Low
4878,Thermograph,Mixed,Thermal Anomaly,6,0.586,0.071,31.26,0.524,0.75,0.256,86.02,8.42,0.117,1.946,32.31,578.87,Medium
4879,C-scan (BVID with Holes),Damaged,BVID,4,0.687,0.066,15.53,0.161,0.481,0.624,67.27,3.42,0.113,2.833,28.82,865.19,Low
4880,Thermograph,Mixed,Thermal Anomaly,2,0.564,0.055,9.58,0.86,0.648,0.443,74.52,9.49,0.146,3.228,29.76,875.02,Low
4881,C-scan (Pristine with Holes),Pristine,None,2,0.571,0.026,43.92,0.844,0.521,0.821,83.63,14.0,0.038,0.934,20.13,459.09,Low
4882,C-scan (Pristine with Holes),Pristine,None,2,0.633,0.078,62.1,0.936,0.663,0.818,61.66,8.43,0.04,0.685,54.7,362.19,High
4883,C-scan (Pristine with Holes),Pristine,None,2,0.509,0.067,24.29,0.464,0.215,0.259,54.33,9.09,0.033,0.463,32.91,574.87,Medium
4884,C-scan (Pristine with Holes),Pristine,None,5,0.621,0.059,60.01,0.47,0.291,0.507,44.97,11.32,0.018,0.876,21.15,718.6,Low
4885,C-scan (Pristine with Holes),Pristine,None,5,0.617,0.08,41.68,0.6,0.299,0.204,84.65,2.94,0.016,0.26,24.29,713.63,Low
4886,Thermograph,Mixed,Thermal Anomaly,5,0.592,0.07,21.12,0.107,0.54,0.329,67.19,14.09,0.111,0.911,40.65,582.44,Medium
4887,Thermograph,Mixed,None,5,0.656,0.017,23.97,0.512,0.646,0.416,108.85,5.23,0.1,2.342,33.51,884.78,Medium
4888,C-scan (Pristine with Holes),Pristine,None,6,0.68,0.072,81.09,0.956,0.125,0.567,75.23,1.01,0.036,0.146,55.85,357.6,High
4889,Thermograph,Mixed,Thermal Anomaly,6,0.557,0.036,51.96,0.707,0.998,0.873,113.47,0.87,0.073,3.213,40.73,525.66,Medium
4890,Thermograph,Mixed,Thermal Anomaly,4,0.504,0.079,53.32,0.221,0.196,0.413,83.1,3.02,0.094,0.705,26.07,755.6,Low
4891,Thermograph,Mixed,Thermal Anomaly,6,0.577,0.041,72.4,0.972,0.367,0.889,95.71,12.91,0.13,1.833,57.12,532.24,Medium
4892,Thermograph,Mixed,Thermal Anomaly,4,0.673,0.032,70.06,0.135,0.734,0.289,89.51,0.54,0.076,1.809,51.64,439.09,High
4893,Thermograph,Mixed,None,3,0.662,0.068,83.6,0.448,0.369,0.8,42.29,11.71,0.067,1.605,20.24,735.67,Low
4894,C-scan (BVID with Holes),Damaged,BVID,4,0.618,0.06,50.31,0.344,0.751,0.436,37.15,5.37,0.191,4.803,42.51,659.37,Medium
4895,C-scan (BVID with Holes),Damaged,BVID,6,0.551,0.051,87.04,0.261,0.786,0.812,98.82,10.33,0.146,4.29,30.01,625.35,Medium
4896,C-scan (Pristine with Holes),Pristine,None,4,0.492,0.056,40.21,0.485,0.515,0.586,34.12,10.37,0.013,0.569,21.67,424.43,Low
4897,C-scan (BVID with Holes),Damaged,BVID,5,0.625,0.044,75.81,0.594,0.862,0.691,38.06,4.92,0.196,2.735,48.64,813.03,Medium
4898,C-scan (BVID with Holes),Damaged,BVID,4,0.454,0.01,54.24,0.467,0.516,0.752,75.27,2.14,0.124,2.224,43.63,439.43,Medium
4899,C-scan (Pristine with Holes),Pristine,None,5,0.641,0.077,34.11,0.164,0.285,0.336,116.25,2.5,0.031,0.139,22.3,480.43,Low
4900,Thermograph,Mixed,None,3,0.617,0.021,12.57,0.788,0.207,0.823,93.73,3.7,0.057,1.407,48.29,845.37,High
4901,C-scan (BVID with Holes),Damaged,BVID,3,0.55,0.056,4.96,0.527,0.348,0.694,85.26,4.59,0.096,1.9,25.46,358.01,Low
4902,C-scan (BVID with Holes),Damaged,BVID,2,0.59,0.079,60.7,0.643,0.205,0.427,32.49,12.92,0.133,1.442,58.6,423.11,Medium
4903,C-scan (Pristine with Holes),Pristine,None,6,0.483,0.072,79.16,0.628,0.148,0.466,112.19,14.41,0.03,0.903,39.76,429.1,Medium
4904,C-scan (Pristine with Holes),Pristine,None,2,0.498,0.044,69.52,0.387,0.53,0.578,116.48,11.3,0.047,0.604,22.56,888.47,Low
4905,C-scan (BVID with Holes),Damaged,BVID,2,0.583,0.018,82.8,0.66,0.6,0.506,75.18,9.11,0.094,2.333,26.86,352.23,Low
4906,C-scan (Pristine with Holes),Pristine,None,2,0.519,0.071,85.95,0.614,0.759,0.69,32.71,11.1,0.036,0.201,43.29,394.59,Medium
4907,C-scan (Pristine with Holes),Pristine,None,2,0.503,0.08,85.99,0.888,0.727,0.488,71.35,1.55,0.035,0.128,43.59,368.69,Medium
4908,C-scan (Pristine with Holes),Pristine,None,3,0.623,0.054,61.99,0.3,0.947,0.633,94.53,10.99,0.026,0.127,30.3,360.74,Medium
4909,Thermograph,Mixed,Thermal Anomaly,5,0.503,0.063,40.99,0.945,0.865,0.487,99.27,6.41,0.092,2.408,23.65,776.89,Low
4910,C-scan (Pristine with Holes),Pristine,None,5,0.527,0.065,7.73,0.287,0.261,0.701,44.86,12.85,0.041,0.653,23.61,589.16,Low
4911,C-scan (Pristine with Holes),Pristine,None,4,0.566,0.074,22.43,0.43,0.915,0.547,90.8,1.78,0.036,0.949,29.85,509.67,Low
4912,C-scan (BVID with Holes),Damaged,BVID,6,0.64,0.034,60.59,0.369,0.48,0.81,107.49,9.13,0.117,2.568,21.29,873.92,Low
4913,C-scan (Pristine with Holes),Pristine,None,5,0.477,0.019,55.56,0.484,0.391,0.749,60.74,3.72,0.023,0.944,40.7,894.56,Medium
4914,Thermograph,Mixed,None,4,0.46,0.077,52.58,0.434,0.829,0.556,108.63,5.36,0.079,2.851,45.58,390.1,High
4915,Thermograph,Mixed,Thermal Anomaly,3,0.577,0.072,30.03,0.834,0.499,0.673,113.4,12.27,0.034,1.231,45.1,576.37,High
4916,Thermograph,Mixed,Thermal Anomaly,5,0.451,0.018,42.81,0.809,0.907,0.325,111.72,13.49,0.102,1.585,38.5,603.75,Medium
4917,Thermograph,Mixed,None,3,0.688,0.016,70.9,0.431,0.79,0.861,41.32,7.3,0.073,2.287,32.95,494.38,Medium
4918,C-scan (Pristine with Holes),Pristine,None,2,0.658,0.025,43.9,0.884,0.376,0.543,55.5,6.56,0.034,0.17,48.75,621.26,High
4919,C-scan (Pristine with Holes),Pristine,None,5,0.569,0.018,74.4,0.399,0.963,0.525,66.65,13.03,0.02,0.484,38.28,550.97,Medium
4920,C-scan (BVID with Holes),Damaged,BVID,6,0.53,0.068,7.67,0.677,0.103,0.687,114.08,12.57,0.179,4.554,50.4,682.63,Medium
4921,Thermograph,Mixed,Thermal Anomaly,4,0.604,0.029,1.1,0.877,0.605,0.499,48.42,1.12,0.079,0.963,38.33,486.6,Medium
4922,C-scan (Pristine with Holes),Pristine,None,6,0.62,0.048,69.6,0.788,0.564,0.449,115.72,0.78,0.019,0.363,36.32,644.7,Medium
4923,Thermograph,Mixed,None,6,0.689,0.042,71.19,0.544,0.39,0.608,61.82,9.36,0.086,2.305,23.89,562.16,Low
4924,C-scan (BVID with Holes),Damaged,BVID,4,0.662,0.029,40.21,0.418,0.797,0.354,68.51,5.87,0.149,1.199,48.46,846.64,Medium
4925,C-scan (BVID with Holes),Damaged,BVID,6,0.654,0.035,2.26,0.882,0.531,0.526,57.7,2.08,0.165,4.193,24.62,845.26,Low
4926,C-scan (Pristine with Holes),Pristine,None,5,0.698,0.066,26.2,0.489,0.964,0.236,86.91,12.68,0.037,0.209,57.95,615.4,High
4927,C-scan (Pristine with Holes),Pristine,None,3,0.527,0.01,4.42,0.777,0.213,0.839,58.17,6.35,0.043,0.275,46.88,723.05,High
4928,C-scan (Pristine with Holes),Pristine,None,6,0.602,0.054,85.99,0.65,0.71,0.531,51.02,8.57,0.023,0.954,42.81,816.29,Medium
4929,Thermograph,Mixed,Thermal Anomaly,3,0.531,0.04,44.44,0.179,0.566,0.233,108.93,7.78,0.041,2.898,30.32,554.36,Medium
4930,C-scan (BVID with Holes),Damaged,BVID,3,0.539,0.037,3.3,0.241,0.825,0.596,72.25,14.33,0.181,3.307,56.52,530.2,Medium
4931,Thermograph,Mixed,None,2,0.695,0.028,17.72,0.1,0.323,0.638,93.65,9.64,0.06,2.34,41.46,408.05,Medium
4932,Thermograph,Mixed,Thermal Anomaly,5,0.589,0.079,73.83,1.0,0.295,0.336,28.13,9.25,0.137,3.241,30.84,352.35,Medium
4933,C-scan (Pristine with Holes),Pristine,None,4,0.683,0.036,77.15,0.177,0.789,0.764,44.48,3.52,0.027,0.94,22.11,394.7,Low
4934,C-scan (BVID with Holes),Damaged,BVID,3,0.543,0.055,76.97,0.214,0.631,0.485,64.42,14.09,0.129,2.835,56.02,368.48,Medium
4935,Thermograph,Mixed,None,3,0.661,0.031,17.49,0.942,0.388,0.631,97.67,14.02,0.092,0.752,26.83,794.65,Low
4936,C-scan (BVID with Holes),Damaged,BVID,3,0.663,0.053,85.45,0.12,0.625,0.629,104.32,7.3,0.155,2.534,47.76,879.06,Medium
4937,Thermograph,Mixed,Thermal Anomaly,6,0.651,0.06,76.93,0.913,0.881,0.45,115.37,1.22,0.091,3.029,58.08,568.25,Medium
4938,C-scan (BVID with Holes),Damaged,BVID,5,0.498,0.05,82.68,0.698,0.685,0.895,26.03,11.34,0.171,4.714,31.89,748.18,Medium
4939,C-scan (BVID with Holes),Damaged,BVID,3,0.656,0.073,69.29,0.46,0.148,0.687,88.81,7.49,0.179,1.589,43.55,753.19,Medium
4940,C-scan (Pristine with Holes),Pristine,None,6,0.697,0.058,88.15,0.798,0.472,0.883,108.89,6.78,0.035,0.812,32.54,596.82,Medium
4941,C-scan (BVID with Holes),Damaged,BVID,4,0.531,0.043,47.39,0.942,0.309,0.663,43.64,14.86,0.095,4.545,34.07,388.62,Medium
4942,C-scan (Pristine with Holes),Pristine,None,6,0.548,0.044,41.05,0.986,0.457,0.618,103.88,7.1,0.039,0.915,30.42,679.5,Medium
4943,C-scan (BVID with Holes),Damaged,BVID,2,0.459,0.018,33.26,0.829,0.937,0.398,98.2,12.31,0.199,3.761,30.65,400.84,Medium
4944,Thermograph,Mixed,Thermal Anomaly,2,0.681,0.058,38.25,0.78,0.454,0.223,91.26,5.63,0.107,1.048,44.01,748.37,Medium
4945,Thermograph,Mixed,Thermal Anomaly,4,0.593,0.039,20.04,0.949,0.404,0.381,114.79,7.78,0.077,2.433,36.53,560.84,Medium
4946,C-scan (BVID with Holes),Damaged,BVID,5,0.49,0.01,86.21,0.655,0.894,0.311,97.97,7.83,0.172,4.839,58.32,863.86,Medium
4947,Thermograph,Mixed,Thermal Anomaly,6,0.536,0.029,15.39,0.369,0.984,0.597,59.96,6.8,0.139,2.69,28.7,787.85,Low
4948,Thermograph,Mixed,Thermal Anomaly,3,0.575,0.021,44.28,0.619,0.133,0.635,110.65,11.45,0.08,1.848,30.47,829.66,Medium
4949,Thermograph,Mixed,Thermal Anomaly,5,0.552,0.042,82.81,0.546,0.449,0.686,40.22,9.49,0.062,0.575,26.46,557.97,Low
4950,C-scan (BVID with Holes),Damaged,BVID,5,0.619,0.076,73.88,0.683,0.786,0.307,114.52,8.95,0.188,1.321,41.46,820.12,Medium
4951,C-scan (Pristine with Holes),Pristine,None,6,0.466,0.048,65.57,0.522,0.963,0.846,46.36,0.81,0.013,0.286,29.27,664.11,Low
4952,Thermograph,Mixed,Thermal Anomaly,2,0.628,0.035,18.53,0.45,0.948,0.206,29.7,4.59,0.107,2.149,46.26,625.36,Medium
4953,C-scan (Pristine with Holes),Pristine,None,3,0.625,0.028,5.86,0.297,0.213,0.395,35.51,12.72,0.018,0.724,38.79,838.22,Medium
4954,C-scan (BVID with Holes),Damaged,BVID,2,0.589,0.073,53.59,0.478,0.384,0.357,38.85,13.93,0.147,4.083,49.91,660.54,Medium
4955,C-scan (Pristine with Holes),Pristine,None,2,0.556,0.049,52.95,0.587,0.985,0.87,48.09,7.94,0.011,0.751,37.27,715.73,Medium
4956,Thermograph,Mixed,None,4,0.598,0.072,43.38,0.18,0.615,0.887,62.67,2.33,0.093,1.614,24.6,578.65,Low
4957,Thermograph,Mixed,Thermal Anomaly,6,0.487,0.058,67.46,0.526,0.337,0.306,34.08,5.06,0.111,1.115,41.68,595.63,Medium
4958,Thermograph,Mixed,None,4,0.58,0.035,42.82,0.814,0.949,0.824,29.14,10.54,0.078,0.924,36.23,834.4,Medium
4959,Thermograph,Mixed,Thermal Anomaly,2,0.52,0.054,34.53,0.975,0.98,0.474,45.68,5.42,0.082,2.217,58.09,519.57,Medium
4960,C-scan (BVID with Holes),Damaged,BVID,2,0.58,0.052,21.72,0.996,0.759,0.705,72.12,11.46,0.148,3.38,44.23,520.78,Medium
4961,C-scan (BVID with Holes),Damaged,BVID,2,0.513,0.048,83.84,0.899,0.816,0.466,69.53,11.09,0.187,3.153,20.05,764.12,Low
4962,C-scan (Pristine with Holes),Pristine,None,3,0.583,0.03,19.08,0.791,0.581,0.498,42.36,4.4,0.012,0.727,33.85,364.86,Medium
4963,C-scan (Pristine with Holes),Pristine,None,5,0.616,0.063,19.69,0.619,0.535,0.801,28.35,9.77,0.023,0.349,28.74,878.25,Low
4964,C-scan (BVID with Holes),Damaged,BVID,5,0.541,0.034,54.08,0.935,0.134,0.556,90.12,2.39,0.084,3.278,52.69,862.12,Medium
4965,Thermograph,Mixed,Thermal Anomaly,4,0.497,0.07,72.9,0.531,0.394,0.288,89.48,10.25,0.13,1.967,53.94,849.07,Medium
4966,C-scan (BVID with Holes),Damaged,BVID,3,0.563,0.07,62.08,0.182,0.695,0.284,38.34,2.26,0.091,2.463,26.82,786.13,Low
4967,Thermograph,Mixed,Thermal Anomaly,2,0.677,0.039,70.43,0.868,0.297,0.668,99.19,12.19,0.061,1.652,57.25,646.94,High
4968,C-scan (BVID with Holes),Damaged,BVID,4,0.595,0.08,66.31,0.458,0.135,0.255,60.54,7.69,0.159,2.347,46.88,739.45,Medium
4969,C-scan (BVID with Holes),Damaged,BVID,6,0.522,0.037,33.29,0.545,0.762,0.866,107.07,10.22,0.178,4.133,59.47,887.6,Medium
4970,Thermograph,Mixed,None,4,0.597,0.075,80.23,0.912,0.634,0.725,58.04,14.54,0.136,3.07,32.62,382.77,Medium
4971,C-scan (Pristine with Holes),Pristine,None,6,0.698,0.049,14.91,0.534,0.94,0.703,111.94,12.94,0.03,0.721,56.32,701.03,High
4972,C-scan (BVID with Holes),Damaged,BVID,3,0.622,0.041,20.6,0.653,0.165,0.805,87.69,10.91,0.196,2.815,27.67,517.81,Low
4973,C-scan (Pristine with Holes),Pristine,None,2,0.663,0.06,86.77,0.333,0.478,0.549,116.44,4.19,0.038,0.907,44.44,692.38,Medium
4974,C-scan (BVID with Holes),Damaged,BVID,2,0.49,0.065,73.33,0.48,0.582,0.707,61.15,2.35,0.127,2.065,38.6,409.28,Medium
4975,C-scan (Pristine with Holes),Pristine,None,2,0.524,0.044,75.69,0.402,0.97,0.885,26.24,7.11,0.017,0.89,27.12,523.1,Low
4976,Thermograph,Mixed,Thermal Anomaly,5,0.645,0.041,27.11,0.142,0.974,0.6,52.17,9.47,0.149,1.55,47.5,650.08,Medium
4977,Thermograph,Mixed,None,4,0.611,0.067,55.68,0.423,0.751,0.79,36.17,9.77,0.145,2.408,58.58,630.07,Medium
4978,C-scan (BVID with Holes),Damaged,BVID,6,0.683,0.029,37.13,0.999,0.239,0.647,54.62,0.8,0.089,1.949,54.29,817.22,Medium
4979,C-scan (BVID with Holes),Damaged,BVID,3,0.57,0.069,6.38,0.185,0.277,0.252,33.12,1.58,0.112,2.815,56.73,409.44,Medium
4980,Thermograph,Mixed,Thermal Anomaly,6,0.619,0.02,38.72,0.915,0.381,0.65,103.06,8.12,0.14,2.633,24.29,494.91,Low
4981,C-scan (Pristine with Holes),Pristine,None,5,0.631,0.037,64.4,0.75,0.354,0.378,112.02,12.61,0.021,0.983,21.58,490.65,Low
4982,C-scan (Pristine with Holes),Pristine,None,3,0.645,0.073,32.42,0.711,0.426,0.812,95.1,3.63,0.04,0.152,31.72,446.95,Medium
4983,Thermograph,Mixed,None,2,0.58,0.013,31.67,0.715,0.348,0.649,52.6,9.58,0.043,3.479,51.46,717.08,High
4984,C-scan (Pristine with Holes),Pristine,None,5,0.693,0.058,78.46,0.19,0.605,0.803,49.36,13.68,0.048,0.14,49.93,702.97,High
4985,C-scan (Pristine with Holes),Pristine,None,3,0.688,0.011,46.44,0.463,0.162,0.313,25.02,12.98,0.023,0.531,50.53,538.96,High
4986,C-scan (Pristine with Holes),Pristine,None,6,0.644,0.018,45.45,0.483,0.132,0.748,101.26,11.77,0.013,0.826,53.29,423.23,High
4987,C-scan (Pristine with Holes),Pristine,None,3,0.565,0.078,74.16,0.575,0.861,0.873,77.05,9.97,0.024,0.459,59.63,813.82,High
4988,C-scan (Pristine with Holes),Pristine,None,4,0.499,0.074,71.79,0.515,0.767,0.702,81.24,5.47,0.012,0.514,45.13,866.08,High
4989,C-scan (Pristine with Holes),Pristine,None,4,0.662,0.052,6.38,0.821,0.573,0.874,31.18,1.7,0.048,0.13,28.4,501.74,Low
4990,C-scan (Pristine with Holes),Pristine,None,6,0.577,0.05,4.78,0.625,0.851,0.706,70.41,8.94,0.02,0.324,43.14,560.9,Medium
4991,C-scan (Pristine with Holes),Pristine,None,6,0.644,0.053,52.69,0.864,0.445,0.287,82.41,11.96,0.025,0.811,53.08,694.73,High
4992,C-scan (BVID with Holes),Damaged,BVID,5,0.572,0.071,74.65,0.632,0.989,0.319,117.11,14.9,0.147,2.383,22.65,664.78,Low
4993,Thermograph,Mixed,Thermal Anomaly,5,0.543,0.073,87.98,0.97,0.977,0.887,110.2,9.05,0.092,2.63,54.45,520.68,Medium
4994,Thermograph,Mixed,None,3,0.461,0.052,0.47,0.216,0.356,0.669,90.86,6.07,0.115,1.46,56.11,784.38,Medium
4995,Thermograph,Mixed,None,6,0.672,0.054,85.69,0.75,0.191,0.728,73.68,4.94,0.125,3.171,36.1,495.28,Medium
4996,C-scan (BVID with Holes),Damaged,BVID,5,0.485,0.041,84.72,0.142,0.972,0.399,67.79,14.72,0.099,1.952,54.28,825.2,Medium
4997,C-scan (BVID with Holes),Damaged,BVID,4,0.535,0.049,6.06,0.414,0.64,0.846,94.14,10.86,0.107,1.292,22.48,422.81,Low
4998,C-scan (BVID with Holes),Damaged,BVID,3,0.664,0.017,20.44,0.997,0.689,0.55,52.06,7.94,0.137,2.541,44.79,623.01,Medium
4999,C-scan (BVID with Holes),Damaged,BVID,6,0.596,0.036,15.21,0.813,0.798,0.651,72.76,3.46,0.172,1.617,51.15,621.93,Medium
5000,Thermograph,Mixed,Thermal Anomaly,4,0.468,0.054,66.92,0.915,0.136,0.644,44.02,13.39,0.032,1.492,59.85,896.2,High
5001,C-scan (BVID with Holes),Damaged,BVID,2,0.577,0.047,88.84,0.358,0.663,0.421,63.24,8.93,0.121,2.259,59.82,660.2,Medium
5002,C-scan (Pristine with Holes),Pristine,None,2,0.607,0.023,4.08,0.21,0.554,0.737,83.97,12.89,0.027,0.208,39.69,375.16,Medium
5003,C-scan (BVID with Holes),Damaged,BVID,5,0.661,0.057,22.64,0.987,0.22,0.248,92.31,11.47,0.103,2.99,56.65,440.49,Medium
5004,C-scan (BVID with Holes),Damaged,BVID,5,0.575,0.015,45.72,0.993,0.611,0.898,35.42,5.34,0.194,4.981,45.54,587.86,Medium
5005,C-scan (BVID with Holes),Damaged,BVID,6,0.549,0.036,55.28,0.726,0.152,0.805,75.83,14.07,0.151,3.103,32.68,496.21,Medium
5006,C-scan (BVID with Holes),Damaged,BVID,2,0.686,0.063,24.82,0.401,0.388,0.767,114.47,6.62,0.09,3.214,52.11,727.86,Medium
5007,C-scan (Pristine with Holes),Pristine,None,6,0.594,0.023,27.93,0.99,0.262,0.749,39.5,14.56,0.035,0.832,46.54,389.66,High
5008,C-scan (Pristine with Holes),Pristine,None,5,0.698,0.04,66.03,0.671,0.172,0.201,67.22,10.27,0.049,0.545,44.52,872.14,Medium
5009,C-scan (BVID with Holes),Damaged,BVID,4,0.563,0.022,27.3,0.793,0.362,0.391,26.52,7.77,0.099,2.706,34.71,613.55,Medium
5010,Thermograph,Mixed,None,2,0.452,0.012,29.86,0.662,0.595,0.853,106.88,9.01,0.115,1.505,28.81,413.04,Low
5011,C-scan (BVID with Holes),Damaged,BVID,4,0.588,0.026,30.6,0.43,0.438,0.317,84.84,5.59,0.11,3.751,56.87,517.77,Medium
5012,C-scan (Pristine with Holes),Pristine,None,4,0.672,0.02,18.41,0.17,0.617,0.294,83.33,13.56,0.033,0.617,36.1,705.05,Medium
5013,C-scan (Pristine with Holes),Pristine,None,6,0.523,0.034,9.6,0.228,0.695,0.336,86.88,9.53,0.024,0.815,26.09,867.51,Low
5014,C-scan (Pristine with Holes),Pristine,None,2,0.451,0.039,9.65,0.16,0.876,0.879,103.46,10.9,0.038,0.859,43.1,586.89,Medium
5015,C-scan (BVID with Holes),Damaged,BVID,2,0.509,0.022,75.83,0.852,0.279,0.28,105.85,9.08,0.103,4.96,30.87,866.98,Medium
5016,C-scan (BVID with Holes),Damaged,BVID,5,0.629,0.055,82.12,0.678,0.789,0.814,44.78,4.13,0.166,2.203,59.01,706.19,Medium
5017,Thermograph,Mixed,Thermal Anomaly,2,0.488,0.054,21.27,0.331,0.31,0.631,71.9,8.0,0.107,0.863,33.61,710.24,Medium
5018,C-scan (Pristine with Holes),Pristine,None,5,0.503,0.074,89.58,0.865,0.389,0.83,111.03,12.36,0.045,0.733,22.81,824.32,Low
5019,C-scan (BVID with Holes),Damaged,BVID,3,0.48,0.022,0.37,0.547,0.316,0.24,64.21,4.39,0.192,3.214,30.01,543.34,Medium
5020,C-scan (BVID with Holes),Damaged,BVID,3,0.688,0.061,66.41,0.241,0.162,0.734,101.79,14.31,0.101,4.903,52.44,874.62,Medium
5021,C-scan (BVID with Holes),Damaged,BVID,3,0.572,0.076,79.71,0.536,0.482,0.547,93.68,13.1,0.159,4.731,27.35,414.71,Low
5022,C-scan (Pristine with Holes),Pristine,None,5,0.524,0.047,67.31,0.868,0.711,0.717,106.42,14.32,0.016,0.33,22.68,514.51,Low
5023,Thermograph,Mixed,None,5,0.488,0.065,66.41,0.715,0.26,0.702,87.84,14.45,0.035,2.005,43.2,709.28,Medium
5024,C-scan (BVID with Holes),Damaged,BVID,2,0.468,0.053,32.58,0.337,0.511,0.759,70.98,5.18,0.152,2.158,37.01,503.61,Medium
5025,C-scan (Pristine with Holes),Pristine,None,6,0.46,0.014,83.72,0.78,0.154,0.88,83.04,6.78,0.013,0.705,38.53,880.65,Medium
5026,C-scan (Pristine with Holes),Pristine,None,4,0.623,0.037,46.47,0.644,0.49,0.396,79.37,8.28,0.04,0.257,40.93,700.29,Medium
5027,C-scan (BVID with Holes),Damaged,BVID,4,0.674,0.012,12.93,0.495,0.488,0.344,30.47,10.13,0.171,4.79,30.16,892.55,Medium
5028,C-scan (Pristine with Holes),Pristine,None,4,0.487,0.049,8.3,0.285,0.828,0.242,48.13,9.88,0.037,0.405,34.64,862.43,Medium
5029,Thermograph,Mixed,Thermal Anomaly,4,0.545,0.034,81.03,0.676,0.479,0.493,103.79,7.6,0.071,1.361,42.64,463.18,Medium
5030,C-scan (Pristine with Holes),Pristine,None,6,0.561,0.062,45.91,0.721,0.801,0.768,59.25,1.27,0.039,0.225,32.58,858.01,Medium
5031,C-scan (Pristine with Holes),Pristine,None,6,0.575,0.073,67.75,0.72,0.112,0.495,45.8,5.89,0.022,0.282,54.75,376.29,High
5032,Thermograph,Mixed,Thermal Anomaly,3,0.481,0.051,66.16,0.979,0.531,0.581,29.94,9.81,0.116,2.772,33.81,776.66,Medium
5033,C-scan (BVID with Holes),Damaged,BVID,3,0.626,0.039,22.87,0.665,0.882,0.305,113.35,1.64,0.14,4.252,37.52,771.38,Medium
5034,C-scan (Pristine with Holes),Pristine,None,6,0.574,0.014,77.09,0.92,0.854,0.593,41.95,9.45,0.036,0.477,57.35,800.89,High
5035,C-scan (BVID with Holes),Damaged,BVID,3,0.452,0.069,67.03,0.626,0.289,0.44,65.36,9.36,0.181,4.893,34.03,831.89,Medium
5036,Thermograph,Mixed,None,3,0.534,0.023,23.27,0.383,0.746,0.506,53.66,14.82,0.132,0.553,32.55,591.14,Medium
5037,Thermograph,Mixed,Thermal Anomaly,4,0.636,0.049,5.47,0.922,0.453,0.58,117.15,9.81,0.076,0.556,50.99,593.67,High
5038,Thermograph,Mixed,None,6,0.531,0.066,44.11,0.141,0.579,0.884,53.32,10.38,0.123,0.593,28.69,516.77,Low
5039,C-scan (Pristine with Holes),Pristine,None,5,0.594,0.04,68.62,0.719,0.905,0.719,81.94,1.31,0.02,0.179,35.03,654.47,Medium
5040,C-scan (Pristine with Holes),Pristine,None,6,0.7,0.078,55.32,0.204,0.854,0.206,116.69,10.87,0.028,0.768,25.43,363.39,Low
5041,C-scan (BVID with Holes),Damaged,BVID,2,0.593,0.068,20.43,0.258,0.487,0.72,75.98,1.88,0.111,1.589,40.91,672.64,Medium
5042,C-scan (Pristine with Holes),Pristine,None,2,0.569,0.079,81.25,0.183,0.168,0.221,30.76,3.91,0.032,0.711,36.28,453.85,Medium
5043,C-scan (BVID with Holes),Damaged,BVID,2,0.522,0.04,51.58,0.292,0.684,0.404,98.43,6.1,0.09,4.356,27.64,849.65,Low
5044,C-scan (BVID with Holes),Damaged,BVID,4,0.608,0.074,28.69,0.118,0.849,0.849,52.17,6.1,0.18,1.612,45.44,791.44,Medium
5045,C-scan (BVID with Holes),Damaged,BVID,6,0.604,0.072,47.0,0.575,0.261,0.681,81.55,5.86,0.147,4.281,47.52,884.36,Medium
5046,C-scan (BVID with Holes),Damaged,BVID,5,0.603,0.018,18.0,0.335,0.129,0.753,64.58,5.11,0.101,3.918,24.97,784.1,Low
5047,Thermograph,Mixed,Thermal Anomaly,3,0.478,0.062,43.58,0.352,0.22,0.215,55.77,2.06,0.035,0.834,40.89,643.01,Medium
5048,C-scan (BVID with Holes),Damaged,BVID,2,0.504,0.018,58.82,0.729,0.41,0.227,71.14,6.33,0.106,3.844,26.26,890.32,Low
5049,Thermograph,Mixed,Thermal Anomaly,3,0.594,0.01,17.56,0.698,0.622,0.844,118.23,1.65,0.117,2.701,42.11,621.22,Medium
5050,C-scan (BVID with Holes),Damaged,BVID,2,0.581,0.075,60.93,0.239,0.651,0.421,108.69,8.75,0.132,1.648,29.42,410.55,Low
5051,Thermograph,Mixed,Thermal Anomaly,4,0.6,0.01,12.5,0.226,0.803,0.383,67.92,14.1,0.06,1.746,23.66,407.6,Low
5052,Thermograph,Mixed,Thermal Anomaly,4,0.667,0.011,43.8,0.835,0.974,0.644,53.78,2.18,0.101,1.046,26.67,369.38,Low
5053,C-scan (BVID with Holes),Damaged,BVID,6,0.582,0.067,44.22,0.155,0.719,0.573,36.5,12.42,0.107,2.116,23.63,350.31,Low
5054,C-scan (Pristine with Holes),Pristine,None,2,0.586,0.039,38.69,0.696,0.422,0.298,32.77,9.92,0.01,0.47,44.9,425.82,Medium
5055,C-scan (BVID with Holes),Damaged,BVID,5,0.559,0.049,61.75,0.225,0.842,0.327,74.33,11.03,0.152,4.707,54.05,806.35,Medium
5056,C-scan (Pristine with Holes),Pristine,None,3,0.615,0.024,53.4,0.12,0.334,0.885,98.46,14.25,0.021,0.884,37.69,645.97,Medium
5057,Thermograph,Mixed,None,2,0.637,0.039,26.73,0.332,0.301,0.383,49.55,9.16,0.044,0.583,57.93,598.3,High
5058,C-scan (Pristine with Holes),Pristine,None,4,0.604,0.014,24.23,0.145,0.293,0.488,38.73,5.66,0.012,0.499,51.78,503.85,High
5059,Thermograph,Mixed,None,5,0.545,0.08,68.66,0.982,0.262,0.53,97.95,5.82,0.048,1.297,58.73,812.0,High
5060,C-scan (BVID with Holes),Damaged,BVID,6,0.518,0.045,85.37,0.124,0.465,0.266,100.03,11.26,0.089,3.258,58.72,802.04,Medium
5061,Thermograph,Mixed,None,3,0.607,0.027,18.23,0.314,0.73,0.797,49.76,0.51,0.111,2.543,43.61,389.46,Medium
5062,Thermograph,Mixed,None,4,0.624,0.03,32.83,0.137,0.212,0.382,105.19,12.24,0.092,2.941,29.68,415.37,Low
5063,C-scan (Pristine with Holes),Pristine,None,4,0.452,0.06,39.1,0.395,0.699,0.688,45.33,5.47,0.047,0.899,50.63,832.99,High
5064,Thermograph,Mixed,None,2,0.657,0.038,69.99,0.572,0.818,0.854,71.95,3.11,0.031,2.702,58.31,638.87,High
5065,C-scan (Pristine with Holes),Pristine,None,5,0.607,0.063,9.1,0.976,0.252,0.246,79.75,14.76,0.041,0.634,37.18,640.59,Medium
5066,C-scan (Pristine with Holes),Pristine,None,2,0.687,0.076,78.48,0.822,0.711,0.276,94.2,13.83,0.023,0.285,34.72,354.87,Medium
5067,Thermograph,Mixed,Thermal Anomaly,2,0.694,0.042,78.49,0.784,0.588,0.235,37.16,12.16,0.129,3.045,22.21,647.21,Low
5068,C-scan (BVID with Holes),Damaged,BVID,4,0.569,0.072,47.96,0.969,0.92,0.215,99.94,11.78,0.141,3.294,21.7,479.67,Low
5069,Thermograph,Mixed,Thermal Anomaly,5,0.66,0.067,37.28,0.74,0.853,0.793,72.74,2.82,0.117,2.718,32.92,857.23,Medium
5070,C-scan (Pristine with Holes),Pristine,None,4,0.467,0.073,2.33,0.593,0.342,0.459,47.34,3.43,0.017,0.18,35.93,446.29,Medium
5071,Thermograph,Mixed,Thermal Anomaly,5,0.585,0.055,63.78,0.403,0.41,0.495,79.79,13.22,0.09,3.081,33.25,516.81,Medium
5072,Thermograph,Mixed,Thermal Anomaly,6,0.508,0.057,13.27,0.966,0.927,0.584,78.01,5.86,0.088,1.961,36.53,386.56,Medium
5073,Thermograph,Mixed,Thermal Anomaly,6,0.515,0.078,67.45,0.825,0.55,0.765,70.0,11.35,0.078,2.266,25.41,570.05,Low
5074,C-scan (Pristine with Holes),Pristine,None,6,0.455,0.028,16.63,0.173,0.367,0.294,85.17,11.25,0.023,0.696,41.75,675.06,Medium
5075,C-scan (BVID with Holes),Damaged,BVID,5,0.492,0.032,18.63,0.597,0.53,0.773,91.7,5.9,0.177,1.538,59.74,673.55,Medium
5076,C-scan (Pristine with Holes),Pristine,None,2,0.617,0.065,14.99,0.665,0.209,0.251,119.52,11.94,0.038,0.31,49.62,464.92,High
5077,C-scan (Pristine with Holes),Pristine,None,2,0.539,0.069,16.58,0.558,0.45,0.571,27.91,6.01,0.047,0.851,40.16,449.42,Medium
5078,Thermograph,Mixed,Thermal Anomaly,6,0.501,0.036,17.52,0.496,0.333,0.337,115.41,6.57,0.141,0.943,30.7,660.45,Medium
5079,Thermograph,Mixed,Thermal Anomaly,3,0.542,0.037,76.38,0.103,0.983,0.856,45.32,13.63,0.096,2.838,24.18,542.3,Low
5080,C-scan (Pristine with Holes),Pristine,None,4,0.475,0.064,77.12,0.952,0.74,0.567,111.52,3.53,0.044,0.529,24.72,532.73,Low
5081,C-scan (BVID with Holes),Damaged,BVID,4,0.666,0.045,82.38,0.174,0.667,0.877,44.52,2.4,0.184,3.291,53.66,461.52,Medium
5082,C-scan (BVID with Holes),Damaged,BVID,5,0.68,0.027,56.85,0.685,0.962,0.788,98.53,7.24,0.154,1.927,44.47,565.41,Medium
5083,C-scan (BVID with Holes),Damaged,BVID,3,0.566,0.065,68.17,0.724,0.567,0.756,115.88,9.65,0.198,4.084,21.39,842.92,Low
5084,Thermograph,Mixed,None,5,0.549,0.055,34.54,0.432,0.428,0.424,118.81,12.97,0.078,0.766,50.08,470.73,High
5085,C-scan (BVID with Holes),Damaged,BVID,3,0.49,0.066,19.85,0.408,0.828,0.521,56.0,14.23,0.093,3.112,36.02,864.81,Medium
5086,C-scan (BVID with Holes),Damaged,BVID,4,0.632,0.035,36.33,0.93,0.346,0.312,41.95,3.05,0.09,3.124,44.69,690.98,Medium
5087,C-scan (Pristine with Holes),Pristine,None,4,0.491,0.048,54.3,0.449,0.846,0.315,88.57,10.24,0.023,0.41,25.99,351.23,Low
5088,Thermograph,Mixed,None,2,0.528,0.046,12.17,0.361,0.187,0.261,103.88,8.48,0.125,1.348,22.77,431.01,Low
5089,C-scan (BVID with Holes),Damaged,BVID,4,0.6,0.063,80.95,0.118,0.58,0.296,54.4,11.58,0.115,2.382,24.48,856.67,Low
5090,Thermograph,Mixed,None,6,0.631,0.011,71.11,0.469,0.553,0.418,91.56,3.52,0.043,1.995,20.93,627.64,Low
5091,Thermograph,Mixed,None,5,0.461,0.042,51.89,0.768,0.963,0.459,94.72,14.65,0.066,2.338,26.93,729.96,Low
5092,Thermograph,Mixed,Thermal Anomaly,2,0.568,0.04,14.21,0.193,0.895,0.318,72.0,13.49,0.139,2.88,36.12,555.74,Medium
5093,C-scan (BVID with Holes),Damaged,BVID,5,0.543,0.035,18.67,0.919,0.79,0.599,75.55,7.37,0.085,2.866,58.31,436.7,Medium
5094,Thermograph,Mixed,Thermal Anomaly,6,0.629,0.043,62.26,0.263,0.615,0.335,89.71,8.82,0.107,3.317,52.92,820.23,Medium
5095,C-scan (BVID with Holes),Damaged,BVID,2,0.615,0.056,83.38,0.585,0.16,0.771,95.42,10.58,0.128,1.36,57.7,433.84,Medium
5096,C-scan (BVID with Holes),Damaged,BVID,6,0.65,0.056,76.42,0.37,0.544,0.5,36.75,7.54,0.179,3.132,36.59,433.19,Medium
5097,Thermograph,Mixed,Thermal Anomaly,6,0.622,0.078,25.9,0.979,0.96,0.537,97.33,11.51,0.053,0.585,45.64,375.64,High
5098,C-scan (Pristine with Holes),Pristine,None,5,0.478,0.036,63.59,0.899,0.8,0.209,73.95,10.45,0.026,0.104,39.79,812.37,Medium
5099,Thermograph,Mixed,Thermal Anomaly,5,0.581,0.079,27.91,0.311,0.553,0.781,57.27,1.81,0.057,2.986,27.85,419.69,Low
5100,Thermograph,Mixed,None,5,0.624,0.063,83.27,0.857,0.168,0.428,108.17,11.66,0.124,2.937,29.48,529.43,Low
5101,C-scan (BVID with Holes),Damaged,BVID,2,0.451,0.036,36.9,0.493,0.41,0.685,106.42,13.11,0.181,4.747,39.53,817.42,Medium
5102,Thermograph,Mixed,None,2,0.485,0.064,24.77,0.66,0.399,0.843,35.22,5.52,0.069,2.682,33.07,434.78,Medium
5103,C-scan (Pristine with Holes),Pristine,None,6,0.557,0.062,13.27,0.391,0.254,0.695,25.46,6.97,0.036,0.29,55.25,712.65,High
5104,Thermograph,Mixed,None,4,0.539,0.038,42.21,0.474,0.298,0.844,55.57,14.4,0.076,3.296,47.61,504.2,High
5105,C-scan (BVID with Holes),Damaged,BVID,5,0.516,0.02,8.69,0.662,0.18,0.831,63.06,10.9,0.13,1.5,20.86,674.01,Low
5106,C-scan (Pristine with Holes),Pristine,None,5,0.64,0.073,36.54,0.327,0.534,0.757,94.18,3.05,0.027,0.92,22.2,734.83,Low
5107,C-scan (BVID with Holes),Damaged,BVID,4,0.54,0.025,33.44,0.365,0.567,0.649,72.23,9.27,0.151,2.595,56.92,541.89,Medium
5108,C-scan (BVID with Holes),Damaged,BVID,4,0.564,0.051,75.9,0.516,0.621,0.759,38.41,7.47,0.135,1.726,45.92,476.62,Medium
5109,Thermograph,Mixed,Thermal Anomaly,4,0.474,0.067,2.1,0.896,0.24,0.878,83.75,6.78,0.128,3.162,21.89,527.78,Low
5110,Thermograph,Mixed,None,2,0.585,0.021,12.96,0.776,0.84,0.393,91.89,5.24,0.126,1.621,46.6,436.97,Medium
5111,Thermograph,Mixed,Thermal Anomaly,3,0.658,0.077,47.99,0.112,0.778,0.853,58.67,4.9,0.117,1.685,45.41,875.1,Medium
5112,Thermograph,Mixed,None,5,0.672,0.068,52.37,0.784,0.941,0.871,79.44,14.0,0.093,2.154,31.95,421.32,Medium
5113,C-scan (BVID with Holes),Damaged,BVID,3,0.581,0.072,50.66,0.657,0.943,0.293,39.72,12.02,0.162,3.65,54.13,549.91,Medium
5114,C-scan (Pristine with Holes),Pristine,None,3,0.463,0.067,68.71,0.431,0.968,0.479,69.32,8.58,0.047,0.105,30.4,522.42,Medium
5115,Thermograph,Mixed,None,2,0.571,0.061,73.08,0.883,0.581,0.615,39.19,2.18,0.119,2.59,37.66,353.45,Medium
5116,C-scan (BVID with Holes),Damaged,BVID,2,0.513,0.074,24.55,0.931,0.255,0.518,109.19,7.77,0.161,1.295,27.42,366.59,Low
5117,C-scan (BVID with Holes),Damaged,BVID,2,0.688,0.024,16.1,0.909,0.322,0.676,113.2,8.65,0.168,4.985,53.82,560.49,Medium
5118,C-scan (BVID with Holes),Damaged,BVID,3,0.468,0.042,71.15,0.412,0.788,0.833,77.47,10.51,0.144,4.421,50.39,624.59,Medium
5119,C-scan (BVID with Holes),Damaged,BVID,6,0.63,0.062,55.79,0.193,0.531,0.435,93.98,5.29,0.081,1.401,27.46,420.8,Low
5120,C-scan (Pristine with Holes),Pristine,None,3,0.55,0.048,9.87,0.829,0.375,0.415,28.7,13.82,0.019,0.425,48.3,407.1,High
5121,Thermograph,Mixed,Thermal Anomaly,5,0.664,0.054,26.28,0.342,0.76,0.319,96.0,9.22,0.116,2.816,21.91,418.17,Low
5122,C-scan (Pristine with Holes),Pristine,None,3,0.532,0.08,61.06,0.377,0.444,0.383,104.68,14.07,0.011,0.934,27.57,735.91,Low
5123,Thermograph,Mixed,Thermal Anomaly,5,0.585,0.017,71.1,0.643,0.539,0.771,79.69,12.55,0.056,0.929,47.8,632.53,High
5124,C-scan (Pristine with Holes),Pristine,None,4,0.579,0.046,6.42,0.77,0.992,0.204,28.74,9.77,0.036,0.608,55.98,436.82,High
5125,Thermograph,Mixed,None,2,0.654,0.053,54.19,0.566,0.118,0.698,104.14,6.68,0.053,1.007,39.61,879.3,Medium
5126,C-scan (Pristine with Holes),Pristine,None,6,0.478,0.011,83.92,0.11,0.531,0.434,67.4,6.57,0.018,0.528,57.63,803.2,High
5127,C-scan (BVID with Holes),Damaged,BVID,4,0.669,0.068,63.63,0.722,0.323,0.727,48.89,4.56,0.117,1.721,43.63,559.38,Medium
5128,C-scan (BVID with Holes),Damaged,BVID,5,0.645,0.048,14.28,0.736,0.309,0.217,84.96,10.91,0.12,4.705,41.6,592.36,Medium
5129,C-scan (BVID with Holes),Damaged,BVID,4,0.452,0.048,56.57,0.51,0.396,0.588,85.51,4.7,0.144,1.855,21.79,748.45,Low
5130,C-scan (BVID with Holes),Damaged,BVID,5,0.584,0.015,46.77,0.458,0.65,0.456,31.51,8.09,0.085,3.14,53.27,891.43,Medium
5131,C-scan (BVID with Holes),Damaged,BVID,2,0.474,0.076,46.21,0.291,0.986,0.44,87.21,4.75,0.121,1.658,25.43,488.12,Low
5132,C-scan (Pristine with Holes),Pristine,None,6,0.546,0.015,65.65,0.961,0.154,0.716,32.72,9.21,0.033,0.217,37.51,503.8,Medium
5133,Thermograph,Mixed,Thermal Anomaly,6,0.629,0.027,60.44,0.439,0.49,0.786,57.86,14.78,0.104,1.743,25.01,708.96,Low
5134,Thermograph,Mixed,None,6,0.612,0.028,49.93,0.806,0.129,0.348,105.87,0.58,0.095,2.497,42.7,879.21,Medium
5135,C-scan (Pristine with Holes),Pristine,None,5,0.595,0.014,51.63,0.402,0.204,0.439,90.73,1.38,0.013,0.762,55.74,809.7,High
5136,C-scan (Pristine with Holes),Pristine,None,5,0.547,0.058,55.21,0.727,0.282,0.541,119.94,12.02,0.037,0.367,50.87,466.59,High
5137,C-scan (BVID with Holes),Damaged,BVID,4,0.494,0.07,83.83,0.281,0.236,0.465,28.58,11.99,0.102,1.008,23.19,599.69,Low
5138,C-scan (BVID with Holes),Damaged,BVID,2,0.522,0.045,4.05,0.164,0.16,0.717,115.7,14.83,0.134,4.385,45.01,856.1,Medium
5139,Thermograph,Mixed,None,6,0.528,0.059,6.41,0.531,0.112,0.368,44.6,2.16,0.087,2.089,39.31,472.52,Medium
5140,C-scan (BVID with Holes),Damaged,BVID,2,0.469,0.037,77.46,0.587,0.738,0.695,114.65,12.13,0.095,4.327,39.52,809.63,Medium
5141,C-scan (Pristine with Holes),Pristine,None,4,0.665,0.063,39.65,0.978,0.754,0.546,66.66,9.05,0.044,0.585,22.41,682.54,Low
5142,Thermograph,Mixed,None,4,0.697,0.059,82.63,0.549,0.429,0.28,29.77,3.9,0.136,1.644,56.95,763.28,Medium
5143,C-scan (BVID with Holes),Damaged,BVID,6,0.698,0.073,6.18,0.447,0.447,0.828,97.42,9.45,0.185,1.761,43.36,630.37,Medium
5144,C-scan (BVID with Holes),Damaged,BVID,5,0.596,0.078,73.25,0.167,0.131,0.775,55.86,2.62,0.109,4.725,21.13,649.98,Low
5145,Thermograph,Mixed,Thermal Anomaly,4,0.674,0.058,73.85,0.855,0.523,0.849,84.95,12.27,0.117,1.42,23.04,750.7,Low
5146,Thermograph,Mixed,None,5,0.7,0.026,86.05,0.119,0.673,0.876,60.23,6.29,0.146,0.857,47.18,570.24,Medium
5147,C-scan (Pristine with Holes),Pristine,None,6,0.644,0.036,79.72,0.191,0.475,0.478,61.46,13.03,0.024,0.649,54.08,736.7,High
5148,Thermograph,Mixed,None,5,0.493,0.047,21.74,0.303,0.809,0.443,60.26,6.59,0.102,0.613,23.22,808.21,Low
5149,Thermograph,Mixed,None,4,0.57,0.07,61.2,0.402,0.424,0.381,93.24,2.64,0.064,2.886,51.28,804.1,High
5150,C-scan (BVID with Holes),Damaged,BVID,6,0.627,0.026,58.36,0.649,0.221,0.502,83.18,14.31,0.15,1.787,36.55,416.87,Medium
5151,C-scan (BVID with Holes),Damaged,BVID,3,0.507,0.068,22.48,0.76,0.248,0.874,82.14,4.61,0.107,1.044,34.7,374.47,Medium
5152,C-scan (BVID with Holes),Damaged,BVID,5,0.66,0.07,71.33,0.581,0.656,0.88,69.66,13.35,0.135,1.045,59.79,623.22,Medium
5153,C-scan (BVID with Holes),Damaged,BVID,4,0.522,0.012,79.55,0.909,0.62,0.665,42.52,10.47,0.164,1.682,35.79,839.37,Medium
5154,C-scan (BVID with Holes),Damaged,BVID,2,0.652,0.077,4.97,0.414,0.729,0.58,59.46,0.87,0.195,4.49,31.87,736.19,Medium
5155,C-scan (Pristine with Holes),Pristine,None,4,0.689,0.056,12.51,0.616,0.703,0.478,65.6,7.99,0.023,0.371,37.58,551.49,Medium
5156,Thermograph,Mixed,None,3,0.507,0.021,43.62,0.669,0.325,0.739,85.17,4.63,0.105,1.526,44.83,453.07,Medium
5157,Thermograph,Mixed,Thermal Anomaly,2,0.594,0.029,9.79,0.781,0.551,0.596,43.0,8.51,0.067,1.587,36.34,892.91,Medium
5158,Thermograph,Mixed,None,4,0.503,0.034,6.1,0.559,0.922,0.649,111.42,13.36,0.133,1.836,25.14,710.17,Low
5159,C-scan (BVID with Holes),Damaged,BVID,4,0.6,0.07,84.5,0.703,0.937,0.743,85.57,8.93,0.13,2.89,35.78,766.44,Medium
5160,C-scan (Pristine with Holes),Pristine,None,2,0.531,0.02,4.97,0.544,0.957,0.861,34.11,3.27,0.045,0.636,34.99,666.09,Medium
5161,C-scan (BVID with Holes),Damaged,BVID,4,0.681,0.016,76.77,0.722,0.883,0.833,91.76,5.97,0.1,3.024,32.03,372.29,Medium
5162,C-scan (Pristine with Holes),Pristine,None,5,0.578,0.067,2.25,0.712,0.929,0.892,31.81,12.64,0.027,0.327,59.39,710.31,High
5163,C-scan (BVID with Holes),Damaged,BVID,6,0.542,0.057,3.25,0.77,0.22,0.403,43.24,6.55,0.186,4.84,58.56,684.36,Medium
5164,C-scan (BVID with Holes),Damaged,BVID,3,0.536,0.045,46.53,0.356,0.383,0.24,69.58,11.43,0.128,4.506,36.14,497.29,Medium
5165,Thermograph,Mixed,Thermal Anomaly,2,0.589,0.065,89.02,0.373,0.257,0.858,79.19,11.57,0.049,2.606,29.37,564.79,Low
5166,C-scan (Pristine with Holes),Pristine,None,4,0.566,0.012,43.86,0.272,0.47,0.759,104.52,7.19,0.043,0.447,58.72,549.41,High
5167,Thermograph,Mixed,None,2,0.681,0.072,83.07,0.173,0.935,0.679,97.38,0.6,0.129,0.596,41.1,658.85,Medium
5168,C-scan (BVID with Holes),Damaged,BVID,5,0.565,0.067,42.22,0.173,0.493,0.213,110.24,3.24,0.087,1.203,55.94,427.9,Medium
5169,Thermograph,Mixed,None,4,0.627,0.033,72.1,0.305,0.516,0.312,53.38,10.5,0.075,2.021,47.69,604.07,High
5170,C-scan (Pristine with Holes),Pristine,None,3,0.557,0.017,63.52,0.532,0.939,0.342,25.35,7.86,0.041,0.421,49.01,755.25,High
5171,Thermograph,Mixed,None,6,0.516,0.05,17.6,0.796,0.308,0.646,105.3,14.91,0.124,2.554,36.77,759.71,Medium
5172,C-scan (Pristine with Holes),Pristine,None,5,0.575,0.028,70.05,0.345,0.285,0.819,76.6,2.19,0.029,0.405,49.76,460.78,High
5173,C-scan (Pristine with Holes),Pristine,None,5,0.565,0.037,2.2,0.627,0.391,0.755,33.77,7.82,0.044,0.542,23.15,646.02,Low
5174,C-scan (Pristine with Holes),Pristine,None,4,0.63,0.022,3.25,0.72,0.568,0.82,68.25,7.04,0.044,0.411,39.04,873.74,Medium
5175,C-scan (BVID with Holes),Damaged,BVID,4,0.532,0.041,58.94,0.543,0.509,0.505,40.33,8.96,0.129,3.268,49.73,440.22,Medium
5176,Thermograph,Mixed,Thermal Anomaly,2,0.588,0.023,14.75,0.971,0.42,0.221,99.15,4.93,0.111,0.777,40.88,748.56,Medium
5177,C-scan (Pristine with Holes),Pristine,None,3,0.546,0.064,33.59,0.42,0.47,0.373,112.26,5.83,0.019,0.808,23.08,418.96,Low
5178,C-scan (Pristine with Holes),Pristine,None,3,0.485,0.015,54.94,0.301,0.676,0.517,118.19,4.54,0.018,0.418,27.02,426.36,Low
5179,C-scan (BVID with Holes),Damaged,BVID,6,0.509,0.065,37.03,0.821,0.925,0.742,45.81,5.15,0.118,2.789,52.49,371.2,Medium
5180,C-scan (BVID with Holes),Damaged,BVID,4,0.664,0.071,12.8,0.666,0.682,0.357,33.87,9.12,0.192,4.09,44.27,582.66,Medium
5181,Thermograph,Mixed,None,3,0.625,0.049,32.96,0.477,0.585,0.86,91.59,8.19,0.031,3.113,42.25,427.58,Medium
5182,C-scan (Pristine with Holes),Pristine,None,5,0.655,0.026,2.33,0.663,0.419,0.748,63.73,11.68,0.041,0.328,38.29,880.93,Medium
5183,Thermograph,Mixed,None,6,0.63,0.074,64.14,0.605,0.404,0.346,101.24,5.93,0.038,0.747,38.01,822.9,Medium
5184,Thermograph,Mixed,Thermal Anomaly,2,0.654,0.062,50.97,0.952,0.923,0.621,105.18,13.33,0.07,1.902,46.38,790.33,High
5185,C-scan (Pristine with Holes),Pristine,None,2,0.628,0.066,23.98,0.877,0.608,0.465,51.1,10.59,0.03,0.609,34.03,738.99,Medium
5186,Thermograph,Mixed,Thermal Anomaly,3,0.532,0.037,70.91,0.678,0.556,0.248,46.28,6.9,0.137,3.09,37.3,635.16,Medium
5187,C-scan (Pristine with Holes),Pristine,None,4,0.597,0.062,18.05,0.249,0.466,0.695,43.57,7.55,0.011,0.851,26.81,834.16,Low
5188,Thermograph,Mixed,Thermal Anomaly,5,0.626,0.046,48.41,0.23,0.254,0.745,77.66,9.13,0.088,2.111,20.97,518.1,Low
5189,Thermograph,Mixed,None,4,0.692,0.044,42.62,0.525,0.218,0.335,69.79,0.69,0.05,1.699,20.8,503.78,Low
5190,C-scan (BVID with Holes),Damaged,BVID,5,0.592,0.056,44.8,0.904,0.275,0.636,111.52,14.38,0.125,4.277,38.57,365.42,Medium
5191,C-scan (BVID with Holes),Damaged,BVID,2,0.546,0.044,37.15,0.186,0.311,0.731,69.74,11.4,0.092,2.479,47.32,359.77,Medium
5192,C-scan (Pristine with Holes),Pristine,None,4,0.548,0.062,45.83,0.262,0.382,0.57,82.11,5.78,0.011,0.118,22.69,409.39,Low
5193,Thermograph,Mixed,Thermal Anomaly,5,0.483,0.014,38.07,0.511,0.586,0.402,72.17,14.98,0.131,1.379,48.42,465.35,Medium
5194,C-scan (Pristine with Holes),Pristine,None,6,0.662,0.035,21.17,0.873,0.303,0.341,53.11,9.01,0.039,0.376,34.02,744.32,Medium
5195,Thermograph,Mixed,Thermal Anomaly,3,0.528,0.053,62.84,0.606,0.324,0.65,99.07,13.64,0.099,1.901,27.29,391.9,Low
5196,Thermograph,Mixed,None,5,0.552,0.012,43.42,0.35,0.133,0.745,41.96,6.03,0.144,0.634,22.04,833.31,Low
5197,C-scan (BVID with Holes),Damaged,BVID,5,0.585,0.036,53.99,0.757,0.453,0.281,53.15,5.08,0.198,1.853,21.03,546.38,Low
5198,Thermograph,Mixed,Thermal Anomaly,4,0.7,0.069,36.36,0.257,0.717,0.329,47.48,4.44,0.092,1.463,34.93,833.55,Medium
5199,C-scan (Pristine with Holes),Pristine,None,4,0.552,0.026,32.8,0.697,0.313,0.788,42.54,9.37,0.028,0.764,34.78,490.94,Medium
5200,C-scan (BVID with Holes),Damaged,BVID,6,0.48,0.035,58.94,0.603,0.658,0.686,101.47,4.59,0.149,1.628,24.63,534.05,Low
5201,Thermograph,Mixed,None,3,0.475,0.046,18.12,0.839,0.232,0.383,40.74,8.61,0.063,2.63,21.23,769.35,Low
5202,C-scan (BVID with Holes),Damaged,BVID,3,0.491,0.044,88.49,0.368,0.454,0.324,41.45,2.74,0.111,3.558,44.31,655.41,Medium
5203,C-scan (BVID with Holes),Damaged,BVID,2,0.538,0.033,4.66,0.499,0.284,0.295,59.45,7.81,0.146,3.961,33.38,534.41,Medium
5204,C-scan (Pristine with Holes),Pristine,None,3,0.638,0.056,37.86,0.838,0.291,0.254,110.09,2.66,0.012,0.204,26.94,570.54,Low
5205,C-scan (Pristine with Holes),Pristine,None,4,0.611,0.031,41.26,0.71,0.806,0.319,67.45,2.35,0.039,0.671,45.65,897.51,High
5206,C-scan (Pristine with Holes),Pristine,None,4,0.674,0.041,47.58,0.658,0.308,0.563,60.71,11.06,0.034,0.263,49.41,544.49,High
5207,C-scan (Pristine with Holes),Pristine,None,5,0.473,0.044,36.1,0.913,0.426,0.493,49.27,5.08,0.039,0.708,41.3,579.54,Medium
5208,C-scan (BVID with Holes),Damaged,BVID,5,0.662,0.052,77.26,0.976,0.115,0.651,82.66,7.61,0.143,2.008,30.52,357.51,Medium
5209,Thermograph,Mixed,None,4,0.483,0.043,7.3,0.958,0.63,0.567,71.4,6.87,0.048,0.826,50.89,746.02,High
5210,C-scan (Pristine with Holes),Pristine,None,2,0.466,0.066,35.9,0.107,0.357,0.87,100.29,5.36,0.048,0.718,44.38,691.64,Medium
5211,Thermograph,Mixed,Thermal Anomaly,2,0.64,0.063,20.22,0.71,0.85,0.511,26.05,5.13,0.051,3.479,28.68,625.58,Low
5212,C-scan (BVID with Holes),Damaged,BVID,6,0.651,0.064,49.57,0.4,0.28,0.658,57.64,11.8,0.178,3.62,54.34,894.62,Medium
5213,Thermograph,Mixed,None,4,0.594,0.01,83.92,0.836,0.164,0.266,61.11,2.75,0.067,2.218,55.28,829.19,High
5214,C-scan (Pristine with Holes),Pristine,None,6,0.477,0.011,31.69,0.375,0.707,0.427,85.66,13.17,0.042,0.971,30.8,775.25,Medium
5215,C-scan (BVID with Holes),Damaged,BVID,2,0.524,0.041,15.61,0.4,0.15,0.502,119.77,5.26,0.102,3.704,56.59,599.74,Medium
5216,C-scan (BVID with Holes),Damaged,BVID,3,0.551,0.034,54.99,0.752,0.314,0.763,87.0,11.73,0.194,3.978,48.3,365.54,Medium
5217,C-scan (BVID with Holes),Damaged,BVID,6,0.509,0.015,63.08,0.676,0.113,0.305,68.11,0.85,0.086,2.988,51.19,553.91,Medium
5218,C-scan (Pristine with Holes),Pristine,None,2,0.61,0.053,36.45,0.38,0.737,0.306,51.03,0.83,0.05,0.158,37.14,831.33,Medium
5219,Thermograph,Mixed,Thermal Anomaly,5,0.552,0.046,27.96,0.52,0.456,0.469,73.29,6.64,0.031,2.404,22.85,670.86,Low
5220,Thermograph,Mixed,Thermal Anomaly,4,0.648,0.056,6.15,0.176,0.188,0.597,28.59,8.21,0.115,2.621,22.43,740.63,Low
5221,C-scan (BVID with Holes),Damaged,BVID,5,0.596,0.029,30.29,0.364,0.467,0.341,91.76,10.58,0.172,4.69,21.67,839.13,Low
5222,Thermograph,Mixed,None,5,0.525,0.027,6.31,0.737,0.245,0.484,84.02,2.76,0.042,2.696,40.34,641.71,Medium
5223,C-scan (BVID with Holes),Damaged,BVID,2,0.496,0.061,2.01,0.262,0.53,0.835,67.36,5.85,0.102,4.819,52.08,876.7,Medium
5224,Thermograph,Mixed,None,4,0.657,0.073,10.64,0.284,0.808,0.824,107.41,8.19,0.056,3.037,41.84,813.88,Medium
5225,C-scan (BVID with Holes),Damaged,BVID,5,0.57,0.045,77.98,0.38,0.953,0.76,40.29,0.5,0.18,2.48,40.36,692.11,Medium
5226,C-scan (Pristine with Holes),Pristine,None,2,0.495,0.058,52.38,0.181,0.737,0.251,93.18,0.92,0.033,0.187,41.62,729.84,Medium
5227,C-scan (Pristine with Holes),Pristine,None,6,0.677,0.017,63.03,0.359,0.466,0.843,98.52,0.59,0.014,0.234,44.0,821.72,Medium
5228,C-scan (Pristine with Holes),Pristine,None,6,0.476,0.013,68.99,0.287,0.154,0.213,89.75,5.8,0.04,0.792,24.79,612.7,Low
5229,Thermograph,Mixed,None,5,0.521,0.033,44.9,0.777,0.499,0.718,99.99,14.43,0.112,2.9,37.26,590.91,Medium
5230,Thermograph,Mixed,None,4,0.614,0.054,49.38,0.118,0.911,0.673,99.24,11.19,0.031,0.595,21.86,754.43,Low
5231,C-scan (BVID with Holes),Damaged,BVID,5,0.609,0.02,43.57,0.229,0.566,0.542,111.36,10.0,0.106,2.877,20.34,832.03,Low
5232,C-scan (BVID with Holes),Damaged,BVID,5,0.609,0.03,29.6,0.847,0.886,0.296,29.3,9.97,0.126,3.354,41.0,418.23,Medium
5233,Thermograph,Mixed,None,4,0.471,0.045,70.63,0.882,0.216,0.592,116.75,2.49,0.092,1.837,20.26,591.76,Low
5234,Thermograph,Mixed,None,4,0.591,0.076,78.51,0.228,0.478,0.471,34.44,1.73,0.124,1.355,48.6,686.36,Medium
5235,C-scan (Pristine with Holes),Pristine,None,4,0.667,0.031,59.52,0.449,0.63,0.256,95.99,11.77,0.035,0.389,20.09,547.51,Low
5236,C-scan (Pristine with Holes),Pristine,None,4,0.475,0.041,48.82,0.42,0.451,0.394,58.57,3.06,0.019,0.225,56.41,648.26,High
5237,Thermograph,Mixed,None,5,0.558,0.015,75.71,0.654,0.154,0.861,59.87,0.71,0.09,2.421,54.01,419.98,Medium
5238,C-scan (BVID with Holes),Damaged,BVID,2,0.575,0.057,13.95,0.156,0.876,0.287,56.06,10.5,0.114,1.149,51.88,895.47,Medium
5239,C-scan (Pristine with Holes),Pristine,None,4,0.646,0.07,83.65,0.407,0.232,0.527,25.13,11.11,0.049,0.946,42.68,671.84,Medium
5240,Thermograph,Mixed,Thermal Anomaly,4,0.611,0.019,26.61,0.215,0.53,0.304,85.44,5.55,0.094,0.849,50.66,877.84,Medium
5241,C-scan (BVID with Holes),Damaged,BVID,4,0.626,0.06,89.53,0.799,0.877,0.889,87.68,12.8,0.128,3.856,48.62,429.48,Medium
5242,C-scan (Pristine with Holes),Pristine,None,6,0.467,0.018,13.92,0.362,0.388,0.374,114.37,3.88,0.04,0.862,27.6,518.82,Low
5243,C-scan (BVID with Holes),Damaged,BVID,4,0.51,0.078,30.68,0.701,0.48,0.645,37.68,13.35,0.119,3.266,32.88,844.31,Medium
5244,C-scan (BVID with Holes),Damaged,BVID,6,0.631,0.043,75.53,0.305,0.539,0.531,104.48,0.85,0.111,4.729,42.88,592.23,Medium
5245,C-scan (BVID with Holes),Damaged,BVID,3,0.639,0.03,24.78,0.864,0.325,0.212,91.31,6.98,0.177,2.012,29.11,381.93,Low
5246,C-scan (BVID with Holes),Damaged,BVID,3,0.625,0.024,16.16,0.947,0.126,0.296,58.09,4.67,0.163,4.226,46.76,728.67,Medium
5247,C-scan (Pristine with Holes),Pristine,None,4,0.612,0.045,6.52,0.66,0.347,0.396,81.34,9.33,0.041,0.594,22.57,650.92,Low
5248,C-scan (Pristine with Holes),Pristine,None,6,0.634,0.029,40.67,0.592,0.221,0.649,54.74,5.27,0.01,0.864,33.3,542.44,Medium
5249,Thermograph,Mixed,None,4,0.539,0.041,70.3,0.618,0.462,0.668,60.98,8.06,0.09,2.518,21.04,838.26,Low
5250,C-scan (Pristine with Holes),Pristine,None,2,0.475,0.033,66.7,0.343,0.555,0.76,65.71,4.28,0.024,0.841,46.12,630.92,High
5251,C-scan (Pristine with Holes),Pristine,None,4,0.495,0.043,12.62,0.845,0.122,0.859,107.19,5.93,0.048,0.206,56.88,683.88,High
5252,C-scan (Pristine with Holes),Pristine,None,6,0.642,0.017,36.18,0.458,0.217,0.335,50.18,7.02,0.042,0.434,38.92,893.47,Medium
5253,C-scan (BVID with Holes),Damaged,BVID,2,0.582,0.039,68.9,0.944,0.938,0.313,75.96,8.72,0.169,1.034,29.14,730.9,Low
5254,Thermograph,Mixed,Thermal Anomaly,3,0.457,0.047,51.82,0.863,0.851,0.849,91.87,10.4,0.075,2.551,40.76,692.92,Medium
5255,C-scan (Pristine with Holes),Pristine,None,3,0.511,0.017,78.82,0.802,0.836,0.58,45.35,1.94,0.025,0.142,24.64,890.86,Low
5256,Thermograph,Mixed,Thermal Anomaly,2,0.679,0.011,37.23,0.987,0.245,0.717,30.13,12.27,0.061,3.006,29.23,714.78,Low
5257,C-scan (Pristine with Holes),Pristine,None,3,0.541,0.075,44.05,0.277,0.767,0.314,55.53,5.96,0.016,0.674,45.5,622.72,High
5258,C-scan (BVID with Holes),Damaged,BVID,3,0.581,0.05,54.44,0.578,0.331,0.409,33.25,2.4,0.083,4.542,30.45,696.71,Medium
5259,C-scan (BVID with Holes),Damaged,BVID,4,0.547,0.016,5.7,0.38,0.307,0.602,59.63,11.29,0.181,2.13,44.58,626.33,Medium
5260,C-scan (Pristine with Holes),Pristine,None,2,0.645,0.033,86.81,0.396,0.116,0.763,69.28,12.1,0.023,0.977,26.03,851.71,Low
5261,C-scan (BVID with Holes),Damaged,BVID,5,0.68,0.061,66.16,0.276,0.335,0.673,74.84,7.93,0.143,4.805,26.78,750.63,Low
5262,Thermograph,Mixed,Thermal Anomaly,5,0.684,0.031,52.43,0.965,0.364,0.464,63.02,12.02,0.085,3.263,55.83,686.42,Medium
5263,Thermograph,Mixed,None,3,0.56,0.02,52.64,0.394,0.273,0.308,62.32,11.11,0.036,1.509,37.23,737.58,Medium
5264,C-scan (BVID with Holes),Damaged,BVID,5,0.634,0.072,63.4,0.437,0.738,0.415,30.46,3.81,0.121,2.548,47.13,453.42,Medium
5265,Thermograph,Mixed,None,2,0.594,0.074,46.62,0.598,0.48,0.241,31.56,4.28,0.108,2.732,52.93,681.46,Medium
5266,C-scan (BVID with Holes),Damaged,BVID,3,0.597,0.053,39.22,0.808,0.349,0.818,32.01,13.52,0.188,1.407,49.47,676.27,Medium
5267,C-scan (Pristine with Holes),Pristine,None,2,0.665,0.065,3.24,0.143,0.981,0.218,109.2,12.87,0.013,0.246,21.74,457.49,Low
5268,C-scan (BVID with Holes),Damaged,BVID,5,0.594,0.075,29.57,0.708,0.37,0.57,113.1,6.6,0.191,2.479,26.58,560.85,Low
5269,C-scan (Pristine with Holes),Pristine,None,5,0.666,0.075,21.38,0.553,0.572,0.581,32.08,3.63,0.019,0.971,22.06,647.3,Low
5270,C-scan (BVID with Holes),Damaged,BVID,3,0.685,0.078,56.81,0.837,0.308,0.652,119.37,1.01,0.099,3.748,56.74,514.83,Medium
5271,C-scan (BVID with Holes),Damaged,BVID,3,0.628,0.053,45.08,0.656,0.452,0.629,49.34,0.5,0.142,1.192,21.69,363.66,Low
5272,C-scan (BVID with Holes),Damaged,BVID,4,0.606,0.01,37.88,0.32,0.707,0.757,80.53,1.46,0.143,2.167,29.58,400.11,Low
5273,C-scan (Pristine with Holes),Pristine,None,2,0.562,0.06,0.11,0.984,0.354,0.679,104.82,8.97,0.035,0.332,51.0,527.53,High
5274,C-scan (BVID with Holes),Damaged,BVID,4,0.474,0.047,34.64,0.725,0.773,0.642,96.6,2.14,0.185,3.705,35.26,855.39,Medium
5275,C-scan (Pristine with Holes),Pristine,None,5,0.508,0.046,79.16,0.437,0.503,0.274,47.09,4.46,0.045,0.751,44.24,688.21,Medium
5276,Thermograph,Mixed,None,4,0.617,0.068,76.91,0.179,0.237,0.678,89.52,5.05,0.087,1.318,34.03,486.27,Medium
5277,Thermograph,Mixed,Thermal Anomaly,3,0.538,0.046,8.41,0.775,0.348,0.204,30.99,10.81,0.117,2.637,27.99,494.29,Low
5278,Thermograph,Mixed,Thermal Anomaly,6,0.67,0.022,67.99,0.275,0.267,0.592,73.9,0.92,0.085,2.808,31.75,720.11,Medium
5279,Thermograph,Mixed,Thermal Anomaly,4,0.632,0.066,16.01,0.871,0.912,0.707,26.13,2.08,0.081,3.066,46.9,761.44,Medium
5280,C-scan (BVID with Holes),Damaged,BVID,4,0.588,0.051,84.63,0.319,0.386,0.248,115.5,4.47,0.159,1.828,34.94,405.59,Medium
5281,C-scan (BVID with Holes),Damaged,BVID,4,0.622,0.071,82.38,0.259,0.568,0.882,88.92,2.3,0.082,4.073,38.16,751.05,Medium
5282,C-scan (BVID with Holes),Damaged,BVID,2,0.472,0.07,8.97,0.268,0.219,0.298,44.68,7.81,0.115,3.322,35.23,822.24,Medium
5283,C-scan (BVID with Holes),Damaged,BVID,6,0.642,0.062,74.96,0.748,0.169,0.265,77.93,8.17,0.126,1.017,23.38,423.98,Low
5284,C-scan (Pristine with Holes),Pristine,None,5,0.601,0.037,26.56,0.229,0.377,0.28,116.99,1.98,0.046,0.489,39.81,696.82,Medium
5285,Thermograph,Mixed,None,4,0.536,0.075,4.15,0.831,0.356,0.29,105.44,5.74,0.11,2.515,41.46,820.69,Medium
5286,Thermograph,Mixed,Thermal Anomaly,6,0.68,0.071,4.84,0.627,0.695,0.633,101.99,1.55,0.036,3.313,46.19,652.1,High
5287,C-scan (Pristine with Holes),Pristine,None,3,0.557,0.048,44.55,0.519,0.602,0.308,63.87,14.71,0.042,0.131,24.64,459.35,Low
5288,C-scan (Pristine with Holes),Pristine,None,3,0.453,0.057,88.33,0.539,0.689,0.459,54.74,0.93,0.032,0.471,45.8,454.77,High
5289,C-scan (Pristine with Holes),Pristine,None,6,0.519,0.073,45.6,0.61,0.398,0.505,69.86,3.95,0.037,0.926,47.33,586.28,High
5290,C-scan (BVID with Holes),Damaged,BVID,3,0.483,0.028,66.96,0.16,0.227,0.735,90.62,3.26,0.11,3.374,33.29,358.95,Medium
5291,Thermograph,Mixed,Thermal Anomaly,6,0.456,0.044,39.79,0.999,0.371,0.461,115.94,12.35,0.127,0.555,42.25,539.6,Medium
5292,C-scan (Pristine with Holes),Pristine,None,2,0.451,0.027,85.42,0.991,0.934,0.501,45.06,6.15,0.035,0.513,54.18,698.43,High
5293,C-scan (BVID with Holes),Damaged,BVID,2,0.679,0.04,31.81,0.737,0.71,0.296,61.7,8.28,0.162,2.54,40.21,360.18,Medium
5294,C-scan (Pristine with Holes),Pristine,None,6,0.641,0.055,17.47,0.692,0.977,0.643,56.95,11.09,0.025,0.366,33.97,755.83,Medium
5295,C-scan (BVID with Holes),Damaged,BVID,6,0.591,0.056,85.28,0.596,0.516,0.342,88.86,5.26,0.146,1.378,48.19,649.87,Medium
5296,C-scan (Pristine with Holes),Pristine,None,6,0.675,0.072,88.31,0.327,0.462,0.455,118.56,4.4,0.047,0.663,30.03,894.37,Medium
5297,Thermograph,Mixed,Thermal Anomaly,2,0.487,0.012,87.45,0.733,0.89,0.255,36.55,10.14,0.071,2.871,59.05,834.32,High
5298,C-scan (BVID with Holes),Damaged,BVID,5,0.62,0.074,74.86,0.951,0.904,0.636,28.29,12.06,0.118,4.653,35.92,378.34,Medium
5299,Thermograph,Mixed,None,4,0.657,0.029,50.1,0.193,0.577,0.332,69.13,9.67,0.09,1.794,47.47,781.75,Medium
5300,Thermograph,Mixed,Thermal Anomaly,3,0.499,0.013,32.27,0.391,0.235,0.772,78.11,5.03,0.11,1.158,21.28,610.24,Low
5301,Thermograph,Mixed,None,4,0.504,0.05,64.8,0.293,0.6,0.333,102.08,10.75,0.082,0.894,39.64,726.95,Medium
5302,C-scan (BVID with Holes),Damaged,BVID,2,0.66,0.048,5.55,0.855,0.752,0.551,72.85,13.52,0.089,3.96,56.6,391.97,Medium
5303,C-scan (Pristine with Holes),Pristine,None,4,0.619,0.054,55.86,0.419,0.976,0.622,114.29,8.56,0.034,0.885,26.81,835.55,Low
5304,C-scan (Pristine with Holes),Pristine,None,3,0.457,0.045,21.84,0.576,0.605,0.422,112.28,11.37,0.022,0.908,57.83,724.79,High
5305,C-scan (BVID with Holes),Damaged,BVID,6,0.492,0.05,65.38,0.911,0.833,0.584,44.78,11.57,0.152,2.383,58.08,826.98,Medium
5306,C-scan (BVID with Holes),Damaged,BVID,6,0.558,0.018,65.35,0.197,0.178,0.418,107.92,9.81,0.097,4.172,55.51,407.86,Medium
5307,Thermograph,Mixed,Thermal Anomaly,4,0.494,0.011,1.61,0.464,0.398,0.84,32.53,7.88,0.031,0.57,25.83,708.83,Low
5308,Thermograph,Mixed,Thermal Anomaly,5,0.563,0.045,56.0,0.64,0.777,0.365,99.99,4.31,0.085,3.281,44.44,683.3,Medium
5309,C-scan (BVID with Holes),Damaged,BVID,4,0.689,0.034,32.97,0.4,0.401,0.717,44.37,9.28,0.102,1.748,52.71,464.28,Medium
5310,Thermograph,Mixed,None,4,0.497,0.039,34.67,0.756,0.918,0.746,26.15,12.8,0.051,2.686,57.76,533.19,High
5311,C-scan (Pristine with Holes),Pristine,None,5,0.667,0.017,25.06,0.91,0.958,0.359,42.53,8.97,0.035,0.777,21.81,487.45,Low
5312,C-scan (BVID with Holes),Damaged,BVID,3,0.647,0.049,62.96,0.777,0.463,0.863,37.24,2.66,0.197,2.439,34.11,389.0,Medium
5313,Thermograph,Mixed,Thermal Anomaly,2,0.498,0.032,46.13,0.212,0.808,0.722,90.21,8.69,0.115,1.444,54.3,700.39,Medium
5314,C-scan (BVID with Holes),Damaged,BVID,5,0.677,0.027,85.11,0.144,0.731,0.488,41.51,9.88,0.114,4.074,30.71,681.58,Medium
5315,C-scan (Pristine with Holes),Pristine,None,2,0.469,0.044,1.57,0.237,0.395,0.565,65.77,3.41,0.043,0.481,50.79,438.61,High
5316,C-scan (Pristine with Holes),Pristine,None,3,0.578,0.032,76.92,0.227,0.563,0.864,58.73,1.44,0.042,0.264,25.93,676.83,Low
5317,Thermograph,Mixed,None,5,0.638,0.062,33.51,0.142,0.45,0.595,60.52,0.69,0.069,1.21,28.11,827.1,Low
5318,C-scan (Pristine with Holes),Pristine,None,5,0.476,0.068,53.83,0.51,0.637,0.35,56.72,4.4,0.049,0.805,54.29,403.35,High
5319,Thermograph,Mixed,None,2,0.638,0.049,16.85,0.226,0.782,0.333,32.71,10.08,0.142,2.207,49.23,671.46,Medium
5320,C-scan (BVID with Holes),Damaged,BVID,3,0.592,0.058,58.97,0.699,0.85,0.791,39.85,10.46,0.142,2.877,40.09,885.75,Medium
5321,Thermograph,Mixed,None,2,0.466,0.073,64.58,0.304,0.479,0.614,69.86,13.95,0.12,3.105,33.8,717.43,Medium
5322,C-scan (Pristine with Holes),Pristine,None,4,0.527,0.07,34.58,0.251,0.589,0.884,119.77,2.72,0.046,0.589,59.43,766.9,High
5323,C-scan (Pristine with Holes),Pristine,None,5,0.473,0.057,59.95,0.853,0.202,0.804,70.07,8.55,0.017,0.147,27.53,654.9,Low
5324,C-scan (Pristine with Holes),Pristine,None,3,0.569,0.029,11.27,0.853,0.807,0.821,75.0,4.47,0.041,0.563,59.5,385.44,High
5325,C-scan (Pristine with Holes),Pristine,None,6,0.455,0.05,23.37,0.488,0.651,0.768,44.14,8.64,0.013,0.364,42.65,768.79,Medium
5326,C-scan (BVID with Holes),Damaged,BVID,5,0.565,0.077,21.48,0.78,0.805,0.89,65.61,4.34,0.111,2.613,55.78,607.28,Medium
5327,C-scan (Pristine with Holes),Pristine,None,2,0.499,0.045,51.55,0.288,0.604,0.767,31.66,5.92,0.031,0.407,50.72,831.6,High
5328,C-scan (BVID with Holes),Damaged,BVID,3,0.478,0.022,17.95,0.292,0.17,0.781,107.26,4.94,0.151,4.523,25.69,714.5,Low
5329,Thermograph,Mixed,Thermal Anomaly,3,0.468,0.073,46.2,0.795,0.587,0.358,68.58,0.74,0.138,0.981,59.39,378.42,Medium
5330,C-scan (BVID with Holes),Damaged,BVID,2,0.563,0.022,53.54,0.193,0.199,0.522,70.56,8.9,0.149,4.383,56.33,469.34,Medium
5331,C-scan (Pristine with Holes),Pristine,None,6,0.618,0.024,29.5,0.55,0.266,0.272,102.33,14.07,0.027,0.968,35.16,371.64,Medium
5332,C-scan (BVID with Holes),Damaged,BVID,4,0.551,0.019,67.88,0.629,0.942,0.821,88.54,12.76,0.155,4.513,32.42,511.92,Medium
5333,Thermograph,Mixed,None,5,0.542,0.037,14.71,0.475,0.95,0.77,118.66,3.61,0.041,0.853,39.77,691.74,Medium
5334,C-scan (Pristine with Holes),Pristine,None,3,0.692,0.076,73.73,0.501,0.597,0.871,85.76,4.66,0.033,0.264,26.79,800.53,Low
5335,C-scan (Pristine with Holes),Pristine,None,6,0.575,0.038,87.2,0.962,0.49,0.271,106.35,14.72,0.031,0.761,37.01,374.76,Medium
5336,Thermograph,Mixed,None,3,0.556,0.035,27.29,0.35,0.719,0.887,53.37,12.92,0.053,2.06,45.16,879.28,High
5337,C-scan (BVID with Holes),Damaged,BVID,6,0.641,0.048,19.31,0.239,0.28,0.204,109.21,11.15,0.173,2.246,57.84,432.78,Medium
5338,Thermograph,Mixed,None,6,0.462,0.033,59.3,0.58,0.475,0.377,50.98,4.87,0.034,2.037,44.43,452.95,Medium
5339,C-scan (Pristine with Holes),Pristine,None,5,0.687,0.035,81.67,0.839,0.612,0.731,93.21,5.12,0.018,0.847,28.44,784.07,Low
5340,C-scan (Pristine with Holes),Pristine,None,4,0.648,0.062,45.72,0.7,0.966,0.756,91.25,8.09,0.024,0.966,53.06,835.49,High
5341,C-scan (Pristine with Holes),Pristine,None,3,0.667,0.067,29.77,0.847,0.188,0.376,84.86,14.97,0.037,0.599,28.0,669.22,Low
5342,C-scan (BVID with Holes),Damaged,BVID,5,0.68,0.071,83.47,0.872,0.636,0.411,49.66,13.88,0.146,2.034,31.63,876.56,Medium
5343,C-scan (Pristine with Holes),Pristine,None,5,0.521,0.055,36.23,0.52,0.491,0.335,40.57,6.76,0.031,0.28,21.52,843.77,Low
5344,C-scan (BVID with Holes),Damaged,BVID,2,0.498,0.031,10.8,0.155,0.922,0.513,103.51,5.73,0.155,4.798,53.28,825.97,Medium
5345,Thermograph,Mixed,None,3,0.461,0.019,11.73,0.235,0.814,0.276,85.63,1.34,0.047,2.212,20.69,890.56,Low
5346,C-scan (BVID with Holes),Damaged,BVID,6,0.579,0.027,50.64,0.483,0.575,0.696,98.48,2.03,0.115,3.207,40.71,392.35,Medium
5347,Thermograph,Mixed,Thermal Anomaly,2,0.648,0.063,55.47,0.315,0.94,0.242,113.21,10.32,0.054,2.506,23.37,882.23,Low
5348,C-scan (BVID with Holes),Damaged,BVID,3,0.525,0.021,12.41,0.136,0.359,0.239,56.49,11.78,0.104,4.815,31.8,687.34,Medium
5349,Thermograph,Mixed,Thermal Anomaly,4,0.654,0.011,57.19,0.208,0.307,0.733,104.91,13.08,0.125,2.338,33.6,587.94,Medium
5350,Thermograph,Mixed,None,2,0.654,0.034,20.31,0.924,0.844,0.246,55.13,4.63,0.12,1.721,50.14,854.33,Medium
5351,C-scan (Pristine with Holes),Pristine,None,3,0.496,0.027,10.81,0.854,0.53,0.262,47.44,12.27,0.044,0.998,53.19,433.9,High
5352,Thermograph,Mixed,None,5,0.582,0.017,16.98,0.631,0.647,0.759,30.01,7.5,0.077,3.099,33.96,593.82,Medium
5353,C-scan (BVID with Holes),Damaged,BVID,4,0.665,0.044,41.43,0.279,0.964,0.898,78.21,4.33,0.169,3.863,59.41,367.33,Medium
5354,C-scan (Pristine with Holes),Pristine,None,2,0.588,0.036,87.37,0.116,0.481,0.491,25.34,11.43,0.035,0.369,41.53,566.95,Medium
5355,Thermograph,Mixed,None,6,0.509,0.066,48.77,0.247,0.526,0.368,79.92,12.59,0.075,1.674,33.6,728.91,Medium
5356,C-scan (Pristine with Holes),Pristine,None,2,0.609,0.042,89.24,0.239,0.57,0.226,45.08,3.68,0.045,0.172,32.87,672.24,Medium
5357,Thermograph,Mixed,Thermal Anomaly,6,0.696,0.018,7.45,0.414,0.381,0.607,49.97,3.86,0.106,1.939,20.43,455.99,Low
5358,C-scan (BVID with Holes),Damaged,BVID,4,0.504,0.059,32.65,0.697,0.951,0.859,110.33,7.85,0.123,4.571,29.14,354.38,Low
5359,C-scan (BVID with Holes),Damaged,BVID,4,0.698,0.035,26.33,0.667,0.781,0.308,106.7,8.16,0.134,1.824,25.32,350.07,Low
5360,C-scan (Pristine with Holes),Pristine,None,3,0.668,0.047,64.41,0.227,0.971,0.55,88.26,1.13,0.044,0.225,30.78,457.62,Medium
5361,Thermograph,Mixed,Thermal Anomaly,4,0.47,0.044,62.02,0.509,0.85,0.252,116.38,12.34,0.124,2.42,46.63,653.84,Medium
5362,Thermograph,Mixed,Thermal Anomaly,5,0.687,0.046,9.24,0.651,0.445,0.592,31.9,1.53,0.035,0.921,55.03,634.79,High
5363,C-scan (Pristine with Holes),Pristine,None,4,0.486,0.036,89.89,0.302,0.536,0.522,58.23,10.88,0.015,0.558,50.11,535.73,High
5364,C-scan (Pristine with Holes),Pristine,None,5,0.656,0.071,56.17,0.968,0.899,0.694,33.58,7.21,0.04,0.2,34.43,447.21,Medium
5365,C-scan (BVID with Holes),Damaged,BVID,3,0.642,0.073,61.09,0.517,0.183,0.618,68.13,4.94,0.178,4.837,52.86,469.13,Medium
5366,C-scan (Pristine with Holes),Pristine,None,5,0.508,0.043,73.59,0.32,0.835,0.551,77.03,10.42,0.038,0.439,49.62,362.9,High
5367,Thermograph,Mixed,None,4,0.648,0.042,81.65,0.795,0.351,0.232,25.81,10.47,0.047,1.986,57.5,608.26,High
5368,C-scan (BVID with Holes),Damaged,BVID,5,0.465,0.059,13.52,0.53,0.383,0.278,40.92,13.12,0.166,4.916,39.08,547.48,Medium
5369,Thermograph,Mixed,None,4,0.658,0.051,57.03,0.265,0.684,0.451,80.03,12.19,0.034,2.743,55.1,777.93,High
5370,C-scan (Pristine with Holes),Pristine,None,2,0.518,0.022,1.19,0.82,0.313,0.736,32.54,14.7,0.049,0.169,42.14,679.5,Medium
5371,Thermograph,Mixed,Thermal Anomaly,2,0.553,0.057,14.02,0.682,0.309,0.264,49.89,12.18,0.037,2.941,53.31,468.57,High
5372,C-scan (BVID with Holes),Damaged,BVID,4,0.596,0.077,63.25,0.534,0.817,0.424,38.15,11.8,0.166,3.284,20.62,824.61,Low
5373,Thermograph,Mixed,Thermal Anomaly,4,0.628,0.013,62.36,0.398,0.34,0.468,28.15,11.09,0.1,0.811,49.66,586.8,Medium
5374,C-scan (BVID with Holes),Damaged,BVID,5,0.479,0.02,82.51,0.965,0.409,0.813,95.17,2.65,0.09,2.512,59.46,576.4,Medium
5375,Thermograph,Mixed,None,6,0.646,0.057,85.91,0.441,0.773,0.824,119.19,12.77,0.086,1.517,45.9,655.36,Medium
5376,Thermograph,Mixed,Thermal Anomaly,4,0.453,0.073,69.02,0.531,0.426,0.727,33.69,13.05,0.039,1.377,29.34,602.47,Low
5377,Thermograph,Mixed,None,4,0.584,0.071,34.49,0.387,0.242,0.835,103.96,8.28,0.115,2.039,47.99,492.58,Medium
5378,C-scan (BVID with Holes),Damaged,BVID,4,0.523,0.016,10.9,0.299,0.174,0.424,102.92,11.91,0.167,1.031,36.52,392.98,Medium
5379,C-scan (Pristine with Holes),Pristine,None,6,0.493,0.022,43.79,0.497,0.878,0.835,32.77,7.87,0.019,0.275,54.84,813.05,High
5380,Thermograph,Mixed,None,2,0.553,0.018,58.17,0.645,0.693,0.454,59.18,13.53,0.098,2.934,38.3,818.32,Medium
5381,C-scan (BVID with Holes),Damaged,BVID,6,0.632,0.067,88.14,0.433,0.444,0.572,79.54,5.94,0.182,4.482,53.52,664.37,Medium
5382,C-scan (Pristine with Holes),Pristine,None,4,0.582,0.055,85.78,0.613,0.744,0.731,115.67,4.24,0.021,0.523,27.28,656.98,Low
5383,C-scan (Pristine with Holes),Pristine,None,6,0.635,0.042,42.78,0.323,0.631,0.344,104.95,8.2,0.027,0.107,59.06,874.03,High
5384,C-scan (Pristine with Holes),Pristine,None,5,0.599,0.037,1.15,0.465,0.477,0.786,109.01,1.22,0.011,0.831,40.34,508.93,Medium
5385,C-scan (BVID with Holes),Damaged,BVID,2,0.678,0.058,48.4,0.962,0.166,0.283,32.11,13.37,0.166,4.996,54.24,462.98,Medium
5386,C-scan (BVID with Holes),Damaged,BVID,2,0.456,0.011,40.58,0.565,0.382,0.563,113.39,8.76,0.196,3.475,23.45,815.99,Low
5387,Thermograph,Mixed,None,5,0.63,0.023,63.21,0.459,0.731,0.583,42.21,9.44,0.047,1.986,32.83,580.85,Medium
5388,Thermograph,Mixed,Thermal Anomaly,4,0.488,0.058,31.1,0.935,0.595,0.756,25.49,12.97,0.062,0.56,28.0,359.05,Low
5389,C-scan (Pristine with Holes),Pristine,None,2,0.601,0.055,51.59,0.667,0.36,0.881,43.36,8.15,0.019,0.581,35.9,416.78,Medium
5390,C-scan (BVID with Holes),Damaged,BVID,2,0.562,0.042,13.08,0.705,0.606,0.5,25.78,12.88,0.197,3.507,39.68,708.9,Medium
5391,C-scan (Pristine with Holes),Pristine,None,4,0.593,0.049,86.49,0.112,0.541,0.346,63.56,13.83,0.043,0.278,34.84,357.1,Medium
5392,C-scan (Pristine with Holes),Pristine,None,5,0.495,0.06,30.58,0.723,0.731,0.87,31.62,6.92,0.022,0.127,32.56,897.83,Medium
5393,C-scan (BVID with Holes),Damaged,BVID,3,0.613,0.062,31.07,0.974,0.763,0.277,106.33,8.29,0.177,3.48,50.24,750.25,Medium
5394,C-scan (Pristine with Holes),Pristine,None,3,0.56,0.014,62.16,0.546,0.968,0.682,44.71,12.44,0.029,0.837,32.24,646.73,Medium
5395,C-scan (Pristine with Holes),Pristine,None,4,0.65,0.069,44.17,0.466,0.165,0.874,60.28,12.46,0.049,0.656,58.02,376.88,High
5396,C-scan (BVID with Holes),Damaged,BVID,2,0.508,0.071,23.38,0.285,0.519,0.62,64.71,12.31,0.154,2.754,25.86,443.21,Low
5397,Thermograph,Mixed,None,3,0.645,0.033,76.48,0.602,0.64,0.617,80.19,9.51,0.043,1.098,54.45,673.56,High
5398,C-scan (BVID with Holes),Damaged,BVID,4,0.453,0.075,3.15,0.821,0.294,0.702,111.59,14.19,0.088,1.352,21.24,525.7,Low
5399,C-scan (BVID with Holes),Damaged,BVID,3,0.524,0.018,87.56,0.875,0.875,0.472,115.41,11.31,0.179,3.834,38.68,564.21,Medium
5400,C-scan (Pristine with Holes),Pristine,None,4,0.453,0.011,30.46,0.338,0.151,0.559,78.71,9.47,0.03,0.274,23.71,693.53,Low
5401,Thermograph,Mixed,Thermal Anomaly,2,0.496,0.046,29.38,0.843,0.989,0.618,100.57,10.81,0.054,1.607,21.81,379.35,Low
5402,C-scan (Pristine with Holes),Pristine,None,4,0.683,0.023,81.97,0.5,0.652,0.785,51.53,10.2,0.033,0.482,56.9,562.76,High
5403,C-scan (BVID with Holes),Damaged,BVID,4,0.552,0.053,72.25,0.905,0.712,0.334,72.91,2.54,0.169,3.535,38.59,887.66,Medium
5404,C-scan (BVID with Holes),Damaged,BVID,5,0.68,0.067,85.71,0.39,0.516,0.372,67.41,11.03,0.136,2.836,21.77,582.4,Low
5405,Thermograph,Mixed,None,2,0.506,0.021,14.96,0.796,0.157,0.302,107.07,3.41,0.134,1.57,50.72,888.75,Medium
5406,C-scan (BVID with Holes),Damaged,BVID,6,0.554,0.067,5.12,0.271,0.649,0.658,29.65,8.0,0.16,3.519,58.22,467.93,Medium
5407,C-scan (Pristine with Holes),Pristine,None,2,0.451,0.046,20.0,0.518,0.7,0.207,108.73,14.22,0.048,0.49,37.62,396.86,Medium
5408,Thermograph,Mixed,Thermal Anomaly,2,0.692,0.077,67.22,0.774,0.722,0.711,81.74,3.0,0.036,3.206,49.04,604.09,High
5409,C-scan (BVID with Holes),Damaged,BVID,5,0.552,0.026,0.82,0.542,0.444,0.827,30.68,9.35,0.145,3.223,53.0,676.9,Medium
5410,Thermograph,Mixed,Thermal Anomaly,4,0.476,0.015,33.26,0.818,0.729,0.228,94.08,6.69,0.073,0.587,20.65,834.33,Low
5411,Thermograph,Mixed,None,5,0.573,0.024,6.17,0.147,0.206,0.766,34.07,10.56,0.054,0.973,21.99,866.11,Low
5412,C-scan (BVID with Holes),Damaged,BVID,5,0.604,0.029,7.9,0.504,0.399,0.334,44.84,5.99,0.153,3.454,22.8,529.89,Low
5413,C-scan (Pristine with Holes),Pristine,None,6,0.696,0.021,86.41,0.92,0.769,0.247,74.86,6.84,0.039,0.663,34.39,797.81,Medium
5414,C-scan (Pristine with Holes),Pristine,None,6,0.695,0.062,7.94,0.783,0.568,0.325,43.74,12.46,0.032,0.55,52.82,431.47,High
5415,Thermograph,Mixed,Thermal Anomaly,2,0.679,0.04,35.82,0.198,0.72,0.209,118.75,0.55,0.037,1.335,35.97,427.41,Medium
5416,C-scan (Pristine with Holes),Pristine,None,6,0.627,0.014,71.79,0.541,0.942,0.822,25.1,5.76,0.019,0.252,44.62,836.66,Medium
5417,C-scan (Pristine with Holes),Pristine,None,3,0.56,0.034,35.06,0.463,0.693,0.787,119.44,8.5,0.047,0.569,40.48,441.46,Medium
5418,C-scan (BVID with Holes),Damaged,BVID,6,0.654,0.076,66.52,0.121,0.917,0.335,103.09,1.67,0.18,2.165,27.05,855.38,Low
5419,C-scan (Pristine with Holes),Pristine,None,4,0.5,0.052,76.53,0.725,0.252,0.39,37.28,1.3,0.031,0.977,32.68,651.01,Medium
5420,C-scan (BVID with Holes),Damaged,BVID,2,0.635,0.037,75.72,0.826,0.115,0.457,107.67,2.7,0.082,2.227,52.17,567.4,Medium
5421,C-scan (Pristine with Holes),Pristine,None,3,0.647,0.053,2.29,0.915,0.318,0.246,102.05,6.68,0.034,0.878,59.8,371.47,High
5422,C-scan (BVID with Holes),Damaged,BVID,5,0.628,0.042,25.38,0.466,0.849,0.247,49.07,1.69,0.124,1.758,48.46,676.17,Medium
5423,C-scan (Pristine with Holes),Pristine,None,2,0.577,0.03,24.0,0.6,0.815,0.671,27.32,14.17,0.034,0.705,41.75,865.24,Medium
5424,Thermograph,Mixed,None,4,0.602,0.053,47.67,0.32,0.325,0.74,102.31,12.43,0.069,2.885,57.37,583.44,High
5425,C-scan (Pristine with Holes),Pristine,None,4,0.627,0.027,77.33,0.269,0.74,0.605,73.26,10.28,0.024,0.106,24.99,444.13,Low
5426,Thermograph,Mixed,Thermal Anomaly,3,0.641,0.03,67.5,0.823,0.306,0.799,48.82,2.99,0.084,2.23,59.5,359.48,Medium
5427,C-scan (Pristine with Holes),Pristine,None,5,0.658,0.046,47.96,0.653,0.528,0.718,35.18,12.82,0.034,0.284,47.5,373.72,High
5428,C-scan (Pristine with Holes),Pristine,None,4,0.58,0.064,44.08,0.998,0.645,0.764,40.75,1.01,0.033,0.718,29.08,891.4,Low
5429,C-scan (BVID with Holes),Damaged,BVID,3,0.531,0.048,24.92,0.313,0.909,0.892,73.68,4.99,0.144,3.436,41.26,894.54,Medium
5430,C-scan (Pristine with Holes),Pristine,None,2,0.578,0.075,7.66,0.984,0.341,0.263,116.93,11.76,0.033,0.894,54.29,431.01,High
5431,C-scan (Pristine with Holes),Pristine,None,2,0.588,0.017,4.97,0.832,0.967,0.238,104.5,5.18,0.018,0.14,31.91,671.29,Medium
5432,C-scan (BVID with Holes),Damaged,BVID,2,0.48,0.027,72.37,0.761,0.545,0.666,105.77,9.29,0.183,4.153,36.04,562.88,Medium
5433,Thermograph,Mixed,Thermal Anomaly,3,0.584,0.033,42.87,0.11,0.923,0.592,82.33,7.04,0.144,3.368,22.81,811.83,Low
5434,C-scan (Pristine with Holes),Pristine,None,4,0.527,0.052,39.12,0.945,0.631,0.833,98.71,6.74,0.024,0.338,40.96,597.93,Medium
5435,C-scan (Pristine with Holes),Pristine,None,6,0.59,0.046,84.38,0.743,0.102,0.53,88.98,2.94,0.014,0.674,26.68,763.98,Low
5436,C-scan (BVID with Holes),Damaged,BVID,3,0.587,0.017,41.18,0.233,0.439,0.623,91.82,0.99,0.179,4.603,40.38,399.82,Medium
5437,C-scan (Pristine with Holes),Pristine,None,5,0.599,0.024,0.63,0.518,0.135,0.642,39.34,7.09,0.026,0.47,43.66,417.91,Medium
5438,Thermograph,Mixed,None,2,0.677,0.043,41.81,0.892,0.451,0.273,95.03,8.94,0.128,1.959,58.84,802.97,Medium
5439,C-scan (BVID with Holes),Damaged,BVID,2,0.481,0.067,70.18,0.631,0.231,0.656,77.13,10.05,0.142,3.845,54.0,708.7,Medium
5440,C-scan (Pristine with Holes),Pristine,None,5,0.507,0.042,30.02,0.496,0.519,0.645,72.52,2.78,0.028,0.203,41.04,676.0,Medium
5441,Thermograph,Mixed,Thermal Anomaly,2,0.607,0.027,35.78,0.642,0.357,0.274,28.01,5.51,0.039,3.46,49.3,617.14,High
5442,C-scan (BVID with Holes),Damaged,BVID,2,0.574,0.017,71.38,0.459,0.145,0.461,45.05,10.54,0.162,1.491,36.28,382.21,Medium
5443,C-scan (BVID with Holes),Damaged,BVID,3,0.651,0.036,26.66,0.259,0.712,0.649,34.64,7.15,0.082,1.172,42.65,633.98,Medium
5444,Thermograph,Mixed,Thermal Anomaly,3,0.6,0.072,27.34,0.753,0.266,0.822,76.34,11.43,0.037,1.822,32.54,817.71,Medium
5445,C-scan (BVID with Holes),Damaged,BVID,2,0.588,0.072,31.76,0.276,0.394,0.681,34.23,5.71,0.101,4.232,23.35,518.08,Low
5446,C-scan (Pristine with Holes),Pristine,None,2,0.681,0.038,78.62,0.233,0.533,0.656,105.66,3.07,0.021,0.453,44.15,858.59,Medium
5447,C-scan (BVID with Holes),Damaged,BVID,2,0.655,0.055,23.43,0.943,0.93,0.708,61.19,8.99,0.088,4.169,40.36,637.93,Medium
5448,Thermograph,Mixed,None,3,0.451,0.024,48.16,0.71,0.109,0.482,78.01,9.9,0.101,3.121,40.22,402.37,Medium
5449,C-scan (BVID with Holes),Damaged,BVID,6,0.622,0.057,77.66,0.22,0.37,0.46,66.14,13.2,0.17,4.248,38.22,759.89,Medium
5450,C-scan (Pristine with Holes),Pristine,None,6,0.584,0.072,25.17,0.435,0.161,0.561,26.15,1.26,0.022,0.412,37.94,571.33,Medium
5451,C-scan (Pristine with Holes),Pristine,None,2,0.697,0.072,26.68,0.523,0.94,0.49,29.05,13.64,0.045,0.682,46.11,742.08,High
5452,C-scan (BVID with Holes),Damaged,BVID,2,0.611,0.025,10.98,0.504,0.721,0.761,34.28,11.97,0.171,4.758,42.0,537.34,Medium
5453,Thermograph,Mixed,Thermal Anomaly,6,0.627,0.011,9.83,0.573,0.398,0.523,101.31,1.79,0.052,2.88,47.28,412.36,High
5454,C-scan (BVID with Holes),Damaged,BVID,3,0.698,0.036,15.5,0.129,0.182,0.526,52.24,10.62,0.18,2.124,34.0,515.5,Medium
5455,Thermograph,Mixed,Thermal Anomaly,2,0.558,0.013,73.69,0.526,0.933,0.858,84.44,1.08,0.124,0.542,24.11,529.12,Low
5456,C-scan (BVID with Holes),Damaged,BVID,5,0.523,0.039,16.09,0.247,0.688,0.607,65.55,13.71,0.172,4.556,59.32,685.88,Medium
5457,Thermograph,Mixed,Thermal Anomaly,3,0.594,0.054,33.9,0.243,0.256,0.27,100.2,2.63,0.101,2.666,33.77,826.91,Medium
5458,C-scan (Pristine with Holes),Pristine,None,2,0.64,0.07,25.62,0.946,0.185,0.572,72.75,7.34,0.044,0.468,54.83,584.49,High
5459,C-scan (BVID with Holes),Damaged,BVID,2,0.68,0.031,36.36,0.753,0.815,0.709,80.08,4.24,0.161,4.169,33.12,376.38,Medium
5460,Thermograph,Mixed,Thermal Anomaly,4,0.457,0.012,40.49,0.469,0.168,0.207,97.13,9.62,0.062,3.072,35.69,549.06,Medium
5461,C-scan (Pristine with Holes),Pristine,None,6,0.595,0.039,82.54,0.764,0.204,0.405,100.95,2.64,0.041,0.341,43.78,609.1,Medium
5462,C-scan (Pristine with Holes),Pristine,None,2,0.616,0.078,15.7,0.903,0.99,0.44,62.36,3.63,0.045,0.338,58.97,687.57,High
5463,Thermograph,Mixed,Thermal Anomaly,3,0.55,0.054,5.07,0.837,0.296,0.8,71.32,2.49,0.037,3.308,28.81,471.52,Low
5464,Thermograph,Mixed,None,5,0.517,0.059,25.63,0.679,0.209,0.498,87.15,8.92,0.113,2.119,50.75,648.52,Medium
5465,Thermograph,Mixed,None,6,0.641,0.029,38.41,0.236,0.837,0.372,96.51,9.72,0.038,1.099,58.08,624.69,High
5466,C-scan (BVID with Holes),Damaged,BVID,4,0.582,0.077,67.61,0.743,0.798,0.341,106.0,10.53,0.105,3.14,39.28,879.71,Medium
5467,Thermograph,Mixed,Thermal Anomaly,5,0.545,0.051,25.32,0.502,0.854,0.656,95.97,8.45,0.126,1.25,50.48,880.39,Medium
5468,C-scan (BVID with Holes),Damaged,BVID,6,0.548,0.013,26.13,0.261,0.56,0.723,48.65,9.88,0.128,2.401,26.73,695.46,Low
5469,C-scan (Pristine with Holes),Pristine,None,3,0.664,0.031,72.7,0.861,0.113,0.819,108.28,12.28,0.042,0.854,52.96,593.25,High
5470,C-scan (Pristine with Holes),Pristine,None,3,0.675,0.051,88.94,0.952,0.165,0.35,28.4,9.72,0.024,0.562,36.83,612.77,Medium
5471,C-scan (BVID with Holes),Damaged,BVID,2,0.598,0.013,5.65,0.638,0.305,0.504,57.6,2.31,0.165,4.861,20.19,483.17,Low
5472,C-scan (Pristine with Holes),Pristine,None,6,0.626,0.033,56.25,0.177,0.448,0.224,61.2,8.62,0.016,0.778,51.79,662.91,High
5473,C-scan (BVID with Holes),Damaged,BVID,5,0.473,0.031,46.44,0.895,0.578,0.225,65.8,6.95,0.133,1.332,34.61,504.19,Medium
5474,Thermograph,Mixed,Thermal Anomaly,3,0.468,0.062,48.35,0.636,0.74,0.582,98.97,8.51,0.128,1.596,33.68,685.41,Medium
5475,C-scan (BVID with Holes),Damaged,BVID,6,0.501,0.026,27.6,0.162,0.5,0.249,80.32,2.98,0.113,1.006,45.6,738.33,Medium
5476,C-scan (Pristine with Holes),Pristine,None,3,0.503,0.039,40.09,0.391,0.632,0.531,30.69,2.44,0.027,0.753,53.02,893.55,High
5477,C-scan (BVID with Holes),Damaged,BVID,2,0.687,0.052,42.37,0.523,0.3,0.739,50.61,0.86,0.18,4.935,20.31,406.39,Low
5478,C-scan (BVID with Holes),Damaged,BVID,2,0.486,0.05,25.72,0.37,0.664,0.425,118.04,11.14,0.145,3.828,35.19,687.27,Medium
5479,Thermograph,Mixed,Thermal Anomaly,4,0.669,0.014,67.03,0.878,0.199,0.683,93.08,13.13,0.108,0.605,33.28,861.23,Medium
5480,C-scan (BVID with Holes),Damaged,BVID,5,0.522,0.017,66.58,0.199,0.527,0.427,39.18,7.47,0.14,4.741,34.48,373.05,Medium
5481,Thermograph,Mixed,None,5,0.618,0.011,57.57,0.866,0.106,0.635,85.82,14.77,0.125,1.243,53.71,496.23,Medium
5482,C-scan (BVID with Holes),Damaged,BVID,3,0.485,0.03,54.1,0.394,0.835,0.763,40.23,14.57,0.135,1.689,56.24,765.84,Medium
5483,C-scan (Pristine with Holes),Pristine,None,2,0.588,0.019,41.0,0.306,0.508,0.241,111.39,11.2,0.039,0.108,20.65,760.64,Low
5484,C-scan (Pristine with Holes),Pristine,None,5,0.522,0.048,51.89,0.233,0.712,0.238,35.58,12.7,0.026,0.951,44.89,428.92,Medium
5485,Thermograph,Mixed,Thermal Anomaly,4,0.603,0.067,63.62,0.439,0.77,0.202,117.93,5.88,0.141,1.155,34.32,606.8,Medium
5486,C-scan (Pristine with Holes),Pristine,None,5,0.684,0.055,35.42,0.931,0.539,0.557,33.53,2.95,0.041,0.485,34.8,814.54,Medium
5487,C-scan (Pristine with Holes),Pristine,None,5,0.675,0.06,39.29,0.119,0.785,0.807,108.89,3.72,0.015,0.113,40.59,767.51,Medium
5488,C-scan (BVID with Holes),Damaged,BVID,2,0.534,0.03,42.97,0.38,0.572,0.736,113.2,7.43,0.157,4.688,56.11,386.85,Medium
5489,C-scan (BVID with Holes),Damaged,BVID,6,0.683,0.071,44.19,0.155,0.169,0.811,85.61,4.89,0.181,2.538,45.15,552.82,Medium
5490,C-scan (BVID with Holes),Damaged,BVID,5,0.471,0.014,9.12,0.49,0.997,0.636,60.97,2.09,0.16,4.027,46.97,389.34,Medium
5491,Thermograph,Mixed,Thermal Anomaly,3,0.694,0.035,49.39,0.221,0.54,0.809,111.48,11.7,0.136,1.026,23.28,803.44,Low
5492,Thermograph,Mixed,None,2,0.507,0.012,29.28,0.237,0.603,0.322,96.76,5.06,0.13,2.703,24.71,559.25,Low
5493,Thermograph,Mixed,Thermal Anomaly,4,0.531,0.056,2.92,0.85,0.703,0.427,77.12,8.87,0.055,1.813,41.84,677.58,Medium
5494,C-scan (BVID with Holes),Damaged,BVID,5,0.621,0.073,42.79,0.381,0.329,0.67,75.42,10.13,0.146,3.836,45.08,828.35,Medium
5495,C-scan (BVID with Holes),Damaged,BVID,3,0.537,0.035,23.87,0.656,0.615,0.201,62.79,1.11,0.125,3.523,27.9,402.33,Low
5496,C-scan (BVID with Holes),Damaged,BVID,5,0.481,0.08,50.7,0.696,0.607,0.485,94.51,9.94,0.176,2.373,43.23,400.47,Medium
5497,C-scan (Pristine with Holes),Pristine,None,6,0.685,0.052,33.0,0.998,0.969,0.201,55.13,8.27,0.019,0.315,40.84,409.56,Medium
5498,C-scan (BVID with Holes),Damaged,BVID,5,0.593,0.043,27.43,0.494,0.972,0.31,90.46,7.96,0.161,3.581,50.99,731.05,Medium
5499,Thermograph,Mixed,Thermal Anomaly,3,0.495,0.054,66.39,0.548,0.576,0.274,33.35,11.91,0.131,1.747,26.61,441.26,Low
5500,C-scan (Pristine with Holes),Pristine,None,3,0.648,0.016,38.48,0.904,0.724,0.679,37.78,10.55,0.013,0.868,31.07,697.2,Medium
5501,C-scan (BVID with Holes),Damaged,BVID,6,0.466,0.051,60.05,0.506,0.671,0.854,35.72,14.85,0.109,2.749,49.51,580.67,Medium
5502,C-scan (BVID with Holes),Damaged,BVID,4,0.69,0.028,75.53,0.422,0.929,0.605,96.81,1.31,0.145,1.075,23.9,705.41,Low
5503,C-scan (Pristine with Holes),Pristine,None,3,0.577,0.041,9.96,0.933,0.817,0.296,108.11,2.8,0.023,0.726,28.05,508.02,Low
5504,C-scan (BVID with Holes),Damaged,BVID,5,0.522,0.068,81.16,0.152,0.233,0.878,87.57,7.31,0.107,3.419,31.68,473.68,Medium
5505,C-scan (BVID with Holes),Damaged,BVID,2,0.526,0.041,54.89,0.779,0.423,0.203,59.53,1.94,0.129,1.339,46.14,797.54,Medium
5506,C-scan (Pristine with Holes),Pristine,None,5,0.632,0.075,89.1,0.412,0.257,0.345,109.18,4.85,0.024,0.967,33.74,819.0,Medium
5507,C-scan (Pristine with Holes),Pristine,None,6,0.467,0.078,23.43,0.258,0.25,0.346,75.0,1.82,0.042,0.164,59.02,631.16,High
5508,C-scan (BVID with Holes),Damaged,BVID,4,0.673,0.07,75.33,0.291,0.67,0.851,98.88,2.58,0.172,3.838,57.19,776.35,Medium
5509,C-scan (Pristine with Holes),Pristine,None,3,0.649,0.011,52.96,0.367,0.419,0.485,74.82,5.2,0.021,0.866,25.09,723.25,Low
5510,C-scan (BVID with Holes),Damaged,BVID,6,0.474,0.069,41.61,0.806,0.203,0.799,94.08,12.59,0.176,1.649,23.43,819.1,Low
5511,C-scan (Pristine with Holes),Pristine,None,4,0.658,0.066,29.35,0.752,0.794,0.843,33.81,11.61,0.047,0.392,33.98,883.83,Medium
5512,C-scan (BVID with Holes),Damaged,BVID,3,0.634,0.058,87.61,0.703,0.242,0.824,76.46,4.03,0.107,1.228,20.24,746.2,Low
5513,C-scan (BVID with Holes),Damaged,BVID,3,0.649,0.035,11.04,0.362,0.979,0.484,35.23,11.6,0.104,3.09,45.45,730.3,Medium
5514,Thermograph,Mixed,None,2,0.595,0.011,3.64,0.274,0.841,0.435,76.51,1.0,0.131,0.73,22.03,546.1,Low
5515,Thermograph,Mixed,Thermal Anomaly,5,0.568,0.013,44.75,0.277,0.737,0.497,93.31,2.83,0.076,2.737,48.78,403.28,High
5516,C-scan (Pristine with Holes),Pristine,None,5,0.689,0.046,0.62,0.149,0.277,0.315,28.69,14.95,0.044,0.325,22.32,529.39,Low
5517,Thermograph,Mixed,None,4,0.601,0.027,40.12,0.558,0.408,0.392,53.75,1.73,0.081,2.264,38.09,610.04,Medium
5518,C-scan (BVID with Holes),Damaged,BVID,3,0.469,0.042,89.95,0.781,0.765,0.613,87.77,12.75,0.162,3.623,44.67,547.18,Medium
5519,Thermograph,Mixed,None,5,0.688,0.014,13.34,0.335,0.635,0.472,77.44,9.23,0.069,2.823,48.65,652.2,High
5520,C-scan (Pristine with Holes),Pristine,None,6,0.465,0.052,21.76,0.661,0.376,0.833,47.95,12.65,0.016,0.478,40.7,690.5,Medium
5521,Thermograph,Mixed,Thermal Anomaly,3,0.539,0.025,24.99,0.992,0.858,0.345,103.9,9.63,0.121,1.235,27.75,803.22,Low
5522,Thermograph,Mixed,None,2,0.497,0.035,77.89,0.705,0.558,0.477,42.98,6.14,0.035,1.081,44.95,561.02,Medium
5523,C-scan (Pristine with Holes),Pristine,None,4,0.493,0.058,19.52,0.418,0.768,0.325,83.08,12.37,0.032,0.74,28.37,884.17,Low
5524,Thermograph,Mixed,None,4,0.512,0.046,80.91,0.412,0.425,0.353,69.37,10.37,0.087,1.08,34.51,527.49,Medium
5525,C-scan (BVID with Holes),Damaged,BVID,6,0.58,0.054,54.92,0.531,0.129,0.596,72.05,8.03,0.144,2.072,22.9,382.37,Low
5526,C-scan (BVID with Holes),Damaged,BVID,3,0.672,0.073,23.8,0.758,0.277,0.41,113.28,2.74,0.127,4.362,27.06,721.13,Low
5527,C-scan (Pristine with Holes),Pristine,None,2,0.534,0.066,51.8,0.813,0.414,0.821,91.46,7.15,0.045,0.808,41.81,354.0,Medium
5528,C-scan (BVID with Holes),Damaged,BVID,4,0.567,0.056,35.43,0.885,0.984,0.46,88.66,6.67,0.168,4.209,55.72,740.72,Medium
5529,Thermograph,Mixed,None,2,0.637,0.054,84.67,0.106,0.721,0.778,90.58,5.76,0.049,2.701,53.07,554.62,High
5530,C-scan (BVID with Holes),Damaged,BVID,6,0.628,0.049,33.52,0.314,0.986,0.325,48.98,9.64,0.114,4.129,46.97,503.04,Medium
5531,C-scan (Pristine with Holes),Pristine,None,4,0.517,0.045,79.03,0.885,0.714,0.28,73.39,9.54,0.04,0.758,34.3,675.84,Medium
5532,Thermograph,Mixed,None,5,0.591,0.063,55.03,0.479,0.579,0.447,36.02,1.79,0.105,1.88,25.92,682.71,Low
5533,Thermograph,Mixed,None,3,0.513,0.052,33.54,0.66,0.682,0.581,40.19,0.71,0.142,3.088,38.81,412.6,Medium
5534,C-scan (BVID with Holes),Damaged,BVID,6,0.695,0.077,36.41,0.846,0.941,0.504,47.62,3.03,0.104,1.541,20.3,889.15,Low
5535,C-scan (BVID with Holes),Damaged,BVID,5,0.678,0.026,44.47,0.439,0.767,0.799,26.88,11.23,0.16,1.311,47.69,879.31,Medium
5536,C-scan (Pristine with Holes),Pristine,None,2,0.519,0.075,81.7,0.801,0.665,0.791,116.22,1.23,0.033,0.356,33.84,572.66,Medium
5537,C-scan (BVID with Holes),Damaged,BVID,6,0.491,0.075,71.09,0.66,0.207,0.746,115.18,11.23,0.184,2.588,53.72,635.83,Medium
5538,C-scan (BVID with Holes),Damaged,BVID,3,0.509,0.075,46.68,0.662,0.275,0.21,40.8,6.99,0.108,2.04,35.64,748.44,Medium
5539,Thermograph,Mixed,None,5,0.649,0.047,6.41,0.649,0.178,0.311,103.07,13.37,0.112,1.356,20.16,643.0,Low
5540,Thermograph,Mixed,Thermal Anomaly,4,0.596,0.029,25.55,0.606,0.608,0.577,107.81,3.64,0.145,3.308,45.02,554.55,Medium
5541,Thermograph,Mixed,None,5,0.519,0.074,59.72,0.702,0.182,0.468,60.86,7.9,0.056,3.429,44.73,516.06,Medium
5542,Thermograph,Mixed,Thermal Anomaly,6,0.527,0.068,59.34,0.113,0.839,0.414,88.8,3.6,0.099,2.403,59.12,746.11,Medium
5543,Thermograph,Mixed,None,3,0.692,0.047,56.22,0.111,0.784,0.811,79.18,10.67,0.053,0.961,49.96,799.32,High
5544,Thermograph,Mixed,Thermal Anomaly,3,0.494,0.065,44.61,0.916,0.847,0.865,35.7,1.88,0.043,1.432,52.73,401.51,High
5545,Thermograph,Mixed,Thermal Anomaly,2,0.553,0.066,7.23,0.574,0.927,0.756,110.39,7.94,0.108,2.881,31.95,580.24,Medium
5546,C-scan (Pristine with Holes),Pristine,None,4,0.469,0.075,66.28,0.415,0.718,0.583,28.23,4.6,0.025,0.575,50.66,481.18,High
5547,C-scan (BVID with Holes),Damaged,BVID,6,0.457,0.047,59.71,0.334,0.233,0.773,36.27,8.69,0.145,1.419,32.14,701.78,Medium
5548,C-scan (BVID with Holes),Damaged,BVID,5,0.691,0.02,88.68,0.922,0.145,0.637,77.26,1.53,0.185,2.931,34.06,382.12,Medium
5549,C-scan (BVID with Holes),Damaged,BVID,6,0.507,0.037,66.01,0.566,0.456,0.586,71.3,13.49,0.184,2.713,54.23,537.3,Medium
5550,C-scan (Pristine with Holes),Pristine,None,5,0.632,0.018,23.49,0.354,0.167,0.705,97.39,6.04,0.04,0.228,30.72,594.17,Medium
5551,C-scan (BVID with Holes),Damaged,BVID,5,0.547,0.06,89.24,0.141,0.206,0.201,30.13,1.36,0.091,3.876,28.69,872.22,Low
5552,C-scan (Pristine with Holes),Pristine,None,3,0.545,0.056,10.47,0.894,0.189,0.672,37.11,14.07,0.04,0.412,44.51,767.02,Medium
5553,C-scan (BVID with Holes),Damaged,BVID,4,0.558,0.014,1.45,0.984,0.439,0.596,83.18,6.84,0.185,1.72,48.64,593.38,Medium
5554,C-scan (BVID with Holes),Damaged,BVID,5,0.591,0.069,20.12,0.472,0.38,0.533,49.88,7.55,0.165,2.283,39.2,673.2,Medium
5555,C-scan (Pristine with Holes),Pristine,None,4,0.558,0.052,36.9,0.392,0.163,0.375,25.34,4.67,0.029,0.982,47.44,815.06,High
5556,Thermograph,Mixed,None,3,0.478,0.02,19.76,0.719,0.578,0.543,82.43,12.27,0.143,2.383,35.02,572.81,Medium
5557,C-scan (Pristine with Holes),Pristine,None,6,0.504,0.032,68.65,0.181,0.4,0.531,67.98,9.73,0.029,0.689,36.96,624.51,Medium
5558,C-scan (BVID with Holes),Damaged,BVID,5,0.626,0.015,33.92,0.282,0.14,0.857,100.88,10.65,0.151,4.195,29.46,653.26,Low
5559,C-scan (BVID with Holes),Damaged,BVID,4,0.475,0.02,83.11,0.451,0.256,0.484,49.23,5.04,0.124,3.286,20.01,538.91,Low
5560,C-scan (Pristine with Holes),Pristine,None,4,0.602,0.048,5.31,0.517,0.28,0.224,60.17,12.89,0.034,0.519,29.83,852.04,Low
5561,C-scan (BVID with Holes),Damaged,BVID,4,0.659,0.054,79.93,0.832,0.604,0.324,98.58,4.27,0.175,1.76,29.09,807.64,Low
5562,C-scan (Pristine with Holes),Pristine,None,2,0.471,0.01,3.98,0.335,1.0,0.782,45.05,2.0,0.04,0.72,56.93,582.28,High
5563,Thermograph,Mixed,Thermal Anomaly,5,0.632,0.042,33.88,0.908,0.964,0.598,45.38,4.66,0.082,1.781,32.68,374.14,Medium
5564,Thermograph,Mixed,Thermal Anomaly,3,0.458,0.043,32.59,0.439,0.271,0.821,30.68,3.39,0.109,2.745,45.65,823.29,Medium
5565,Thermograph,Mixed,None,3,0.473,0.063,6.69,0.93,0.463,0.236,95.08,4.4,0.042,0.62,54.09,759.86,High
5566,C-scan (Pristine with Holes),Pristine,None,3,0.591,0.049,16.47,0.364,0.937,0.719,116.94,10.43,0.026,0.429,25.49,387.71,Low
5567,Thermograph,Mixed,None,6,0.594,0.023,67.82,0.801,0.703,0.765,51.7,11.77,0.052,1.09,25.79,787.36,Low
5568,Thermograph,Mixed,Thermal Anomaly,3,0.622,0.07,62.8,0.621,0.963,0.638,68.73,10.59,0.147,3.137,40.14,582.55,Medium
5569,C-scan (Pristine with Holes),Pristine,None,4,0.54,0.035,66.97,0.835,0.498,0.302,82.39,14.27,0.043,0.509,46.64,771.52,High
5570,C-scan (BVID with Holes),Damaged,BVID,3,0.571,0.071,55.83,0.341,0.476,0.485,97.06,5.94,0.193,1.149,39.56,616.56,Medium
5571,C-scan (Pristine with Holes),Pristine,None,2,0.584,0.014,25.37,0.398,0.693,0.662,108.92,1.99,0.04,0.961,58.61,890.34,High
5572,Thermograph,Mixed,Thermal Anomaly,3,0.623,0.01,31.55,0.908,0.867,0.544,59.76,13.03,0.047,0.823,46.77,661.7,High
5573,Thermograph,Mixed,Thermal Anomaly,2,0.58,0.015,78.97,0.954,0.431,0.233,119.54,13.86,0.143,1.267,24.35,578.02,Low
5574,Thermograph,Mixed,Thermal Anomaly,5,0.601,0.056,70.68,0.105,0.688,0.237,50.89,11.62,0.062,3.311,25.81,595.26,Low
5575,C-scan (BVID with Holes),Damaged,BVID,6,0.57,0.011,34.73,0.816,0.421,0.287,71.86,11.69,0.167,4.576,24.1,436.47,Low
5576,C-scan (Pristine with Holes),Pristine,None,2,0.6,0.064,79.97,0.424,0.386,0.658,68.61,9.75,0.039,0.643,38.61,689.47,Medium
5577,Thermograph,Mixed,None,6,0.454,0.02,34.74,0.122,0.238,0.454,34.23,1.91,0.1,0.734,59.26,563.31,Medium
5578,C-scan (BVID with Holes),Damaged,BVID,2,0.657,0.022,56.13,0.189,0.39,0.329,119.71,13.64,0.175,2.863,27.77,490.23,Low
5579,C-scan (Pristine with Holes),Pristine,None,6,0.605,0.08,41.69,0.126,0.865,0.846,82.25,4.9,0.021,0.911,50.82,671.13,High
5580,Thermograph,Mixed,None,6,0.558,0.068,37.75,0.764,0.662,0.405,76.91,10.76,0.043,1.869,42.6,472.59,Medium
5581,C-scan (Pristine with Holes),Pristine,None,4,0.666,0.041,24.7,0.236,0.133,0.207,64.3,7.47,0.013,0.81,48.92,855.81,High
5582,C-scan (Pristine with Holes),Pristine,None,2,0.645,0.071,21.83,0.717,0.942,0.49,25.19,0.81,0.016,0.462,26.22,884.57,Low
5583,C-scan (Pristine with Holes),Pristine,None,5,0.661,0.053,61.17,0.403,0.831,0.882,50.38,10.67,0.042,0.609,40.58,385.03,Medium
5584,Thermograph,Mixed,None,3,0.545,0.026,45.28,0.459,0.219,0.772,77.5,8.7,0.079,2.414,59.54,866.01,High
5585,Thermograph,Mixed,Thermal Anomaly,5,0.587,0.064,64.85,0.629,0.269,0.528,26.79,11.39,0.106,2.687,42.78,430.94,Medium
5586,C-scan (BVID with Holes),Damaged,BVID,3,0.543,0.042,42.14,0.341,0.419,0.243,35.09,10.45,0.184,1.5,41.09,811.55,Medium
5587,C-scan (BVID with Holes),Damaged,BVID,5,0.468,0.014,21.61,0.138,0.947,0.224,60.84,10.73,0.18,1.296,25.42,817.12,Low
5588,Thermograph,Mixed,Thermal Anomaly,2,0.56,0.07,62.17,0.194,0.449,0.867,40.71,4.57,0.079,1.787,22.1,358.12,Low
5589,Thermograph,Mixed,None,5,0.631,0.042,31.93,0.879,0.539,0.867,84.72,3.14,0.062,2.87,40.78,495.45,Medium
5590,C-scan (BVID with Holes),Damaged,BVID,5,0.567,0.026,41.64,0.687,0.514,0.595,47.78,3.05,0.095,2.579,33.42,775.82,Medium
5591,C-scan (Pristine with Holes),Pristine,None,4,0.636,0.042,15.03,0.233,0.339,0.41,57.69,8.16,0.023,0.661,48.87,782.11,High
5592,Thermograph,Mixed,Thermal Anomaly,2,0.593,0.072,15.18,0.839,0.734,0.648,66.48,7.62,0.039,2.622,32.71,689.24,Medium
5593,Thermograph,Mixed,Thermal Anomaly,6,0.651,0.021,37.92,0.608,0.794,0.301,84.12,12.53,0.03,2.471,43.07,619.07,Medium
5594,C-scan (Pristine with Holes),Pristine,None,3,0.573,0.053,41.9,0.382,0.241,0.209,35.62,5.82,0.023,0.184,33.31,589.57,Medium
5595,Thermograph,Mixed,None,2,0.63,0.029,5.79,0.723,0.272,0.738,72.7,12.4,0.127,2.105,25.77,627.97,Low
5596,C-scan (Pristine with Holes),Pristine,None,4,0.491,0.069,66.59,0.825,0.46,0.454,71.98,9.83,0.037,0.549,48.48,762.65,High
5597,Thermograph,Mixed,None,5,0.695,0.04,65.26,0.751,0.467,0.504,49.81,13.69,0.099,2.884,59.32,495.13,Medium
5598,Thermograph,Mixed,Thermal Anomaly,2,0.582,0.076,63.57,0.833,0.528,0.24,86.25,7.32,0.134,2.169,43.86,733.0,Medium
5599,C-scan (Pristine with Holes),Pristine,None,6,0.508,0.08,61.09,0.482,0.735,0.371,37.6,10.95,0.025,0.25,40.2,795.21,Medium
5600,Thermograph,Mixed,Thermal Anomaly,2,0.556,0.032,71.53,0.177,0.856,0.828,46.14,13.37,0.062,0.816,53.48,460.44,High
5601,Thermograph,Mixed,None,5,0.619,0.064,18.89,0.851,0.644,0.746,48.45,8.4,0.093,3.386,53.64,437.35,Medium
5602,Thermograph,Mixed,Thermal Anomaly,4,0.682,0.063,63.22,0.916,0.426,0.683,101.23,11.51,0.139,0.662,21.41,871.81,Low
5603,Thermograph,Mixed,None,4,0.492,0.027,61.9,0.306,0.949,0.58,112.42,14.92,0.038,2.957,22.02,558.0,Low
5604,Thermograph,Mixed,None,5,0.488,0.042,44.85,0.935,0.999,0.498,36.97,11.91,0.102,2.871,41.02,888.04,Medium
5605,C-scan (Pristine with Holes),Pristine,None,6,0.66,0.024,44.75,0.457,0.215,0.418,97.49,4.69,0.04,0.526,49.37,835.34,High
5606,Thermograph,Mixed,Thermal Anomaly,4,0.493,0.022,87.71,0.587,0.235,0.768,44.66,2.41,0.069,2.223,46.43,386.99,High
5607,C-scan (Pristine with Holes),Pristine,None,4,0.575,0.011,42.26,0.752,0.674,0.669,76.79,3.76,0.012,0.638,27.24,500.96,Low
5608,C-scan (Pristine with Holes),Pristine,None,5,0.476,0.035,75.61,0.286,0.388,0.698,47.3,10.86,0.037,0.189,43.15,832.71,Medium
5609,C-scan (BVID with Holes),Damaged,BVID,4,0.687,0.069,27.37,0.304,0.886,0.286,108.48,4.37,0.165,2.109,34.64,362.56,Medium
5610,Thermograph,Mixed,None,2,0.481,0.027,12.05,0.61,0.97,0.758,77.49,6.73,0.101,2.442,50.32,865.93,Medium
5611,Thermograph,Mixed,Thermal Anomaly,4,0.454,0.02,9.39,0.885,0.988,0.479,61.74,7.69,0.091,1.407,50.7,741.28,Medium
5612,Thermograph,Mixed,Thermal Anomaly,4,0.492,0.014,22.57,0.3,0.502,0.218,56.47,13.3,0.069,2.823,25.68,730.19,Low
5613,C-scan (Pristine with Holes),Pristine,None,5,0.485,0.042,79.68,0.149,0.458,0.74,80.18,9.31,0.03,0.107,50.42,565.88,High
5614,C-scan (BVID with Holes),Damaged,BVID,6,0.599,0.051,81.02,0.747,0.433,0.546,37.34,4.89,0.153,3.677,58.04,435.23,Medium
5615,C-scan (BVID with Holes),Damaged,BVID,2,0.616,0.028,10.16,0.163,0.377,0.241,78.11,14.46,0.192,2.128,58.35,611.39,Medium
5616,C-scan (BVID with Holes),Damaged,BVID,6,0.586,0.049,47.32,0.842,0.435,0.513,72.13,1.84,0.177,1.224,49.74,710.81,Medium
5617,C-scan (Pristine with Holes),Pristine,None,2,0.575,0.061,76.26,0.161,0.838,0.636,80.34,5.53,0.017,0.12,20.56,721.08,Low
5618,C-scan (BVID with Holes),Damaged,BVID,6,0.555,0.036,7.62,0.7,0.182,0.415,82.62,2.37,0.147,1.991,42.2,428.77,Medium
5619,Thermograph,Mixed,None,4,0.463,0.071,88.46,0.591,0.443,0.209,33.6,12.49,0.104,1.178,25.01,603.49,Low
5620,C-scan (Pristine with Holes),Pristine,None,6,0.523,0.037,13.05,0.644,0.432,0.431,58.1,9.54,0.041,0.868,49.1,702.51,High
5621,C-scan (BVID with Holes),Damaged,BVID,6,0.498,0.058,24.03,0.249,0.39,0.875,102.71,10.56,0.155,4.404,34.29,805.22,Medium
5622,Thermograph,Mixed,Thermal Anomaly,5,0.507,0.032,68.31,0.673,0.813,0.666,101.77,9.82,0.085,1.95,23.81,681.51,Low
5623,C-scan (Pristine with Holes),Pristine,None,2,0.693,0.033,79.85,0.16,0.173,0.641,65.33,2.78,0.013,0.623,35.11,789.28,Medium
5624,C-scan (Pristine with Holes),Pristine,None,5,0.577,0.058,15.64,0.601,0.576,0.224,44.76,14.18,0.022,0.483,39.29,480.6,Medium
5625,Thermograph,Mixed,Thermal Anomaly,6,0.55,0.059,80.69,0.767,0.747,0.363,33.75,4.52,0.148,0.937,29.53,366.03,Low
5626,Thermograph,Mixed,Thermal Anomaly,5,0.602,0.078,71.73,0.631,0.486,0.267,75.31,7.08,0.077,2.044,25.94,598.82,Low
5627,C-scan (Pristine with Holes),Pristine,None,6,0.501,0.047,57.51,0.461,0.115,0.457,108.31,14.78,0.031,0.466,51.06,756.37,High
5628,C-scan (Pristine with Holes),Pristine,None,3,0.614,0.022,25.91,0.914,0.989,0.797,81.8,10.37,0.042,0.704,51.67,425.23,High
5629,Thermograph,Mixed,Thermal Anomaly,5,0.456,0.054,78.09,0.203,0.773,0.3,26.93,14.45,0.138,0.733,57.19,852.74,Medium
5630,C-scan (Pristine with Holes),Pristine,None,6,0.594,0.042,45.91,0.454,0.484,0.315,30.44,2.46,0.019,0.347,37.51,522.74,Medium
5631,C-scan (BVID with Holes),Damaged,BVID,2,0.643,0.074,49.5,0.902,0.342,0.304,53.78,10.11,0.183,2.938,45.29,675.62,Medium
5632,C-scan (Pristine with Holes),Pristine,None,5,0.473,0.056,32.03,0.787,0.843,0.233,42.05,11.15,0.019,0.597,24.25,820.02,Low
5633,C-scan (Pristine with Holes),Pristine,None,4,0.677,0.067,39.16,0.408,0.369,0.703,111.76,0.91,0.011,0.772,50.13,362.69,High
5634,C-scan (BVID with Holes),Damaged,BVID,4,0.599,0.042,82.08,0.436,0.853,0.682,109.62,12.4,0.183,2.898,48.84,767.94,Medium
5635,C-scan (BVID with Holes),Damaged,BVID,6,0.628,0.013,65.91,0.202,0.579,0.782,37.97,2.33,0.162,1.288,39.86,398.57,Medium
5636,C-scan (Pristine with Holes),Pristine,None,2,0.675,0.06,21.39,0.905,0.768,0.2,68.58,13.14,0.014,0.957,26.51,744.45,Low
5637,C-scan (BVID with Holes),Damaged,BVID,3,0.476,0.052,65.69,0.907,0.412,0.208,72.34,3.74,0.111,1.718,41.56,784.21,Medium
5638,Thermograph,Mixed,Thermal Anomaly,2,0.495,0.026,7.3,0.482,0.642,0.456,72.53,11.29,0.057,1.619,58.92,684.45,High
5639,C-scan (BVID with Holes),Damaged,BVID,2,0.48,0.015,8.77,0.956,0.858,0.563,109.77,12.4,0.155,4.458,46.51,848.98,Medium
5640,C-scan (BVID with Holes),Damaged,BVID,2,0.543,0.011,10.56,0.316,0.782,0.353,76.17,3.19,0.091,2.739,40.34,770.95,Medium
5641,Thermograph,Mixed,Thermal Anomaly,4,0.477,0.019,6.35,0.648,0.513,0.549,43.19,3.68,0.124,3.273,56.66,368.03,Medium
5642,C-scan (BVID with Holes),Damaged,BVID,2,0.649,0.01,77.62,0.466,0.876,0.438,73.37,6.48,0.155,1.939,58.8,413.25,Medium
5643,C-scan (BVID with Holes),Damaged,BVID,2,0.537,0.012,25.71,0.8,0.939,0.685,52.13,2.46,0.175,1.805,33.24,595.1,Medium
5644,C-scan (Pristine with Holes),Pristine,None,2,0.485,0.061,85.79,0.985,0.554,0.445,49.21,1.72,0.044,0.942,54.4,890.69,High
5645,Thermograph,Mixed,None,5,0.462,0.045,48.8,0.498,0.926,0.841,59.91,2.01,0.043,2.205,32.66,678.86,Medium
5646,Thermograph,Mixed,Thermal Anomaly,5,0.577,0.042,48.41,0.361,0.946,0.257,117.7,3.1,0.033,1.949,54.0,691.2,High
5647,C-scan (Pristine with Holes),Pristine,None,3,0.619,0.057,39.81,0.207,0.702,0.747,96.14,4.8,0.012,0.414,25.31,528.81,Low
5648,C-scan (BVID with Holes),Damaged,BVID,2,0.454,0.037,57.42,0.424,0.409,0.494,45.26,7.12,0.145,3.997,54.03,670.76,Medium
5649,Thermograph,Mixed,None,6,0.533,0.027,52.69,0.736,0.665,0.866,77.59,7.83,0.076,2.219,37.42,472.86,Medium
5650,C-scan (BVID with Holes),Damaged,BVID,6,0.489,0.034,28.59,0.339,0.295,0.866,40.32,2.27,0.151,3.428,59.42,470.72,Medium
5651,Thermograph,Mixed,Thermal Anomaly,2,0.517,0.068,87.39,0.317,0.906,0.301,78.79,8.6,0.051,3.048,52.81,886.42,High
5652,C-scan (BVID with Holes),Damaged,BVID,5,0.49,0.065,24.06,0.695,0.524,0.369,114.17,4.68,0.123,2.371,45.47,719.39,Medium
5653,Thermograph,Mixed,Thermal Anomaly,6,0.504,0.08,37.2,0.237,0.732,0.208,32.13,10.29,0.134,1.294,58.87,526.07,Medium
5654,C-scan (Pristine with Holes),Pristine,None,6,0.674,0.048,19.64,0.974,0.245,0.759,81.68,8.34,0.023,0.752,51.61,572.36,High
5655,Thermograph,Mixed,None,4,0.556,0.037,15.29,0.249,0.231,0.726,79.4,4.6,0.135,0.698,24.7,391.56,Low
5656,C-scan (BVID with Holes),Damaged,BVID,5,0.478,0.051,72.37,0.146,0.554,0.733,32.07,8.25,0.131,3.641,22.21,608.43,Low
5657,C-scan (BVID with Holes),Damaged,BVID,5,0.584,0.051,35.39,0.779,0.82,0.612,82.26,14.99,0.154,2.484,46.96,748.91,Medium
5658,Thermograph,Mixed,None,4,0.653,0.044,86.52,0.314,0.423,0.224,76.3,2.18,0.033,1.205,33.37,755.7,Medium
5659,Thermograph,Mixed,Thermal Anomaly,5,0.48,0.029,33.14,0.205,0.202,0.442,58.38,5.78,0.093,1.404,45.35,631.42,Medium
5660,C-scan (BVID with Holes),Damaged,BVID,3,0.644,0.013,34.88,0.956,0.929,0.861,105.81,5.05,0.168,4.107,35.51,689.17,Medium
5661,Thermograph,Mixed,None,4,0.451,0.015,51.19,0.141,0.262,0.808,62.63,2.31,0.142,1.797,37.06,592.9,Medium
5662,C-scan (BVID with Holes),Damaged,BVID,4,0.535,0.077,7.61,0.609,0.525,0.28,57.08,13.05,0.167,1.025,42.62,560.88,Medium
5663,Thermograph,Mixed,None,4,0.544,0.049,47.17,0.652,0.176,0.277,43.72,4.48,0.092,1.684,47.92,758.62,Medium
5664,Thermograph,Mixed,None,6,0.641,0.068,20.1,0.489,0.339,0.468,105.99,6.57,0.063,3.307,57.89,448.31,High
5665,C-scan (BVID with Holes),Damaged,BVID,4,0.508,0.051,34.34,0.596,0.488,0.336,59.28,5.69,0.159,2.952,35.67,518.39,Medium
5666,C-scan (Pristine with Holes),Pristine,None,2,0.659,0.057,76.83,0.21,0.197,0.82,33.75,6.39,0.037,0.364,21.94,724.85,Low
5667,C-scan (Pristine with Holes),Pristine,None,3,0.598,0.011,43.57,0.237,0.873,0.743,115.0,1.2,0.04,0.916,33.45,710.99,Medium
5668,C-scan (Pristine with Holes),Pristine,None,2,0.618,0.054,37.67,0.488,0.814,0.739,38.15,10.27,0.043,0.86,40.14,465.13,Medium
5669,C-scan (Pristine with Holes),Pristine,None,3,0.625,0.021,5.69,0.93,0.211,0.3,61.56,0.71,0.048,0.18,42.84,601.03,Medium
5670,Thermograph,Mixed,Thermal Anomaly,3,0.566,0.06,1.38,0.707,0.197,0.3,103.32,5.56,0.064,0.948,55.35,826.98,High
5671,C-scan (BVID with Holes),Damaged,BVID,2,0.514,0.034,27.6,0.45,0.547,0.638,88.31,13.27,0.11,4.287,57.97,799.08,Medium
5672,Thermograph,Mixed,None,6,0.578,0.026,34.94,0.132,0.27,0.597,51.53,9.22,0.107,2.769,59.04,755.87,Medium
5673,C-scan (Pristine with Holes),Pristine,None,3,0.551,0.018,30.13,0.2,0.737,0.747,96.19,2.69,0.042,0.638,59.11,622.66,High
5674,Thermograph,Mixed,None,4,0.466,0.035,42.32,0.426,0.543,0.215,49.35,10.3,0.053,1.366,20.99,739.85,Low
5675,Thermograph,Mixed,None,4,0.628,0.076,43.22,0.555,0.439,0.738,51.88,10.1,0.044,0.836,31.96,648.07,Medium
5676,C-scan (BVID with Holes),Damaged,BVID,3,0.655,0.06,22.7,0.591,0.976,0.371,70.31,12.25,0.126,4.101,37.01,378.58,Medium
5677,Thermograph,Mixed,None,4,0.506,0.044,77.79,0.224,0.69,0.212,120.0,13.67,0.039,0.896,26.54,827.69,Low
5678,C-scan (BVID with Holes),Damaged,BVID,2,0.645,0.016,87.77,0.529,0.129,0.294,56.69,10.37,0.188,2.127,25.36,699.05,Low
5679,Thermograph,Mixed,Thermal Anomaly,5,0.657,0.011,34.06,0.783,0.631,0.201,53.69,8.27,0.138,0.97,40.53,354.13,Medium
5680,Thermograph,Mixed,Thermal Anomaly,4,0.573,0.014,4.42,0.768,0.216,0.576,94.02,9.85,0.092,1.943,24.16,612.07,Low
5681,C-scan (BVID with Holes),Damaged,BVID,2,0.461,0.032,29.93,0.57,0.816,0.253,34.63,6.28,0.194,2.554,55.89,526.27,Medium
5682,C-scan (BVID with Holes),Damaged,BVID,6,0.455,0.054,48.09,0.458,0.384,0.305,72.68,6.35,0.132,1.405,26.18,432.53,Low
5683,C-scan (Pristine with Holes),Pristine,None,2,0.563,0.026,28.01,0.374,0.842,0.803,52.7,9.17,0.036,0.397,35.25,583.93,Medium
5684,Thermograph,Mixed,Thermal Anomaly,6,0.525,0.017,2.26,0.577,0.884,0.644,88.95,7.29,0.14,0.907,36.17,374.45,Medium
5685,C-scan (BVID with Holes),Damaged,BVID,6,0.663,0.041,36.68,0.934,0.136,0.45,88.1,9.13,0.155,1.383,26.89,562.79,Low
5686,Thermograph,Mixed,None,3,0.657,0.064,29.13,0.373,0.476,0.857,50.48,5.67,0.039,0.942,36.05,725.27,Medium
5687,C-scan (Pristine with Holes),Pristine,None,6,0.587,0.073,24.35,0.129,0.684,0.464,80.55,10.87,0.028,0.445,52.65,656.85,High
5688,C-scan (Pristine with Holes),Pristine,None,2,0.532,0.066,59.18,0.341,0.407,0.699,98.81,10.2,0.021,0.371,26.99,459.18,Low
5689,Thermograph,Mixed,Thermal Anomaly,6,0.625,0.055,29.53,0.513,0.671,0.376,40.7,14.65,0.068,3.457,36.58,807.67,Medium
5690,C-scan (BVID with Holes),Damaged,BVID,2,0.558,0.047,44.5,0.96,0.995,0.282,85.33,10.24,0.138,4.922,52.07,869.22,Medium
5691,C-scan (BVID with Holes),Damaged,BVID,3,0.527,0.036,30.84,0.111,0.985,0.836,86.95,14.82,0.113,3.737,35.26,552.48,Medium
5692,C-scan (Pristine with Holes),Pristine,None,4,0.456,0.077,51.47,0.436,0.296,0.476,117.0,10.25,0.016,0.432,34.79,357.16,Medium
5693,Thermograph,Mixed,None,5,0.501,0.016,46.94,0.302,0.946,0.701,111.12,9.65,0.03,2.052,27.67,566.67,Low
5694,C-scan (Pristine with Holes),Pristine,None,5,0.508,0.05,77.57,0.243,0.929,0.698,111.99,12.17,0.046,0.441,56.64,654.74,High
5695,C-scan (Pristine with Holes),Pristine,None,4,0.496,0.078,62.36,0.185,0.799,0.356,104.46,5.81,0.026,0.136,24.95,692.55,Low
5696,C-scan (Pristine with Holes),Pristine,None,2,0.633,0.039,81.42,0.137,0.166,0.538,93.17,6.68,0.049,0.892,56.96,578.88,High
5697,Thermograph,Mixed,Thermal Anomaly,3,0.647,0.022,83.88,0.274,0.848,0.648,77.44,14.16,0.147,1.771,46.49,395.04,Medium
5698,Thermograph,Mixed,None,6,0.6,0.069,0.77,0.364,0.808,0.303,108.66,12.69,0.053,2.715,41.18,481.61,Medium
5699,C-scan (BVID with Holes),Damaged,BVID,5,0.687,0.064,70.58,0.465,0.189,0.771,99.1,0.52,0.155,2.549,48.68,711.74,Medium
5700,C-scan (Pristine with Holes),Pristine,None,3,0.627,0.056,5.33,0.838,0.763,0.239,77.73,3.78,0.018,0.551,44.59,493.82,Medium
5701,Thermograph,Mixed,Thermal Anomaly,4,0.476,0.042,33.06,0.846,0.867,0.611,35.08,12.02,0.097,2.548,52.75,627.39,Medium
5702,C-scan (Pristine with Holes),Pristine,None,3,0.529,0.027,50.65,0.546,0.562,0.303,48.58,14.62,0.034,0.421,50.32,713.28,High
5703,Thermograph,Mixed,Thermal Anomaly,3,0.613,0.024,33.57,0.339,0.318,0.2,69.4,9.98,0.06,3.241,25.46,780.55,Low
5704,C-scan (BVID with Holes),Damaged,BVID,3,0.496,0.054,85.37,0.206,0.453,0.773,118.48,3.69,0.187,4.153,43.69,868.45,Medium
5705,Thermograph,Mixed,Thermal Anomaly,5,0.622,0.013,27.43,0.111,0.146,0.491,45.04,3.92,0.037,2.598,52.96,594.99,High
5706,Thermograph,Mixed,None,2,0.55,0.06,45.02,0.566,0.642,0.555,30.39,6.34,0.059,0.879,54.0,674.07,High
5707,Thermograph,Mixed,Thermal Anomaly,5,0.485,0.019,46.03,0.571,0.522,0.556,110.47,2.69,0.034,0.98,34.22,534.55,Medium
5708,C-scan (BVID with Holes),Damaged,BVID,4,0.473,0.048,47.72,0.922,0.238,0.605,49.56,7.13,0.122,2.857,50.34,705.61,Medium
5709,Thermograph,Mixed,Thermal Anomaly,5,0.606,0.064,87.89,0.534,0.731,0.305,95.21,9.89,0.119,2.881,46.15,502.62,Medium
5710,C-scan (Pristine with Holes),Pristine,None,2,0.672,0.076,17.41,0.214,0.394,0.822,102.56,2.06,0.014,0.266,55.7,385.96,High
5711,C-scan (BVID with Holes),Damaged,BVID,5,0.598,0.029,83.71,0.14,0.218,0.868,69.91,12.31,0.09,2.622,42.43,687.48,Medium
5712,C-scan (BVID with Holes),Damaged,BVID,6,0.5,0.059,4.59,0.385,0.283,0.499,31.55,9.57,0.128,1.926,58.59,372.32,Medium
5713,Thermograph,Mixed,None,2,0.459,0.013,65.13,0.195,0.203,0.611,36.98,1.86,0.08,2.018,31.96,433.52,Medium
5714,Thermograph,Mixed,Thermal Anomaly,6,0.621,0.016,47.31,0.851,0.84,0.836,117.01,7.24,0.055,1.086,40.25,447.44,Medium
5715,C-scan (Pristine with Holes),Pristine,None,6,0.575,0.04,43.94,0.868,0.926,0.574,102.96,14.44,0.021,0.517,32.96,538.82,Medium
5716,C-scan (Pristine with Holes),Pristine,None,3,0.65,0.076,23.93,0.374,0.461,0.69,78.05,2.59,0.035,0.631,29.84,755.99,Low
5717,C-scan (BVID with Holes),Damaged,BVID,3,0.688,0.074,23.83,0.675,0.334,0.691,69.98,13.19,0.186,3.09,47.67,624.08,Medium
5718,C-scan (BVID with Holes),Damaged,BVID,3,0.605,0.034,34.97,0.541,0.144,0.469,25.28,5.14,0.099,1.185,22.58,663.82,Low
5719,C-scan (BVID with Holes),Damaged,BVID,3,0.509,0.028,80.25,0.756,0.316,0.318,81.55,10.45,0.08,3.955,38.92,711.69,Medium
5720,C-scan (BVID with Holes),Damaged,BVID,3,0.559,0.024,6.88,0.563,0.31,0.828,63.79,2.46,0.144,1.507,32.21,662.43,Medium
5721,C-scan (Pristine with Holes),Pristine,None,5,0.451,0.036,11.12,0.55,0.948,0.287,30.29,6.4,0.032,0.422,45.85,724.16,High
5722,Thermograph,Mixed,None,2,0.582,0.025,9.33,0.732,0.5,0.203,48.02,3.94,0.135,0.903,34.61,610.46,Medium
5723,C-scan (BVID with Holes),Damaged,BVID,4,0.535,0.069,30.55,0.816,0.447,0.397,55.74,2.61,0.142,2.962,20.05,782.98,Low
5724,C-scan (BVID with Holes),Damaged,BVID,3,0.542,0.078,26.51,0.575,0.63,0.523,117.84,0.95,0.093,3.671,37.48,632.13,Medium
5725,Thermograph,Mixed,None,3,0.665,0.016,88.33,0.996,0.782,0.336,92.12,10.14,0.088,1.668,56.04,818.68,Medium
5726,C-scan (Pristine with Holes),Pristine,None,2,0.523,0.07,15.38,0.186,0.647,0.504,28.13,7.95,0.013,0.188,57.56,584.05,High
5727,C-scan (Pristine with Holes),Pristine,None,3,0.519,0.029,54.85,0.295,0.24,0.53,95.49,2.9,0.034,0.878,56.02,570.62,High
5728,C-scan (Pristine with Holes),Pristine,None,4,0.451,0.012,52.16,0.445,0.415,0.668,57.62,9.55,0.039,0.217,53.56,861.74,High
5729,C-scan (BVID with Holes),Damaged,BVID,5,0.602,0.052,49.12,0.835,0.976,0.727,93.38,11.84,0.108,4.984,36.13,723.56,Medium
5730,Thermograph,Mixed,None,6,0.569,0.07,46.02,0.275,0.622,0.445,28.37,6.59,0.076,0.547,33.91,852.55,Medium
5731,Thermograph,Mixed,Thermal Anomaly,6,0.577,0.061,1.23,0.24,0.867,0.846,102.61,10.19,0.058,0.906,43.69,615.63,Medium
5732,Thermograph,Mixed,None,2,0.7,0.071,55.74,0.818,0.382,0.527,65.05,12.03,0.054,2.568,51.42,862.13,High
5733,C-scan (Pristine with Holes),Pristine,None,5,0.674,0.053,72.97,0.607,0.129,0.618,31.84,4.79,0.019,0.684,49.26,554.85,High
5734,Thermograph,Mixed,None,3,0.686,0.037,58.92,0.805,0.216,0.792,51.79,14.14,0.054,2.609,58.18,653.69,High
5735,C-scan (Pristine with Holes),Pristine,None,6,0.572,0.067,27.22,0.254,0.395,0.9,113.98,11.41,0.049,0.937,50.37,634.25,High
5736,C-scan (Pristine with Holes),Pristine,None,5,0.526,0.042,37.94,0.691,0.441,0.726,51.97,13.48,0.041,0.801,38.03,593.14,Medium
5737,Thermograph,Mixed,None,4,0.581,0.048,86.75,0.282,0.828,0.633,69.52,4.96,0.105,3.166,37.72,805.42,Medium
5738,C-scan (Pristine with Holes),Pristine,None,5,0.662,0.02,49.61,0.981,0.953,0.244,25.71,5.64,0.044,0.527,48.37,412.92,High
5739,Thermograph,Mixed,None,3,0.493,0.014,60.63,0.345,0.457,0.557,82.1,1.54,0.067,2.555,45.5,824.48,High
5740,C-scan (Pristine with Holes),Pristine,None,4,0.575,0.057,51.46,0.191,0.839,0.356,44.5,9.96,0.025,0.446,45.63,670.89,High
5741,C-scan (Pristine with Holes),Pristine,None,5,0.599,0.015,38.86,0.26,0.746,0.574,117.53,6.04,0.016,0.938,37.99,649.48,Medium
5742,C-scan (Pristine with Holes),Pristine,None,2,0.518,0.028,74.0,0.307,0.518,0.792,57.45,9.91,0.041,0.809,27.84,521.64,Low
5743,Thermograph,Mixed,Thermal Anomaly,2,0.516,0.062,17.71,0.184,0.537,0.291,61.11,12.86,0.143,1.455,46.25,820.81,Medium
5744,Thermograph,Mixed,None,4,0.532,0.05,41.46,0.91,0.396,0.469,119.82,5.65,0.108,3.489,43.02,724.36,Medium
5745,C-scan (Pristine with Holes),Pristine,None,5,0.677,0.061,47.58,0.59,0.376,0.294,67.6,11.21,0.01,0.931,25.88,712.41,Low
5746,C-scan (BVID with Holes),Damaged,BVID,4,0.523,0.04,46.84,0.535,0.646,0.313,112.88,4.44,0.09,1.058,50.6,892.23,Medium
5747,C-scan (BVID with Holes),Damaged,BVID,2,0.457,0.025,86.03,0.474,0.403,0.295,90.13,2.15,0.129,2.75,26.44,699.5,Low
5748,C-scan (Pristine with Holes),Pristine,None,4,0.651,0.043,42.86,0.766,0.371,0.556,27.07,10.54,0.032,0.312,25.85,663.94,Low
5749,Thermograph,Mixed,None,2,0.578,0.011,11.28,0.115,0.382,0.807,81.73,13.05,0.091,2.054,29.64,823.76,Low
5750,C-scan (BVID with Holes),Damaged,BVID,4,0.614,0.017,36.82,0.862,0.38,0.732,42.79,6.02,0.163,3.824,39.39,659.67,Medium
5751,C-scan (Pristine with Holes),Pristine,None,4,0.611,0.027,21.23,0.622,0.454,0.556,117.98,0.84,0.047,0.294,36.21,654.82,Medium
5752,C-scan (Pristine with Holes),Pristine,None,3,0.543,0.022,29.71,0.233,0.493,0.211,94.61,12.78,0.032,0.246,58.37,359.93,High
5753,Thermograph,Mixed,Thermal Anomaly,4,0.665,0.042,8.28,0.583,0.827,0.629,87.39,9.48,0.125,1.038,35.84,692.31,Medium
5754,Thermograph,Mixed,Thermal Anomaly,4,0.498,0.048,73.74,0.682,0.335,0.663,64.29,8.78,0.074,2.869,45.32,377.27,High
5755,Thermograph,Mixed,None,5,0.598,0.072,81.86,0.772,0.953,0.23,34.17,14.18,0.126,1.686,39.17,601.6,Medium
5756,Thermograph,Mixed,Thermal Anomaly,2,0.554,0.059,45.81,0.276,0.399,0.611,85.53,10.14,0.083,1.097,47.47,737.97,Medium
5757,C-scan (Pristine with Holes),Pristine,None,3,0.605,0.029,63.6,0.851,0.645,0.242,119.56,2.31,0.039,0.396,32.46,595.05,Medium
5758,Thermograph,Mixed,Thermal Anomaly,5,0.623,0.012,79.3,0.899,0.156,0.443,93.09,0.72,0.042,2.009,56.32,531.34,High
5759,C-scan (BVID with Holes),Damaged,BVID,4,0.459,0.024,77.96,0.426,0.71,0.524,46.81,13.98,0.121,3.461,53.35,645.16,Medium
5760,C-scan (Pristine with Holes),Pristine,None,2,0.569,0.053,23.93,0.704,0.135,0.565,84.59,1.61,0.036,0.332,37.38,461.0,Medium
5761,C-scan (BVID with Holes),Damaged,BVID,4,0.54,0.051,38.59,0.208,0.116,0.61,78.71,2.61,0.095,2.279,35.7,642.98,Medium
5762,C-scan (Pristine with Holes),Pristine,None,3,0.56,0.031,50.01,0.585,0.326,0.692,114.77,14.84,0.027,0.808,41.55,881.5,Medium
5763,Thermograph,Mixed,Thermal Anomaly,4,0.654,0.063,55.18,0.202,0.542,0.661,63.86,5.72,0.107,2.36,38.65,385.27,Medium
5764,C-scan (BVID with Holes),Damaged,BVID,2,0.473,0.021,72.08,0.789,0.475,0.697,102.15,4.88,0.097,4.691,42.04,485.23,Medium
5765,C-scan (BVID with Holes),Damaged,BVID,4,0.548,0.013,24.66,0.843,0.8,0.354,86.06,4.32,0.192,4.879,33.13,635.58,Medium
5766,C-scan (BVID with Holes),Damaged,BVID,5,0.562,0.054,18.65,0.892,0.128,0.802,50.82,12.15,0.182,2.63,56.61,699.86,Medium
5767,Thermograph,Mixed,None,5,0.598,0.05,77.71,0.396,0.111,0.337,66.6,9.52,0.045,0.979,42.28,669.13,Medium
5768,C-scan (Pristine with Holes),Pristine,None,5,0.49,0.074,9.93,0.387,0.72,0.816,30.83,8.48,0.029,0.397,31.38,372.06,Medium
5769,C-scan (Pristine with Holes),Pristine,None,3,0.515,0.068,16.41,0.741,0.11,0.298,50.4,10.76,0.037,0.469,51.6,798.63,High
5770,Thermograph,Mixed,Thermal Anomaly,2,0.577,0.013,53.62,0.132,0.647,0.819,28.49,9.18,0.129,3.397,44.85,656.66,Medium
5771,C-scan (Pristine with Holes),Pristine,None,4,0.538,0.019,51.09,0.21,0.691,0.61,62.19,9.87,0.016,0.831,21.62,398.36,Low
5772,Thermograph,Mixed,Thermal Anomaly,6,0.616,0.016,17.1,0.887,0.324,0.712,105.97,13.06,0.14,3.421,37.54,562.71,Medium
5773,C-scan (BVID with Holes),Damaged,BVID,3,0.499,0.059,27.29,0.306,0.654,0.22,42.36,5.83,0.189,3.726,24.2,549.29,Low
5774,Thermograph,Mixed,None,5,0.611,0.04,49.39,0.381,0.577,0.666,30.67,11.75,0.109,1.556,57.26,626.02,Medium
5775,Thermograph,Mixed,None,2,0.626,0.063,53.24,0.151,0.755,0.826,76.63,0.52,0.045,2.096,20.13,464.16,Low
5776,Thermograph,Mixed,Thermal Anomaly,5,0.597,0.032,37.38,0.726,0.931,0.563,72.13,12.05,0.147,3.321,28.26,359.18,Low
5777,Thermograph,Mixed,Thermal Anomaly,6,0.553,0.063,73.4,0.84,0.154,0.58,54.64,3.31,0.057,1.258,46.74,756.9,High
5778,Thermograph,Mixed,Thermal Anomaly,3,0.503,0.065,35.33,0.793,0.615,0.747,71.18,14.75,0.075,2.708,49.59,633.04,High
5779,Thermograph,Mixed,None,4,0.698,0.017,52.87,0.127,0.683,0.588,101.69,8.63,0.087,2.641,39.52,577.3,Medium
5780,C-scan (Pristine with Holes),Pristine,None,2,0.465,0.057,37.6,0.783,0.376,0.624,93.41,5.73,0.032,0.783,20.34,534.87,Low
5781,Thermograph,Mixed,Thermal Anomaly,2,0.555,0.027,50.69,0.461,0.422,0.717,79.08,5.2,0.139,3.366,46.43,414.32,Medium
5782,C-scan (BVID with Holes),Damaged,BVID,3,0.666,0.058,32.75,0.265,0.164,0.715,43.41,14.81,0.127,2.212,42.73,868.01,Medium
5783,C-scan (Pristine with Holes),Pristine,None,2,0.646,0.079,3.68,0.678,0.215,0.306,68.27,5.93,0.011,0.589,20.05,433.35,Low
5784,C-scan (BVID with Holes),Damaged,BVID,2,0.568,0.022,24.59,0.365,0.235,0.641,45.84,10.65,0.199,3.257,27.63,873.7,Low
5785,C-scan (BVID with Holes),Damaged,BVID,2,0.464,0.03,37.88,0.633,0.77,0.522,40.05,13.55,0.112,2.098,41.23,878.44,Medium
5786,Thermograph,Mixed,None,4,0.469,0.046,46.41,0.767,0.497,0.436,72.92,9.89,0.044,1.651,46.18,759.41,High
5787,C-scan (BVID with Holes),Damaged,BVID,3,0.572,0.07,21.31,0.369,0.998,0.316,107.88,3.58,0.143,2.978,39.65,520.94,Medium
5788,Thermograph,Mixed,Thermal Anomaly,5,0.542,0.012,20.68,0.837,0.531,0.615,96.34,7.65,0.118,2.639,54.5,773.13,Medium
5789,C-scan (BVID with Holes),Damaged,BVID,5,0.68,0.034,4.39,0.563,0.491,0.292,116.37,10.18,0.158,4.49,26.32,393.01,Low
5790,Thermograph,Mixed,None,6,0.53,0.011,74.79,0.426,0.518,0.523,107.73,9.8,0.037,3.037,39.64,549.83,Medium
5791,Thermograph,Mixed,Thermal Anomaly,4,0.649,0.06,69.62,0.663,0.219,0.617,87.04,0.54,0.059,2.959,22.04,426.55,Low
5792,C-scan (Pristine with Holes),Pristine,None,5,0.472,0.012,67.56,0.909,0.657,0.893,65.48,8.3,0.023,0.156,28.97,899.87,Low
5793,C-scan (Pristine with Holes),Pristine,None,6,0.544,0.074,69.16,0.653,0.196,0.826,37.67,2.59,0.047,0.468,56.17,559.06,High
5794,C-scan (BVID with Holes),Damaged,BVID,2,0.677,0.061,45.78,0.636,0.879,0.491,54.26,11.11,0.197,1.001,25.09,791.04,Low
5795,Thermograph,Mixed,None,6,0.621,0.026,62.38,0.953,0.738,0.873,62.41,6.68,0.033,1.016,56.97,677.04,High
5796,C-scan (Pristine with Holes),Pristine,None,2,0.646,0.058,42.65,0.451,0.359,0.218,62.31,7.7,0.041,0.639,38.26,833.82,Medium
5797,Thermograph,Mixed,Thermal Anomaly,2,0.575,0.07,7.32,0.796,0.595,0.247,49.89,6.12,0.046,1.048,31.0,817.07,Medium
5798,C-scan (Pristine with Holes),Pristine,None,6,0.66,0.041,18.55,0.899,0.991,0.256,90.05,14.11,0.013,0.653,57.55,442.81,High
5799,Thermograph,Mixed,Thermal Anomaly,2,0.458,0.011,54.87,0.385,0.462,0.888,61.09,7.34,0.103,3.395,49.36,366.61,Medium
5800,Thermograph,Mixed,Thermal Anomaly,6,0.611,0.037,54.33,0.469,0.24,0.418,66.19,7.27,0.097,1.898,33.49,357.51,Medium
5801,C-scan (Pristine with Holes),Pristine,None,2,0.46,0.056,67.94,0.558,0.282,0.831,27.32,6.33,0.017,0.745,55.6,670.91,High
5802,Thermograph,Mixed,Thermal Anomaly,4,0.607,0.038,85.54,0.941,0.821,0.291,107.36,1.56,0.059,2.612,50.63,396.4,High
5803,C-scan (Pristine with Holes),Pristine,None,2,0.592,0.025,26.59,0.634,0.215,0.517,117.4,14.99,0.042,0.544,39.74,803.78,Medium
5804,C-scan (Pristine with Holes),Pristine,None,3,0.48,0.02,36.6,0.575,0.146,0.244,94.93,11.44,0.014,0.372,39.42,860.27,Medium
5805,Thermograph,Mixed,None,6,0.563,0.059,41.6,0.828,0.934,0.707,34.55,2.01,0.121,1.717,54.81,838.8,Medium
5806,Thermograph,Mixed,Thermal Anomaly,2,0.576,0.062,46.14,0.327,0.696,0.396,83.82,14.46,0.059,2.49,54.24,723.37,High
5807,Thermograph,Mixed,Thermal Anomaly,2,0.603,0.014,37.38,0.699,0.972,0.339,94.25,11.4,0.094,3.251,38.66,431.56,Medium
5808,Thermograph,Mixed,None,2,0.461,0.017,48.08,0.545,0.695,0.384,117.13,1.42,0.102,3.354,51.14,858.58,Medium
5809,Thermograph,Mixed,Thermal Anomaly,6,0.458,0.03,78.08,0.489,0.485,0.585,52.9,1.02,0.031,1.188,50.59,582.04,High
5810,C-scan (Pristine with Holes),Pristine,None,3,0.641,0.07,36.28,0.677,0.613,0.623,36.59,12.26,0.02,0.539,21.82,881.07,Low
5811,Thermograph,Mixed,None,6,0.661,0.014,55.02,0.536,0.113,0.834,49.34,11.86,0.136,0.876,59.78,841.41,Medium
5812,Thermograph,Mixed,None,5,0.661,0.016,64.17,0.295,0.233,0.457,119.63,4.46,0.149,1.445,56.86,790.42,Medium
5813,Thermograph,Mixed,None,6,0.621,0.032,69.99,0.839,0.191,0.746,85.51,5.99,0.145,3.267,31.16,481.02,Medium
5814,Thermograph,Mixed,None,2,0.541,0.046,23.24,0.123,0.947,0.432,98.82,11.4,0.145,2.378,39.05,528.21,Medium
5815,C-scan (BVID with Holes),Damaged,BVID,4,0.498,0.029,33.24,0.693,0.527,0.573,52.12,9.82,0.088,3.145,20.89,633.0,Low
5816,C-scan (Pristine with Holes),Pristine,None,5,0.468,0.069,84.23,0.787,0.685,0.559,25.99,6.56,0.013,0.971,58.23,720.73,High
5817,C-scan (BVID with Holes),Damaged,BVID,6,0.679,0.077,60.62,0.738,0.762,0.394,77.67,4.0,0.114,2.075,36.28,419.76,Medium
5818,C-scan (BVID with Holes),Damaged,BVID,3,0.687,0.017,26.7,0.558,0.984,0.33,78.07,10.24,0.192,4.768,24.63,548.52,Low
5819,C-scan (BVID with Holes),Damaged,BVID,4,0.558,0.028,40.0,0.986,0.232,0.785,50.65,11.63,0.143,1.492,52.1,542.3,Medium
5820,C-scan (Pristine with Holes),Pristine,None,2,0.458,0.037,25.57,0.218,0.735,0.378,67.66,14.63,0.026,0.858,24.85,581.83,Low
5821,C-scan (Pristine with Holes),Pristine,None,2,0.634,0.053,46.06,0.72,0.253,0.493,60.18,1.86,0.029,0.797,25.52,465.93,Low
5822,C-scan (Pristine with Holes),Pristine,None,5,0.639,0.062,40.12,0.778,0.201,0.285,72.73,3.05,0.032,0.382,59.23,390.23,High
5823,Thermograph,Mixed,Thermal Anomaly,6,0.6,0.027,17.9,0.964,0.827,0.309,101.26,0.67,0.059,2.137,20.32,584.16,Low
5824,C-scan (Pristine with Holes),Pristine,None,4,0.579,0.038,51.45,0.53,0.326,0.501,112.26,5.01,0.032,0.367,40.9,458.52,Medium
5825,C-scan (BVID with Holes),Damaged,BVID,3,0.479,0.051,37.37,0.775,0.4,0.892,40.54,13.71,0.09,2.274,45.91,763.64,Medium
5826,C-scan (BVID with Holes),Damaged,BVID,4,0.45,0.015,37.81,0.98,0.658,0.875,49.35,14.15,0.167,2.538,38.44,399.8,Medium
5827,C-scan (BVID with Holes),Damaged,BVID,6,0.675,0.025,14.68,0.505,0.337,0.351,63.93,1.62,0.14,3.807,35.95,503.9,Medium
5828,Thermograph,Mixed,None,3,0.539,0.059,64.14,0.255,0.668,0.825,99.78,3.86,0.141,1.362,26.2,758.95,Low
5829,C-scan (BVID with Holes),Damaged,BVID,6,0.678,0.028,59.95,0.917,0.245,0.492,100.51,3.67,0.098,3.958,53.23,747.24,Medium
5830,Thermograph,Mixed,None,6,0.54,0.064,9.76,0.56,0.118,0.569,101.11,10.27,0.045,2.31,28.47,386.37,Low
5831,C-scan (Pristine with Holes),Pristine,None,4,0.646,0.054,14.47,0.55,0.479,0.219,35.6,3.86,0.031,0.142,23.33,700.9,Low
5832,C-scan (BVID with Holes),Damaged,BVID,5,0.578,0.035,5.15,0.527,0.876,0.655,97.25,10.54,0.156,1.245,29.62,568.09,Low
5833,C-scan (Pristine with Holes),Pristine,None,4,0.482,0.049,5.81,0.154,0.51,0.583,101.3,7.39,0.033,0.571,59.99,638.83,High
5834,C-scan (Pristine with Holes),Pristine,None,2,0.567,0.06,71.42,0.472,0.439,0.488,93.64,7.98,0.012,0.783,51.83,362.56,High
5835,C-scan (Pristine with Holes),Pristine,None,5,0.524,0.056,14.32,0.166,0.995,0.43,68.52,3.28,0.024,0.82,45.18,435.35,High
5836,C-scan (BVID with Holes),Damaged,BVID,6,0.584,0.038,60.93,0.161,0.506,0.412,59.48,0.63,0.1,3.137,38.25,671.0,Medium
5837,C-scan (Pristine with Holes),Pristine,None,4,0.482,0.018,2.34,0.15,0.577,0.517,109.78,8.99,0.041,0.665,53.56,690.84,High
5838,C-scan (Pristine with Holes),Pristine,None,2,0.591,0.061,43.14,0.393,0.575,0.864,58.57,10.04,0.014,0.612,45.25,777.55,High
5839,Thermograph,Mixed,Thermal Anomaly,2,0.589,0.047,67.84,0.161,0.902,0.519,49.74,7.11,0.033,0.548,33.89,555.72,Medium
5840,C-scan (BVID with Holes),Damaged,BVID,3,0.628,0.014,80.99,0.781,0.37,0.421,61.93,8.68,0.191,4.359,51.03,815.28,Medium
5841,Thermograph,Mixed,None,2,0.629,0.068,59.86,0.209,0.837,0.443,99.15,13.01,0.15,3.131,38.78,441.68,Medium
5842,C-scan (BVID with Holes),Damaged,BVID,5,0.691,0.042,60.86,0.303,0.615,0.428,41.47,11.01,0.138,3.821,27.76,464.13,Low
5843,Thermograph,Mixed,Thermal Anomaly,2,0.669,0.074,67.7,0.982,0.564,0.798,77.93,1.73,0.118,1.921,48.41,402.95,Medium
5844,C-scan (BVID with Holes),Damaged,BVID,4,0.575,0.065,52.64,0.339,0.734,0.613,91.61,3.87,0.137,3.614,52.7,461.87,Medium
5845,Thermograph,Mixed,Thermal Anomaly,4,0.683,0.066,4.1,0.564,0.373,0.454,45.98,10.46,0.128,2.877,34.9,356.37,Medium
5846,Thermograph,Mixed,None,2,0.492,0.033,74.7,0.283,0.164,0.887,48.09,12.5,0.065,2.398,42.34,607.86,Medium
5847,C-scan (BVID with Holes),Damaged,BVID,3,0.476,0.054,12.2,0.756,0.375,0.482,67.33,3.72,0.133,4.836,41.36,687.43,Medium
5848,C-scan (Pristine with Holes),Pristine,None,5,0.692,0.053,71.17,0.706,0.908,0.678,83.42,4.4,0.05,0.907,28.96,668.56,Low
5849,C-scan (Pristine with Holes),Pristine,None,2,0.582,0.061,58.69,0.686,0.736,0.484,46.12,4.91,0.036,0.32,35.05,569.6,Medium
5850,Thermograph,Mixed,Thermal Anomaly,5,0.521,0.015,48.41,0.521,0.55,0.774,82.68,2.21,0.082,2.638,49.11,559.96,Medium
5851,C-scan (BVID with Holes),Damaged,BVID,6,0.663,0.013,83.36,0.67,0.323,0.564,63.76,6.78,0.125,4.998,49.35,458.27,Medium
5852,Thermograph,Mixed,None,4,0.477,0.027,27.23,0.954,0.639,0.369,81.87,4.11,0.128,2.448,33.46,663.86,Medium
5853,C-scan (BVID with Holes),Damaged,BVID,2,0.66,0.053,63.37,0.491,0.685,0.631,102.33,6.05,0.153,3.731,26.17,535.14,Low
5854,C-scan (Pristine with Holes),Pristine,None,4,0.482,0.029,53.22,0.579,0.887,0.538,38.78,10.88,0.028,0.238,32.67,590.85,Medium
5855,C-scan (Pristine with Holes),Pristine,None,5,0.616,0.041,10.04,0.761,0.852,0.24,49.59,3.91,0.046,0.62,50.48,707.59,High
5856,C-scan (Pristine with Holes),Pristine,None,2,0.458,0.07,84.55,0.312,0.946,0.872,63.18,2.28,0.014,0.634,25.2,479.88,Low
5857,C-scan (Pristine with Holes),Pristine,None,5,0.533,0.06,73.19,0.755,0.483,0.554,56.9,11.11,0.021,0.301,45.45,662.95,High
5858,C-scan (Pristine with Holes),Pristine,None,2,0.504,0.072,1.44,0.486,0.984,0.468,57.95,7.59,0.04,0.618,20.68,762.5,Low
5859,C-scan (BVID with Holes),Damaged,BVID,5,0.556,0.028,10.6,0.371,0.288,0.258,106.63,6.56,0.18,1.289,27.27,538.69,Low
5860,C-scan (BVID with Holes),Damaged,BVID,2,0.512,0.021,46.92,0.608,0.98,0.876,91.03,5.5,0.089,2.152,55.77,716.46,Medium
5861,C-scan (BVID with Holes),Damaged,BVID,2,0.467,0.032,82.95,0.466,0.918,0.573,48.94,5.58,0.133,2.7,57.3,527.49,Medium
5862,C-scan (BVID with Holes),Damaged,BVID,2,0.591,0.062,49.21,0.327,0.957,0.353,36.91,4.48,0.177,2.502,51.58,375.95,Medium
5863,C-scan (Pristine with Holes),Pristine,None,5,0.681,0.018,57.05,0.217,0.58,0.284,72.63,1.38,0.032,0.623,28.25,686.5,Low
5864,Thermograph,Mixed,None,4,0.692,0.03,21.08,0.738,0.851,0.726,97.61,7.5,0.056,3.28,27.29,880.92,Low
5865,C-scan (BVID with Holes),Damaged,BVID,6,0.487,0.066,60.57,0.342,0.827,0.526,94.92,10.3,0.082,4.933,49.53,807.73,Medium
5866,C-scan (BVID with Holes),Damaged,BVID,2,0.634,0.043,83.74,0.291,0.498,0.219,67.24,7.15,0.153,2.549,56.6,755.03,Medium
5867,Thermograph,Mixed,Thermal Anomaly,3,0.544,0.025,23.39,0.4,0.22,0.554,100.6,0.66,0.08,0.794,21.98,504.73,Low
5868,C-scan (Pristine with Holes),Pristine,None,2,0.661,0.053,57.44,0.468,0.189,0.649,100.0,10.78,0.017,0.751,32.74,778.15,Medium
5869,C-scan (BVID with Holes),Damaged,BVID,6,0.592,0.08,32.94,0.387,0.521,0.844,98.86,6.12,0.163,4.931,48.52,780.87,Medium
5870,Thermograph,Mixed,Thermal Anomaly,5,0.653,0.047,47.36,0.527,0.243,0.36,62.49,10.86,0.147,3.178,56.46,809.66,Medium
5871,C-scan (BVID with Holes),Damaged,BVID,5,0.676,0.07,44.29,0.817,0.173,0.466,92.43,12.96,0.114,4.625,41.51,735.73,Medium
5872,C-scan (Pristine with Holes),Pristine,None,4,0.639,0.011,30.86,0.155,0.199,0.497,103.06,13.62,0.043,0.414,25.33,721.59,Low
5873,C-scan (BVID with Holes),Damaged,BVID,6,0.575,0.067,13.81,0.909,0.739,0.481,51.48,7.2,0.178,1.067,22.34,600.42,Low
5874,C-scan (Pristine with Holes),Pristine,None,2,0.667,0.059,41.22,0.82,0.919,0.845,99.93,2.81,0.03,0.493,34.22,886.45,Medium
5875,Thermograph,Mixed,None,4,0.634,0.045,51.2,0.73,0.105,0.861,86.7,5.03,0.092,2.44,35.6,714.26,Medium
5876,C-scan (BVID with Holes),Damaged,BVID,2,0.575,0.045,82.64,0.888,0.541,0.715,60.96,8.35,0.115,3.883,31.07,593.06,Medium
5877,C-scan (BVID with Holes),Damaged,BVID,3,0.691,0.022,3.33,0.926,0.285,0.669,75.54,1.97,0.112,2.367,42.94,811.58,Medium
5878,C-scan (Pristine with Holes),Pristine,None,6,0.584,0.037,49.94,0.285,0.215,0.211,101.07,4.59,0.036,0.667,25.37,703.41,Low
5879,C-scan (Pristine with Holes),Pristine,None,6,0.643,0.039,88.96,0.86,0.406,0.611,63.86,3.6,0.036,0.508,54.16,816.94,High
5880,C-scan (BVID with Holes),Damaged,BVID,6,0.565,0.039,41.54,0.369,0.109,0.703,45.6,10.51,0.128,4.546,52.01,374.33,Medium
5881,C-scan (Pristine with Holes),Pristine,None,4,0.613,0.035,60.25,0.331,0.807,0.522,53.25,6.04,0.049,0.19,47.79,447.23,High
5882,Thermograph,Mixed,Thermal Anomaly,5,0.502,0.033,9.81,0.691,0.87,0.404,118.09,11.42,0.09,2.128,59.38,471.19,Medium
5883,C-scan (Pristine with Holes),Pristine,None,3,0.462,0.02,31.84,0.472,0.207,0.395,26.68,3.28,0.04,0.413,43.92,613.74,Medium
5884,Thermograph,Mixed,Thermal Anomaly,5,0.531,0.058,33.28,0.106,0.654,0.658,61.02,9.83,0.086,1.379,55.79,717.48,Medium
5885,C-scan (Pristine with Holes),Pristine,None,3,0.643,0.028,13.55,0.112,0.365,0.784,104.16,13.09,0.016,0.377,48.26,452.96,High
5886,Thermograph,Mixed,None,3,0.615,0.058,84.14,0.438,0.37,0.21,110.67,1.5,0.111,2.357,27.06,520.34,Low
5887,C-scan (BVID with Holes),Damaged,BVID,5,0.513,0.042,78.46,0.272,0.692,0.375,28.13,5.73,0.16,1.7,49.67,768.9,Medium
5888,C-scan (Pristine with Holes),Pristine,None,6,0.642,0.041,44.95,0.58,0.143,0.881,92.32,14.48,0.043,0.606,24.34,851.58,Low
5889,C-scan (BVID with Holes),Damaged,BVID,2,0.515,0.043,47.81,0.805,0.248,0.339,59.61,2.34,0.149,2.832,56.11,778.7,Medium
5890,C-scan (BVID with Holes),Damaged,BVID,2,0.676,0.054,16.62,0.68,0.854,0.699,113.26,3.15,0.175,1.472,59.21,678.43,Medium
5891,C-scan (Pristine with Holes),Pristine,None,6,0.482,0.046,58.12,0.381,0.706,0.819,79.88,7.57,0.036,0.602,56.21,590.32,High
5892,C-scan (BVID with Holes),Damaged,BVID,6,0.519,0.068,67.54,0.385,0.524,0.556,97.98,8.42,0.191,1.404,20.64,708.74,Low
5893,C-scan (BVID with Holes),Damaged,BVID,5,0.606,0.049,53.78,0.79,0.855,0.381,46.42,5.22,0.178,4.303,58.34,492.22,Medium
5894,C-scan (BVID with Holes),Damaged,BVID,2,0.452,0.041,5.88,0.808,0.352,0.807,105.42,10.27,0.192,1.82,32.46,854.5,Medium
5895,C-scan (Pristine with Holes),Pristine,None,5,0.46,0.071,49.31,0.248,0.183,0.599,112.64,12.03,0.045,0.725,57.38,600.27,High
5896,C-scan (BVID with Holes),Damaged,BVID,5,0.695,0.053,79.56,0.825,0.122,0.301,52.35,5.91,0.134,3.091,51.0,736.98,Medium
5897,C-scan (BVID with Holes),Damaged,BVID,5,0.649,0.041,7.08,0.68,0.294,0.433,89.46,14.14,0.162,1.304,30.48,766.7,Medium
5898,C-scan (BVID with Holes),Damaged,BVID,4,0.667,0.057,36.25,0.277,0.955,0.532,54.49,8.75,0.193,3.336,27.19,872.79,Low
5899,Thermograph,Mixed,None,6,0.458,0.039,21.65,0.557,0.744,0.595,108.81,7.1,0.037,2.819,46.18,379.93,High
5900,C-scan (Pristine with Holes),Pristine,None,6,0.64,0.041,48.02,0.418,0.61,0.685,67.14,9.26,0.012,0.481,46.53,609.21,High
5901,C-scan (Pristine with Holes),Pristine,None,5,0.511,0.054,87.7,0.542,0.536,0.566,70.24,14.95,0.012,0.31,28.71,686.13,Low
5902,C-scan (BVID with Holes),Damaged,BVID,4,0.648,0.034,8.14,0.431,0.882,0.762,87.57,13.7,0.116,3.778,54.12,641.36,Medium
5903,C-scan (Pristine with Holes),Pristine,None,2,0.529,0.04,50.82,0.822,0.865,0.668,87.28,3.94,0.035,0.231,55.22,516.55,High
5904,C-scan (BVID with Holes),Damaged,BVID,6,0.653,0.04,72.98,0.956,0.784,0.258,88.44,2.5,0.099,1.01,43.15,849.06,Medium
5905,C-scan (Pristine with Holes),Pristine,None,5,0.697,0.053,20.72,0.638,0.792,0.507,87.07,7.56,0.041,0.421,35.38,416.27,Medium
5906,C-scan (BVID with Holes),Damaged,BVID,3,0.645,0.025,28.51,0.185,0.136,0.581,117.69,13.78,0.102,1.527,52.5,847.36,Medium
5907,Thermograph,Mixed,Thermal Anomaly,3,0.575,0.031,11.59,0.106,0.771,0.682,49.54,12.2,0.054,2.98,55.17,627.2,High
5908,C-scan (Pristine with Holes),Pristine,None,5,0.611,0.032,12.11,0.634,0.424,0.566,78.59,1.71,0.033,0.129,55.19,776.84,High
5909,C-scan (BVID with Holes),Damaged,BVID,2,0.644,0.078,2.04,0.34,0.549,0.471,49.64,8.5,0.191,3.412,40.91,445.19,Medium
5910,C-scan (BVID with Holes),Damaged,BVID,3,0.543,0.032,73.79,0.195,0.314,0.76,52.49,1.84,0.159,1.362,47.53,406.99,Medium
5911,C-scan (Pristine with Holes),Pristine,None,3,0.649,0.037,0.51,0.87,0.499,0.76,36.78,11.32,0.028,0.928,28.08,423.18,Low
5912,C-scan (BVID with Holes),Damaged,BVID,3,0.496,0.043,14.28,0.38,0.191,0.282,53.75,14.9,0.135,2.516,36.16,652.63,Medium
5913,C-scan (Pristine with Holes),Pristine,None,4,0.487,0.078,26.57,0.605,0.847,0.418,42.92,12.6,0.024,0.212,29.06,639.83,Low
5914,C-scan (BVID with Holes),Damaged,BVID,2,0.652,0.016,61.06,0.74,0.96,0.713,118.9,6.58,0.183,4.59,54.44,769.38,Medium
5915,C-scan (BVID with Holes),Damaged,BVID,5,0.561,0.054,5.24,0.466,0.782,0.497,57.35,8.92,0.181,2.22,25.22,881.7,Low
5916,C-scan (Pristine with Holes),Pristine,None,2,0.481,0.042,59.95,0.586,0.419,0.236,71.98,6.4,0.023,0.274,30.73,805.63,Medium
5917,C-scan (BVID with Holes),Damaged,BVID,5,0.61,0.046,29.28,0.835,0.71,0.231,35.02,7.97,0.162,4.538,35.72,622.41,Medium
5918,C-scan (BVID with Holes),Damaged,BVID,3,0.506,0.017,70.54,0.628,0.254,0.282,56.8,8.85,0.164,1.922,39.8,432.5,Medium
5919,C-scan (Pristine with Holes),Pristine,None,6,0.603,0.027,17.09,0.98,0.558,0.324,82.15,10.2,0.038,0.435,20.99,494.97,Low
5920,C-scan (Pristine with Holes),Pristine,None,5,0.486,0.018,78.44,0.787,0.185,0.247,34.68,5.84,0.039,0.518,55.9,884.98,High
5921,C-scan (BVID with Holes),Damaged,BVID,4,0.579,0.066,46.19,0.483,0.743,0.725,119.02,10.02,0.098,3.63,26.09,495.54,Low
5922,Thermograph,Mixed,None,3,0.522,0.038,18.64,0.51,0.63,0.766,114.07,6.56,0.149,3.454,57.65,360.56,Medium
5923,C-scan (Pristine with Holes),Pristine,None,3,0.687,0.019,58.21,0.331,0.896,0.523,93.91,0.93,0.025,0.211,20.67,586.47,Low
5924,C-scan (Pristine with Holes),Pristine,None,2,0.656,0.071,28.33,0.894,0.136,0.664,56.22,10.29,0.012,0.577,35.97,490.82,Medium
5925,C-scan (Pristine with Holes),Pristine,None,4,0.524,0.076,77.85,0.723,0.27,0.752,63.03,9.96,0.034,0.475,35.47,421.97,Medium
5926,C-scan (Pristine with Holes),Pristine,None,4,0.656,0.049,35.11,0.713,0.708,0.488,62.52,6.9,0.04,0.48,33.16,867.51,Medium
5927,C-scan (BVID with Holes),Damaged,BVID,6,0.678,0.018,27.73,0.572,0.658,0.391,43.27,8.12,0.136,2.657,49.57,590.98,Medium
5928,C-scan (BVID with Holes),Damaged,BVID,5,0.651,0.068,61.63,0.835,0.777,0.616,109.42,6.08,0.083,1.008,58.46,641.78,Medium
5929,C-scan (BVID with Holes),Damaged,BVID,6,0.575,0.063,44.47,0.336,0.297,0.459,77.92,1.76,0.145,2.33,42.55,734.5,Medium
5930,Thermograph,Mixed,Thermal Anomaly,5,0.655,0.059,78.81,0.759,0.266,0.47,103.13,12.41,0.056,3.152,30.04,445.59,Medium
5931,C-scan (Pristine with Holes),Pristine,None,2,0.655,0.065,59.74,0.479,0.559,0.293,104.11,6.57,0.018,0.204,37.72,618.46,Medium
5932,C-scan (BVID with Holes),Damaged,BVID,6,0.45,0.018,15.37,0.257,0.636,0.826,72.62,4.59,0.131,4.346,23.82,395.41,Low
5933,Thermograph,Mixed,Thermal Anomaly,3,0.623,0.071,42.29,0.316,0.477,0.704,109.22,2.34,0.052,3.209,37.96,514.18,Medium
5934,Thermograph,Mixed,Thermal Anomaly,6,0.555,0.042,62.56,0.771,0.505,0.239,85.35,11.34,0.08,0.556,31.14,619.19,Medium
5935,C-scan (BVID with Holes),Damaged,BVID,2,0.542,0.042,18.14,0.999,0.115,0.526,81.36,6.39,0.113,2.585,25.83,644.9,Low
5936,C-scan (BVID with Holes),Damaged,BVID,5,0.559,0.012,89.86,0.257,0.115,0.499,100.02,9.74,0.108,3.154,45.85,398.89,Medium
5937,C-scan (Pristine with Holes),Pristine,None,5,0.474,0.059,9.05,0.99,0.389,0.344,39.03,3.25,0.022,0.358,30.7,873.33,Medium
5938,Thermograph,Mixed,None,4,0.458,0.017,29.31,0.332,0.532,0.505,73.91,9.74,0.097,1.74,59.69,728.51,Medium
5939,C-scan (BVID with Holes),Damaged,BVID,5,0.559,0.015,53.88,0.615,0.739,0.47,54.24,12.86,0.111,1.911,24.24,455.71,Low
5940,C-scan (BVID with Holes),Damaged,BVID,5,0.499,0.054,47.71,0.37,0.291,0.247,89.32,1.91,0.174,2.493,41.34,508.68,Medium
5941,C-scan (BVID with Holes),Damaged,BVID,4,0.634,0.067,89.41,0.98,0.389,0.647,47.76,6.0,0.195,4.334,23.52,676.26,Low
5942,Thermograph,Mixed,None,6,0.502,0.012,47.87,0.468,0.752,0.732,27.75,6.03,0.075,1.264,34.31,877.99,Medium
5943,C-scan (Pristine with Holes),Pristine,None,2,0.589,0.025,37.4,0.336,0.669,0.715,79.42,9.03,0.026,0.685,32.48,611.64,Medium
5944,Thermograph,Mixed,None,4,0.515,0.023,7.42,0.406,0.661,0.449,38.32,13.2,0.048,2.957,42.2,524.46,Medium
5945,Thermograph,Mixed,Thermal Anomaly,2,0.503,0.078,85.9,0.179,0.995,0.509,101.33,4.07,0.097,0.602,58.96,542.07,Medium
5946,Thermograph,Mixed,Thermal Anomaly,2,0.64,0.073,32.94,0.891,0.512,0.77,54.91,4.0,0.064,1.171,59.32,632.4,High
5947,C-scan (BVID with Holes),Damaged,BVID,2,0.509,0.075,54.84,0.485,0.642,0.613,49.62,4.57,0.132,4.221,38.1,706.36,Medium
5948,Thermograph,Mixed,None,3,0.59,0.018,40.51,0.225,0.696,0.824,54.09,13.85,0.085,2.849,35.1,634.43,Medium
5949,C-scan (BVID with Holes),Damaged,BVID,3,0.511,0.076,29.05,0.989,0.423,0.347,111.82,0.52,0.084,4.034,56.31,830.44,Medium
5950,Thermograph,Mixed,None,3,0.536,0.079,5.97,0.936,0.561,0.39,41.03,0.75,0.08,1.782,20.68,757.46,Low
5951,C-scan (Pristine with Holes),Pristine,None,3,0.681,0.064,56.42,0.208,0.698,0.41,55.74,2.34,0.01,0.978,27.81,363.87,Low
5952,Thermograph,Mixed,Thermal Anomaly,6,0.467,0.036,21.38,0.854,0.973,0.798,55.21,6.34,0.062,2.439,52.01,875.99,High
5953,Thermograph,Mixed,None,2,0.521,0.043,84.55,0.858,0.106,0.287,115.5,12.53,0.112,2.034,47.47,748.77,Medium
5954,C-scan (Pristine with Holes),Pristine,None,3,0.592,0.052,54.34,0.873,0.635,0.285,49.63,2.24,0.032,0.812,47.14,818.45,High
5955,C-scan (BVID with Holes),Damaged,BVID,5,0.539,0.061,43.79,0.128,0.544,0.788,35.25,9.47,0.102,3.21,55.14,724.19,Medium
5956,C-scan (Pristine with Holes),Pristine,None,2,0.486,0.068,62.5,0.892,0.429,0.627,108.71,3.58,0.015,0.366,48.72,556.64,High
5957,C-scan (BVID with Holes),Damaged,BVID,3,0.599,0.039,76.94,0.582,0.649,0.374,30.22,11.09,0.131,3.11,20.79,428.98,Low
5958,Thermograph,Mixed,Thermal Anomaly,4,0.501,0.067,66.45,0.917,0.816,0.633,88.33,12.28,0.106,1.174,43.39,595.96,Medium
5959,C-scan (BVID with Holes),Damaged,BVID,4,0.588,0.018,38.6,0.248,0.421,0.798,47.76,11.93,0.084,3.381,39.12,627.71,Medium
5960,Thermograph,Mixed,Thermal Anomaly,3,0.625,0.075,15.34,0.704,0.978,0.731,91.1,1.99,0.054,2.905,21.39,854.86,Low
5961,C-scan (Pristine with Holes),Pristine,None,4,0.58,0.075,63.88,0.45,0.731,0.648,47.03,1.69,0.036,0.251,35.52,545.27,Medium
5962,C-scan (Pristine with Holes),Pristine,None,3,0.662,0.013,21.46,0.964,0.289,0.481,77.8,8.71,0.045,0.73,59.84,449.84,High
5963,Thermograph,Mixed,None,5,0.59,0.052,71.39,0.465,0.729,0.895,96.89,3.13,0.068,1.995,50.02,838.13,High
5964,C-scan (BVID with Holes),Damaged,BVID,5,0.469,0.026,58.44,0.655,0.261,0.743,73.0,7.11,0.163,1.264,23.36,515.41,Low
5965,Thermograph,Mixed,Thermal Anomaly,3,0.648,0.048,49.01,0.728,0.622,0.296,113.11,13.58,0.101,2.912,55.07,656.16,Medium
5966,Thermograph,Mixed,Thermal Anomaly,4,0.61,0.041,83.21,0.55,0.994,0.801,26.51,4.39,0.149,3.387,46.01,559.19,Medium
5967,Thermograph,Mixed,Thermal Anomaly,6,0.678,0.066,75.72,0.59,0.349,0.42,73.5,8.75,0.062,0.814,55.56,564.11,High
5968,C-scan (BVID with Holes),Damaged,BVID,5,0.646,0.041,22.8,0.447,0.717,0.42,26.77,12.54,0.161,4.577,29.99,685.27,Low
5969,C-scan (BVID with Holes),Damaged,BVID,5,0.696,0.06,36.41,0.8,0.726,0.258,82.83,14.52,0.172,3.697,49.9,841.88,Medium
5970,Thermograph,Mixed,None,5,0.489,0.021,71.53,0.756,0.116,0.785,50.38,1.71,0.063,3.388,46.24,519.02,High
5971,C-scan (BVID with Holes),Damaged,BVID,4,0.611,0.07,70.56,0.208,0.622,0.786,48.78,12.97,0.157,4.842,44.51,770.54,Medium
5972,Thermograph,Mixed,None,5,0.566,0.063,56.47,0.184,0.256,0.496,104.73,3.96,0.045,1.16,53.74,552.88,High
5973,C-scan (Pristine with Holes),Pristine,None,6,0.646,0.025,57.86,0.713,0.772,0.794,56.16,2.34,0.015,0.357,49.52,492.27,High
5974,C-scan (Pristine with Holes),Pristine,None,4,0.458,0.042,65.44,0.933,0.68,0.288,80.71,8.76,0.019,0.722,57.27,893.72,High
5975,Thermograph,Mixed,None,6,0.549,0.064,74.15,0.486,0.426,0.744,59.18,1.23,0.063,3.284,38.06,813.1,Medium
5976,Thermograph,Mixed,Thermal Anomaly,5,0.451,0.053,27.86,0.681,0.27,0.756,79.51,11.38,0.127,2.484,33.5,695.17,Medium
5977,C-scan (BVID with Holes),Damaged,BVID,2,0.603,0.014,55.56,0.505,0.123,0.391,44.19,12.03,0.102,4.118,35.56,384.12,Medium
5978,C-scan (BVID with Holes),Damaged,BVID,5,0.606,0.076,8.54,0.926,0.637,0.265,27.95,12.34,0.169,3.586,36.17,760.21,Medium
5979,C-scan (Pristine with Holes),Pristine,None,6,0.615,0.011,45.9,0.472,0.881,0.646,25.8,4.51,0.039,0.922,28.14,513.85,Low
5980,C-scan (BVID with Holes),Damaged,BVID,5,0.502,0.027,43.47,0.289,0.604,0.542,65.73,7.36,0.185,3.005,55.64,368.74,Medium
5981,C-scan (Pristine with Holes),Pristine,None,5,0.645,0.034,35.16,0.314,0.52,0.856,88.65,11.4,0.044,0.751,28.75,714.55,Low
5982,C-scan (Pristine with Holes),Pristine,None,2,0.535,0.063,39.5,0.78,0.665,0.459,115.92,14.68,0.044,0.118,20.82,756.26,Low
5983,C-scan (Pristine with Holes),Pristine,None,3,0.647,0.058,28.9,0.187,0.857,0.547,92.39,9.51,0.028,0.941,57.14,898.75,High
5984,Thermograph,Mixed,Thermal Anomaly,3,0.621,0.069,70.53,0.263,0.593,0.476,95.61,14.95,0.065,0.913,35.38,751.08,Medium
5985,C-scan (BVID with Holes),Damaged,BVID,3,0.552,0.076,61.05,0.112,0.384,0.651,49.63,12.64,0.156,2.43,51.27,728.75,Medium
5986,Thermograph,Mixed,None,4,0.625,0.049,71.52,0.43,0.562,0.24,96.11,2.65,0.137,2.717,33.93,814.73,Medium
5987,C-scan (BVID with Holes),Damaged,BVID,3,0.511,0.067,58.44,0.168,0.215,0.225,94.82,4.74,0.191,4.183,34.26,375.24,Medium
5988,C-scan (BVID with Holes),Damaged,BVID,5,0.46,0.056,69.06,0.997,0.213,0.838,88.53,12.55,0.139,1.824,45.31,667.84,Medium
5989,Thermograph,Mixed,Thermal Anomaly,4,0.505,0.044,9.01,0.498,0.528,0.354,47.03,6.38,0.098,1.749,58.71,613.68,Medium
5990,C-scan (BVID with Holes),Damaged,BVID,3,0.678,0.02,22.09,0.286,0.433,0.233,96.61,4.65,0.105,4.324,43.17,653.28,Medium
5991,C-scan (BVID with Holes),Damaged,BVID,4,0.536,0.067,35.76,0.872,0.439,0.877,43.57,0.87,0.096,2.719,24.41,479.32,Low
5992,Thermograph,Mixed,Thermal Anomaly,3,0.543,0.079,34.53,0.228,0.997,0.648,60.53,8.45,0.05,0.797,29.78,714.08,Low
5993,Thermograph,Mixed,None,5,0.661,0.036,40.84,0.687,0.869,0.419,112.11,0.59,0.138,2.294,47.45,752.44,Medium
5994,C-scan (BVID with Holes),Damaged,BVID,5,0.654,0.076,36.3,0.525,0.523,0.64,104.53,1.08,0.156,2.029,48.85,749.2,Medium
5995,Thermograph,Mixed,Thermal Anomaly,4,0.694,0.055,80.81,0.841,0.393,0.69,65.49,5.69,0.074,0.636,32.35,529.24,Medium
5996,Thermograph,Mixed,None,3,0.45,0.07,20.85,0.673,0.187,0.492,50.73,12.46,0.095,1.232,25.44,711.75,Low
5997,C-scan (BVID with Holes),Damaged,BVID,2,0.682,0.05,78.78,0.762,0.442,0.464,63.82,2.65,0.088,1.02,45.46,558.81,Medium
5998,C-scan (BVID with Holes),Damaged,BVID,5,0.463,0.05,76.13,0.179,0.384,0.307,103.27,6.13,0.185,4.9,49.92,425.0,Medium
5999,Thermograph,Mixed,None,3,0.625,0.068,50.17,0.254,0.566,0.257,99.31,12.84,0.087,3.415,41.03,599.73,Medium
6000,C-scan (Pristine with Holes),Pristine,None,2,0.512,0.021,70.37,0.875,0.575,0.821,27.17,3.82,0.042,0.126,53.3,657.84,High
6001,C-scan (BVID with Holes),Damaged,BVID,5,0.601,0.019,43.25,0.171,0.876,0.801,80.82,1.63,0.175,4.125,58.03,876.42,Medium
6002,Thermograph,Mixed,Thermal Anomaly,3,0.457,0.062,49.11,0.272,0.505,0.338,60.82,5.44,0.118,1.296,38.33,817.89,Medium
6003,C-scan (BVID with Holes),Damaged,BVID,6,0.573,0.015,22.15,0.504,0.512,0.619,76.64,6.92,0.142,1.955,41.84,576.57,Medium
6004,C-scan (Pristine with Holes),Pristine,None,4,0.551,0.071,75.28,0.35,0.134,0.665,100.54,12.96,0.029,0.807,42.87,896.67,Medium
6005,C-scan (BVID with Holes),Damaged,BVID,6,0.465,0.04,58.41,0.281,0.406,0.463,49.03,11.67,0.092,2.583,27.32,457.49,Low
6006,Thermograph,Mixed,Thermal Anomaly,4,0.663,0.035,16.49,0.481,0.456,0.718,62.72,9.62,0.084,3.194,46.66,779.6,Medium
6007,Thermograph,Mixed,None,5,0.677,0.017,66.94,0.161,0.429,0.683,118.29,3.24,0.116,1.345,37.08,702.87,Medium
6008,C-scan (Pristine with Holes),Pristine,None,5,0.467,0.074,65.13,0.28,0.434,0.353,49.62,6.32,0.012,0.922,32.0,358.62,Medium
6009,C-scan (Pristine with Holes),Pristine,None,3,0.65,0.061,61.07,0.373,0.86,0.445,93.82,1.88,0.022,0.623,26.59,416.39,Low
6010,Thermograph,Mixed,None,5,0.499,0.062,74.96,0.314,0.235,0.6,46.42,12.46,0.054,1.825,55.33,491.24,High
6011,Thermograph,Mixed,Thermal Anomaly,4,0.532,0.08,49.26,0.508,0.124,0.385,105.21,5.87,0.143,1.559,23.48,582.74,Low
6012,C-scan (Pristine with Holes),Pristine,None,4,0.649,0.046,38.67,0.346,0.121,0.839,42.27,12.45,0.036,0.775,42.9,659.9,Medium
6013,Thermograph,Mixed,Thermal Anomaly,4,0.532,0.022,39.15,0.768,0.479,0.341,95.79,6.28,0.112,2.543,46.7,651.45,Medium
6014,Thermograph,Mixed,Thermal Anomaly,5,0.487,0.039,3.47,0.196,0.289,0.741,63.26,1.67,0.1,2.322,39.4,391.12,Medium
6015,C-scan (BVID with Holes),Damaged,BVID,4,0.696,0.05,15.52,0.745,0.32,0.316,26.72,1.55,0.14,4.997,59.09,690.84,Medium
6016,C-scan (Pristine with Holes),Pristine,None,2,0.525,0.045,66.52,0.591,0.767,0.852,68.18,12.16,0.047,0.493,46.03,491.48,High
6017,C-scan (Pristine with Holes),Pristine,None,3,0.663,0.017,55.06,0.492,0.407,0.685,56.85,1.42,0.033,0.689,36.14,610.13,Medium
6018,Thermograph,Mixed,None,3,0.513,0.05,54.2,0.227,0.291,0.792,64.15,3.19,0.039,0.927,27.73,429.41,Low
6019,C-scan (Pristine with Holes),Pristine,None,4,0.453,0.063,11.94,0.13,0.731,0.849,99.56,10.34,0.012,0.239,47.28,593.41,High
6020,C-scan (Pristine with Holes),Pristine,None,6,0.565,0.022,57.54,0.919,0.711,0.627,78.82,12.93,0.048,0.503,44.26,883.61,Medium
6021,Thermograph,Mixed,None,2,0.571,0.044,72.15,0.944,0.155,0.722,79.3,6.01,0.042,3.015,59.45,784.26,High
6022,C-scan (BVID with Holes),Damaged,BVID,2,0.672,0.031,50.46,0.715,0.812,0.849,94.34,9.79,0.102,3.853,31.44,679.42,Medium
6023,Thermograph,Mixed,None,4,0.681,0.02,15.27,0.265,0.483,0.622,57.21,10.47,0.111,2.64,46.89,890.65,Medium
6024,C-scan (Pristine with Holes),Pristine,None,6,0.644,0.052,86.91,0.137,0.701,0.417,51.71,0.83,0.041,0.573,23.5,746.85,Low
6025,C-scan (BVID with Holes),Damaged,BVID,4,0.664,0.061,19.63,0.287,0.157,0.355,33.27,12.19,0.101,4.679,34.42,816.41,Medium
6026,Thermograph,Mixed,Thermal Anomaly,3,0.556,0.042,48.15,0.449,0.979,0.465,114.5,7.63,0.135,3.141,43.58,774.49,Medium
6027,C-scan (Pristine with Holes),Pristine,None,4,0.554,0.026,38.77,0.666,0.708,0.309,105.18,12.22,0.015,0.809,20.79,853.58,Low
6028,C-scan (BVID with Holes),Damaged,BVID,2,0.686,0.042,9.05,0.911,0.251,0.705,72.43,12.79,0.134,2.4,47.12,615.71,Medium
6029,C-scan (BVID with Holes),Damaged,BVID,5,0.676,0.038,77.83,0.994,0.136,0.451,27.13,14.2,0.149,2.141,56.75,576.6,Medium
6030,C-scan (BVID with Holes),Damaged,BVID,3,0.595,0.045,16.16,0.588,0.839,0.309,32.57,12.23,0.112,4.011,57.92,642.04,Medium
6031,Thermograph,Mixed,Thermal Anomaly,5,0.47,0.026,13.04,0.64,0.812,0.248,94.8,13.78,0.105,1.622,57.72,805.25,Medium
6032,C-scan (BVID with Holes),Damaged,BVID,5,0.46,0.07,17.06,0.917,0.563,0.652,106.5,9.01,0.182,4.551,33.57,498.68,Medium
6033,C-scan (BVID with Holes),Damaged,BVID,5,0.594,0.022,71.28,0.525,0.577,0.537,89.03,10.53,0.128,4.248,44.66,828.05,Medium
6034,C-scan (Pristine with Holes),Pristine,None,6,0.685,0.077,80.57,0.797,0.126,0.74,102.99,9.51,0.013,0.478,45.51,647.94,High
6035,Thermograph,Mixed,None,6,0.688,0.079,60.18,0.155,0.532,0.897,90.04,12.82,0.121,1.397,30.38,673.38,Medium
6036,C-scan (Pristine with Holes),Pristine,None,5,0.646,0.067,59.39,0.838,0.585,0.243,112.37,6.01,0.042,0.935,36.92,803.45,Medium
6037,Thermograph,Mixed,None,2,0.583,0.065,13.95,0.931,0.712,0.298,70.57,7.35,0.058,3.125,52.52,534.57,High
6038,C-scan (Pristine with Holes),Pristine,None,3,0.673,0.035,5.94,0.952,0.382,0.256,66.37,10.45,0.015,0.701,30.41,750.72,Medium
6039,C-scan (BVID with Holes),Damaged,BVID,6,0.699,0.042,25.3,0.883,0.177,0.732,76.4,3.9,0.092,3.484,47.88,440.11,Medium
6040,C-scan (BVID with Holes),Damaged,BVID,2,0.469,0.063,86.03,0.732,0.414,0.687,71.41,10.57,0.105,3.881,33.89,721.81,Medium
6041,Thermograph,Mixed,Thermal Anomaly,6,0.554,0.01,45.96,0.139,0.767,0.645,91.6,4.82,0.107,1.33,39.89,405.98,Medium
6042,Thermograph,Mixed,None,4,0.602,0.027,63.5,0.584,0.37,0.757,112.06,11.68,0.08,1.987,42.61,826.16,Medium
6043,Thermograph,Mixed,None,3,0.497,0.055,79.97,0.633,0.743,0.489,50.27,10.74,0.048,0.729,37.86,477.18,Medium
6044,C-scan (BVID with Holes),Damaged,BVID,6,0.641,0.056,44.28,0.391,0.867,0.784,78.46,9.88,0.158,4.691,26.59,510.32,Low
6045,Thermograph,Mixed,Thermal Anomaly,6,0.65,0.034,38.35,0.445,0.287,0.448,95.41,10.39,0.071,1.421,50.67,828.43,High
6046,C-scan (Pristine with Holes),Pristine,None,5,0.541,0.035,18.25,0.269,0.4,0.385,104.02,0.99,0.03,0.553,54.39,723.05,High
6047,C-scan (BVID with Holes),Damaged,BVID,4,0.509,0.047,6.31,0.931,0.971,0.84,27.75,2.26,0.1,4.59,40.95,618.17,Medium
6048,C-scan (Pristine with Holes),Pristine,None,6,0.572,0.068,12.53,0.125,0.617,0.795,33.75,10.95,0.02,0.986,30.33,513.51,Medium
6049,C-scan (Pristine with Holes),Pristine,None,6,0.632,0.068,37.11,0.411,0.771,0.531,80.41,1.27,0.042,0.285,54.89,585.53,High
6050,Thermograph,Mixed,None,5,0.545,0.073,15.49,0.669,0.508,0.733,55.23,11.35,0.142,3.45,47.45,498.67,Medium
6051,C-scan (Pristine with Holes),Pristine,None,3,0.469,0.072,70.1,0.95,0.446,0.331,27.49,10.65,0.045,0.711,39.37,678.25,Medium
6052,C-scan (BVID with Holes),Damaged,BVID,4,0.471,0.063,21.56,0.551,0.189,0.807,74.92,11.0,0.187,4.464,29.34,371.04,Low
6053,Thermograph,Mixed,Thermal Anomaly,5,0.651,0.069,29.54,0.387,0.816,0.325,105.36,2.85,0.125,1.918,44.02,683.93,Medium
6054,Thermograph,Mixed,Thermal Anomaly,4,0.662,0.017,7.12,0.899,0.981,0.502,70.39,1.31,0.033,1.435,55.2,817.72,High
6055,C-scan (Pristine with Holes),Pristine,None,4,0.654,0.018,66.27,0.743,0.67,0.532,44.33,1.48,0.031,0.112,20.81,401.59,Low
6056,Thermograph,Mixed,None,2,0.474,0.038,48.08,0.694,0.961,0.282,97.93,12.74,0.116,2.401,58.61,792.93,Medium
6057,C-scan (Pristine with Holes),Pristine,None,6,0.463,0.02,76.68,0.525,0.679,0.728,59.09,11.98,0.039,0.474,22.36,405.45,Low
6058,C-scan (BVID with Holes),Damaged,BVID,5,0.555,0.064,16.56,0.567,0.962,0.891,27.0,11.37,0.095,1.357,27.55,584.37,Low
6059,C-scan (BVID with Holes),Damaged,BVID,4,0.516,0.022,56.99,0.289,0.445,0.303,106.21,6.07,0.172,2.17,57.11,743.0,Medium
6060,Thermograph,Mixed,None,5,0.463,0.064,32.57,0.978,0.544,0.293,119.21,7.23,0.144,2.99,49.85,394.55,Medium
6061,C-scan (Pristine with Holes),Pristine,None,5,0.639,0.06,17.59,0.659,0.711,0.401,32.32,6.16,0.044,0.455,22.15,398.72,Low
6062,C-scan (Pristine with Holes),Pristine,None,5,0.657,0.033,17.11,0.825,0.687,0.573,89.57,7.37,0.034,0.69,27.06,409.93,Low
6063,Thermograph,Mixed,Thermal Anomaly,5,0.639,0.013,48.12,0.42,0.862,0.528,95.43,0.92,0.07,2.416,21.8,703.51,Low
6064,Thermograph,Mixed,None,4,0.624,0.018,1.0,0.764,0.55,0.409,79.19,11.36,0.094,1.179,43.56,402.02,Medium
6065,C-scan (Pristine with Holes),Pristine,None,2,0.658,0.017,9.02,0.908,0.7,0.838,90.98,11.31,0.031,0.53,21.77,775.52,Low
6066,C-scan (BVID with Holes),Damaged,BVID,2,0.474,0.029,8.03,0.375,0.993,0.341,93.9,8.28,0.136,1.008,36.02,358.17,Medium
6067,C-scan (Pristine with Holes),Pristine,None,2,0.696,0.059,20.12,0.154,0.33,0.65,27.38,12.91,0.04,0.192,37.38,712.9,Medium
6068,C-scan (BVID with Holes),Damaged,BVID,5,0.635,0.016,16.04,0.66,0.173,0.591,30.49,4.57,0.141,4.123,51.43,850.97,Medium
6069,C-scan (Pristine with Holes),Pristine,None,5,0.465,0.067,29.9,0.621,0.61,0.856,52.12,7.21,0.037,0.896,47.46,860.89,High
6070,C-scan (Pristine with Holes),Pristine,None,4,0.657,0.072,81.64,0.673,0.289,0.656,57.3,9.94,0.044,0.492,28.62,714.9,Low
6071,C-scan (Pristine with Holes),Pristine,None,2,0.584,0.054,5.05,0.35,0.453,0.824,47.9,5.34,0.028,0.982,33.27,878.08,Medium
6072,C-scan (Pristine with Holes),Pristine,None,3,0.571,0.034,80.12,0.889,0.517,0.441,81.93,7.93,0.02,0.515,39.26,854.5,Medium
6073,Thermograph,Mixed,Thermal Anomaly,4,0.488,0.043,69.5,0.725,0.907,0.263,50.61,10.18,0.071,2.644,24.17,568.28,Low
6074,C-scan (BVID with Holes),Damaged,BVID,6,0.492,0.062,2.39,0.537,0.619,0.418,57.61,6.77,0.182,4.799,40.9,806.24,Medium
6075,C-scan (Pristine with Holes),Pristine,None,5,0.632,0.028,77.05,0.683,0.66,0.316,110.59,7.97,0.032,0.119,46.91,654.71,High
6076,C-scan (BVID with Holes),Damaged,BVID,2,0.582,0.019,46.09,0.368,0.525,0.743,61.53,3.53,0.163,4.685,24.76,848.77,Low
6077,C-scan (BVID with Holes),Damaged,BVID,2,0.527,0.058,69.36,0.861,0.479,0.757,63.09,6.84,0.169,1.054,22.46,809.99,Low
6078,C-scan (Pristine with Holes),Pristine,None,2,0.657,0.024,19.89,0.811,0.536,0.847,55.07,9.42,0.045,0.348,37.19,354.75,Medium
6079,C-scan (BVID with Holes),Damaged,BVID,5,0.668,0.023,64.84,0.355,0.695,0.266,54.19,3.26,0.109,1.663,39.18,447.32,Medium
6080,C-scan (Pristine with Holes),Pristine,None,4,0.548,0.048,6.09,0.267,0.803,0.835,73.8,10.62,0.049,0.178,39.12,457.54,Medium
6081,Thermograph,Mixed,Thermal Anomaly,2,0.515,0.062,80.59,0.603,0.684,0.312,25.32,1.19,0.148,3.452,41.46,488.29,Medium
6082,C-scan (Pristine with Holes),Pristine,None,2,0.514,0.074,76.31,0.455,0.528,0.347,87.59,1.54,0.035,0.527,49.51,450.54,High
6083,C-scan (BVID with Holes),Damaged,BVID,2,0.677,0.058,45.12,0.275,0.627,0.26,32.28,5.12,0.156,2.285,43.17,550.9,Medium
6084,C-scan (BVID with Holes),Damaged,BVID,4,0.572,0.026,39.24,0.95,0.43,0.77,51.3,8.87,0.081,2.082,28.92,450.11,Low
6085,C-scan (BVID with Holes),Damaged,BVID,6,0.616,0.065,65.1,0.625,0.582,0.454,41.24,11.59,0.086,4.768,25.22,478.5,Low
6086,C-scan (Pristine with Holes),Pristine,None,4,0.667,0.058,27.48,0.165,0.706,0.781,88.72,1.67,0.038,0.209,43.04,880.08,Medium
6087,C-scan (Pristine with Holes),Pristine,None,3,0.6,0.072,6.99,0.527,0.783,0.651,72.62,7.91,0.04,0.322,21.57,694.25,Low
6088,Thermograph,Mixed,Thermal Anomaly,3,0.699,0.022,72.37,0.849,0.541,0.43,110.64,14.14,0.041,2.203,30.6,806.89,Medium
6089,Thermograph,Mixed,Thermal Anomaly,3,0.473,0.024,22.73,0.748,0.407,0.759,73.54,11.48,0.087,2.267,33.15,694.33,Medium
6090,C-scan (BVID with Holes),Damaged,BVID,5,0.664,0.065,11.94,0.499,0.392,0.44,78.47,5.96,0.113,2.838,52.75,408.49,Medium
6091,Thermograph,Mixed,Thermal Anomaly,3,0.666,0.075,6.83,0.864,0.972,0.542,44.46,6.58,0.084,0.825,20.31,490.77,Low
6092,Thermograph,Mixed,Thermal Anomaly,4,0.54,0.076,81.9,0.518,0.482,0.504,46.71,6.48,0.05,3.01,24.81,782.67,Low
6093,C-scan (Pristine with Holes),Pristine,None,4,0.506,0.027,33.52,0.974,0.342,0.543,80.25,13.89,0.027,0.166,44.54,761.19,Medium
6094,C-scan (BVID with Holes),Damaged,BVID,5,0.453,0.024,3.78,0.991,0.268,0.298,41.71,11.23,0.164,1.244,23.92,659.48,Low
6095,Thermograph,Mixed,None,2,0.643,0.028,15.62,0.419,0.504,0.464,55.82,5.44,0.078,1.846,21.02,496.8,Low
6096,C-scan (BVID with Holes),Damaged,BVID,6,0.631,0.074,85.27,0.844,0.2,0.771,76.83,10.69,0.169,3.97,27.84,660.07,Low
6097,Thermograph,Mixed,Thermal Anomaly,6,0.616,0.074,70.67,0.885,0.594,0.838,61.54,14.76,0.039,3.02,23.72,785.37,Low
6098,Thermograph,Mixed,None,5,0.678,0.037,39.18,0.953,0.895,0.43,111.82,9.52,0.101,2.36,57.4,570.08,Medium
6099,Thermograph,Mixed,None,2,0.58,0.066,83.71,0.751,0.624,0.756,99.37,4.77,0.093,1.638,46.88,619.67,Medium
6100,C-scan (BVID with Holes),Damaged,BVID,2,0.604,0.03,66.62,0.946,0.43,0.617,53.99,4.28,0.112,4.551,31.45,778.98,Medium
6101,C-scan (Pristine with Holes),Pristine,None,5,0.621,0.025,80.21,0.467,0.138,0.55,99.53,13.52,0.012,0.891,50.19,508.48,High
6102,C-scan (BVID with Holes),Damaged,BVID,4,0.605,0.044,5.63,0.302,0.916,0.277,89.96,14.67,0.098,3.719,28.9,696.03,Low
6103,Thermograph,Mixed,None,6,0.669,0.041,80.68,0.456,0.549,0.358,112.68,2.86,0.085,1.365,44.47,815.94,Medium
6104,C-scan (BVID with Holes),Damaged,BVID,4,0.571,0.06,10.77,0.161,0.16,0.737,59.82,7.81,0.194,4.446,58.42,661.09,Medium
6105,C-scan (BVID with Holes),Damaged,BVID,4,0.663,0.049,31.39,0.397,0.501,0.746,113.03,1.78,0.143,3.592,41.39,505.8,Medium
6106,C-scan (BVID with Holes),Damaged,BVID,6,0.454,0.028,76.59,0.374,0.845,0.392,105.25,14.55,0.093,1.297,39.83,477.95,Medium
6107,Thermograph,Mixed,Thermal Anomaly,4,0.658,0.047,80.48,0.748,0.418,0.36,112.41,14.35,0.143,3.031,43.77,520.19,Medium
6108,Thermograph,Mixed,None,2,0.614,0.063,70.1,0.697,0.103,0.842,65.27,1.16,0.074,2.607,24.55,707.42,Low
6109,Thermograph,Mixed,None,5,0.543,0.08,70.72,0.607,0.466,0.515,93.87,8.34,0.109,1.959,48.33,466.24,Medium
6110,Thermograph,Mixed,Thermal Anomaly,2,0.488,0.035,53.52,0.289,0.758,0.725,92.2,13.44,0.057,1.047,42.25,689.6,Medium
6111,C-scan (Pristine with Holes),Pristine,None,2,0.495,0.02,38.04,0.718,0.722,0.346,107.25,0.79,0.037,0.341,32.66,490.46,Medium
6112,C-scan (Pristine with Holes),Pristine,None,3,0.492,0.079,47.87,0.372,0.31,0.232,85.0,5.88,0.033,0.542,56.47,564.73,High
6113,C-scan (BVID with Holes),Damaged,BVID,2,0.46,0.012,40.11,0.94,0.847,0.695,40.82,1.55,0.139,1.198,56.06,477.26,Medium
6114,Thermograph,Mixed,None,3,0.537,0.029,74.97,0.63,0.209,0.48,83.55,2.07,0.072,2.337,42.73,647.24,Medium
6115,C-scan (BVID with Holes),Damaged,BVID,6,0.646,0.05,40.46,0.585,0.73,0.391,57.41,4.26,0.096,2.304,32.5,698.89,Medium
6116,Thermograph,Mixed,Thermal Anomaly,5,0.453,0.011,36.7,0.199,0.164,0.883,33.54,5.47,0.108,3.273,57.73,606.32,Medium
6117,C-scan (BVID with Holes),Damaged,BVID,3,0.499,0.076,23.41,0.646,0.364,0.428,92.68,3.75,0.119,2.577,50.84,474.32,Medium
6118,C-scan (BVID with Holes),Damaged,BVID,5,0.667,0.042,41.13,0.945,0.417,0.522,117.37,4.99,0.169,1.563,52.52,418.54,Medium
6119,C-scan (BVID with Holes),Damaged,BVID,5,0.455,0.01,31.63,0.329,0.257,0.61,40.12,2.49,0.116,4.704,32.67,570.71,Medium
6120,Thermograph,Mixed,None,4,0.578,0.05,19.08,0.77,0.964,0.458,26.2,13.24,0.099,1.358,46.99,588.51,Medium
6121,C-scan (Pristine with Holes),Pristine,None,4,0.66,0.074,89.24,0.255,0.968,0.562,75.98,3.03,0.048,0.518,50.04,861.73,High
6122,C-scan (BVID with Holes),Damaged,BVID,6,0.595,0.057,58.77,0.211,0.126,0.868,114.57,2.15,0.111,3.757,56.05,670.53,Medium
6123,C-scan (BVID with Holes),Damaged,BVID,5,0.537,0.032,47.34,0.377,0.419,0.225,46.71,14.69,0.123,3.279,29.29,760.22,Low
6124,Thermograph,Mixed,Thermal Anomaly,3,0.546,0.068,9.08,0.368,0.207,0.841,119.09,11.34,0.131,0.56,59.84,547.29,Medium
6125,C-scan (Pristine with Holes),Pristine,None,2,0.621,0.061,34.63,0.785,0.897,0.669,57.03,4.0,0.048,0.995,22.26,852.72,Low
6126,C-scan (BVID with Holes),Damaged,BVID,4,0.587,0.023,84.31,0.437,0.925,0.892,49.08,8.07,0.168,2.648,53.84,613.77,Medium
6127,C-scan (BVID with Holes),Damaged,BVID,6,0.564,0.073,14.35,0.601,0.623,0.787,53.1,3.16,0.156,2.585,36.72,812.55,Medium
6128,C-scan (BVID with Holes),Damaged,BVID,5,0.489,0.036,7.14,0.947,0.441,0.316,29.65,0.52,0.161,4.255,54.03,652.61,Medium
6129,C-scan (BVID with Holes),Damaged,BVID,2,0.553,0.031,27.32,0.427,0.518,0.613,50.04,13.98,0.091,2.951,36.8,473.12,Medium
6130,Thermograph,Mixed,None,4,0.634,0.067,64.79,0.462,0.174,0.748,70.96,7.18,0.097,1.629,44.27,647.2,Medium
6131,C-scan (Pristine with Holes),Pristine,None,4,0.62,0.021,86.36,0.509,0.208,0.399,56.04,11.22,0.026,0.736,29.49,672.27,Low
6132,C-scan (Pristine with Holes),Pristine,None,2,0.559,0.043,7.87,0.218,0.966,0.585,94.38,5.85,0.033,0.711,41.8,540.65,Medium
6133,Thermograph,Mixed,None,6,0.632,0.066,71.47,0.863,0.882,0.606,92.45,10.22,0.114,2.395,31.32,707.36,Medium
6134,C-scan (Pristine with Holes),Pristine,None,6,0.592,0.068,88.7,0.471,0.817,0.501,92.44,0.63,0.049,0.672,56.13,562.46,High
6135,Thermograph,Mixed,None,4,0.653,0.052,23.09,0.536,0.775,0.578,90.25,10.35,0.15,3.371,25.08,749.9,Low
6136,C-scan (BVID with Holes),Damaged,BVID,4,0.644,0.07,68.56,0.903,0.363,0.384,44.65,3.91,0.189,4.643,45.52,774.68,Medium
6137,Thermograph,Mixed,Thermal Anomaly,3,0.641,0.076,38.48,0.236,0.446,0.827,76.19,2.61,0.094,1.835,20.18,748.85,Low
6138,Thermograph,Mixed,Thermal Anomaly,3,0.602,0.013,3.45,0.113,0.763,0.773,100.43,14.06,0.08,1.82,32.64,577.08,Medium
6139,C-scan (Pristine with Holes),Pristine,None,4,0.632,0.077,42.6,0.637,0.658,0.598,81.97,6.12,0.011,0.837,30.41,827.79,Medium
6140,C-scan (Pristine with Holes),Pristine,None,4,0.52,0.03,27.91,0.389,0.586,0.777,66.14,10.0,0.036,0.289,38.49,646.3,Medium
6141,Thermograph,Mixed,None,5,0.475,0.014,8.49,0.329,0.552,0.571,99.44,5.14,0.046,0.733,53.17,396.89,High
6142,C-scan (BVID with Holes),Damaged,BVID,4,0.502,0.057,69.89,0.693,0.524,0.255,60.63,7.91,0.189,2.203,45.98,525.31,Medium
6143,C-scan (BVID with Holes),Damaged,BVID,4,0.576,0.055,77.03,0.238,0.778,0.454,81.96,7.22,0.127,4.193,56.87,893.22,Medium
6144,Thermograph,Mixed,None,6,0.51,0.028,50.21,0.632,0.612,0.531,31.46,7.9,0.034,2.84,22.95,780.87,Low
6145,Thermograph,Mixed,None,6,0.529,0.042,72.53,0.309,0.934,0.509,95.22,7.64,0.032,2.597,55.87,802.57,High
6146,C-scan (Pristine with Holes),Pristine,None,2,0.485,0.056,13.25,0.943,0.216,0.321,49.1,8.33,0.036,0.157,57.88,766.8,High
6147,C-scan (Pristine with Holes),Pristine,None,2,0.512,0.068,17.73,0.936,0.992,0.681,110.4,2.74,0.025,0.3,56.93,459.44,High
6148,C-scan (Pristine with Holes),Pristine,None,5,0.5,0.026,52.1,0.198,0.637,0.714,116.61,13.26,0.032,0.906,36.03,386.43,Medium
6149,C-scan (BVID with Holes),Damaged,BVID,6,0.461,0.026,45.07,0.283,0.565,0.42,29.78,9.21,0.177,2.437,47.84,846.66,Medium
6150,C-scan (Pristine with Holes),Pristine,None,4,0.493,0.033,69.5,0.198,0.758,0.72,99.12,11.53,0.041,0.465,29.61,535.59,Low
6151,C-scan (BVID with Holes),Damaged,BVID,2,0.647,0.047,77.91,0.504,0.993,0.797,61.89,1.46,0.093,3.049,54.84,512.99,Medium
6152,C-scan (BVID with Holes),Damaged,BVID,4,0.51,0.078,53.98,0.831,0.807,0.789,119.51,11.32,0.098,4.72,52.96,823.99,Medium
6153,C-scan (BVID with Holes),Damaged,BVID,4,0.677,0.023,31.0,0.843,0.92,0.731,81.54,11.7,0.125,4.43,40.14,618.55,Medium
6154,C-scan (Pristine with Holes),Pristine,None,4,0.679,0.049,62.89,0.626,0.665,0.86,112.45,13.77,0.037,0.977,34.21,662.68,Medium
6155,C-scan (BVID with Holes),Damaged,BVID,6,0.483,0.012,23.4,0.706,0.487,0.758,38.74,1.22,0.124,4.678,49.56,607.78,Medium
6156,Thermograph,Mixed,None,5,0.63,0.041,74.97,0.271,0.227,0.595,113.34,9.08,0.1,3.279,23.9,521.99,Low
6157,C-scan (BVID with Holes),Damaged,BVID,3,0.697,0.042,35.36,0.331,0.737,0.849,91.56,9.36,0.095,1.232,24.53,771.1,Low
6158,C-scan (Pristine with Holes),Pristine,None,6,0.568,0.027,60.61,0.177,0.127,0.245,96.51,2.61,0.017,0.362,50.69,806.81,High
6159,C-scan (Pristine with Holes),Pristine,None,5,0.58,0.07,20.07,0.779,0.962,0.885,111.75,5.67,0.043,0.121,38.33,523.0,Medium
6160,Thermograph,Mixed,Thermal Anomaly,2,0.591,0.08,23.19,0.984,0.324,0.872,95.09,1.04,0.098,1.762,22.14,434.53,Low
6161,C-scan (BVID with Holes),Damaged,BVID,4,0.595,0.026,78.93,0.597,0.75,0.504,108.83,14.55,0.125,4.818,55.88,676.43,Medium
6162,C-scan (Pristine with Holes),Pristine,None,3,0.456,0.04,80.7,0.907,0.789,0.63,78.86,4.57,0.019,0.454,48.8,476.96,High
6163,C-scan (Pristine with Holes),Pristine,None,2,0.529,0.07,61.06,0.987,0.569,0.884,54.79,8.78,0.047,0.589,24.79,681.05,Low
6164,Thermograph,Mixed,Thermal Anomaly,5,0.465,0.033,12.02,0.953,0.116,0.706,97.77,7.1,0.134,2.048,25.91,561.56,Low
6165,Thermograph,Mixed,Thermal Anomaly,4,0.576,0.02,66.1,0.975,0.65,0.208,73.86,11.81,0.079,2.644,44.9,709.52,Medium
6166,Thermograph,Mixed,Thermal Anomaly,2,0.576,0.021,59.23,0.602,0.546,0.769,97.67,10.94,0.121,2.993,37.17,896.83,Medium
6167,C-scan (Pristine with Holes),Pristine,None,6,0.695,0.049,63.08,0.359,0.806,0.217,51.88,13.08,0.014,0.714,54.15,763.05,High
6168,C-scan (BVID with Holes),Damaged,BVID,4,0.453,0.021,74.28,0.35,0.405,0.459,74.43,1.43,0.108,4.143,21.27,795.43,Low
6169,C-scan (Pristine with Holes),Pristine,None,3,0.482,0.065,21.42,0.546,0.397,0.54,77.17,11.74,0.034,0.52,56.31,741.23,High
6170,C-scan (BVID with Holes),Damaged,BVID,4,0.46,0.02,27.7,0.524,0.169,0.774,28.0,3.08,0.112,3.562,34.88,720.26,Medium
6171,C-scan (BVID with Holes),Damaged,BVID,6,0.495,0.08,75.15,0.44,0.833,0.396,76.22,3.53,0.197,2.969,29.1,717.89,Low
6172,C-scan (Pristine with Holes),Pristine,None,6,0.671,0.017,13.2,0.442,0.271,0.205,87.78,4.28,0.042,0.54,27.65,561.48,Low
6173,C-scan (BVID with Holes),Damaged,BVID,5,0.506,0.047,34.13,0.31,0.63,0.586,36.95,5.78,0.136,1.132,30.48,714.01,Medium
6174,C-scan (Pristine with Holes),Pristine,None,4,0.517,0.016,75.2,0.637,0.155,0.783,43.82,10.09,0.011,0.408,54.71,538.71,High
6175,Thermograph,Mixed,Thermal Anomaly,6,0.534,0.01,10.14,0.968,0.881,0.712,88.34,5.47,0.111,1.454,45.66,691.95,Medium
6176,C-scan (Pristine with Holes),Pristine,None,4,0.484,0.029,84.08,0.476,0.755,0.753,64.63,3.95,0.02,0.829,45.63,810.81,High
6177,C-scan (BVID with Holes),Damaged,BVID,2,0.595,0.075,84.17,0.201,0.708,0.397,89.23,14.82,0.155,3.868,57.15,809.27,Medium
6178,Thermograph,Mixed,None,2,0.604,0.064,59.25,0.615,0.968,0.528,108.4,10.17,0.114,1.834,56.17,408.05,Medium
6179,Thermograph,Mixed,Thermal Anomaly,5,0.466,0.046,32.94,0.183,0.322,0.416,39.47,0.66,0.086,3.084,53.73,682.6,Medium
6180,C-scan (BVID with Holes),Damaged,BVID,3,0.556,0.033,35.49,0.645,0.545,0.581,25.14,8.35,0.108,2.594,28.67,531.45,Low
6181,C-scan (BVID with Holes),Damaged,BVID,2,0.549,0.067,19.52,0.337,0.933,0.331,112.33,4.14,0.167,4.233,47.01,614.72,Medium
6182,Thermograph,Mixed,Thermal Anomaly,4,0.569,0.032,86.02,0.814,0.917,0.208,62.71,11.32,0.089,1.847,24.65,466.79,Low
6183,C-scan (BVID with Holes),Damaged,BVID,6,0.637,0.031,52.13,0.502,0.416,0.864,85.15,3.21,0.199,4.78,57.01,848.24,Medium
6184,Thermograph,Mixed,Thermal Anomaly,5,0.506,0.019,24.05,0.517,0.722,0.375,37.85,5.26,0.117,1.539,38.21,363.37,Medium
6185,C-scan (BVID with Holes),Damaged,BVID,2,0.616,0.079,7.96,0.449,0.429,0.353,83.57,12.04,0.197,4.279,44.9,686.57,Medium
6186,C-scan (Pristine with Holes),Pristine,None,4,0.665,0.041,18.13,0.903,0.591,0.372,86.49,9.62,0.012,0.824,20.45,611.68,Low
6187,Thermograph,Mixed,Thermal Anomaly,6,0.611,0.033,28.96,0.31,0.923,0.753,98.33,2.82,0.1,0.928,54.36,650.19,Medium
6188,Thermograph,Mixed,Thermal Anomaly,5,0.62,0.03,88.29,0.367,0.752,0.678,64.72,10.99,0.118,2.813,40.21,568.96,Medium
6189,C-scan (BVID with Holes),Damaged,BVID,4,0.587,0.02,64.66,0.776,0.483,0.886,47.71,8.0,0.162,1.743,25.03,808.53,Low
6190,C-scan (BVID with Holes),Damaged,BVID,3,0.498,0.034,1.1,0.347,0.702,0.512,55.04,12.91,0.152,2.428,54.99,433.74,Medium
6191,C-scan (BVID with Holes),Damaged,BVID,2,0.657,0.052,20.35,0.637,0.318,0.212,58.59,0.75,0.18,3.702,32.54,878.66,Medium
6192,Thermograph,Mixed,Thermal Anomaly,5,0.495,0.08,30.04,0.252,0.829,0.64,36.54,0.6,0.142,2.918,28.62,831.84,Low
6193,C-scan (Pristine with Holes),Pristine,None,4,0.465,0.07,67.49,0.413,0.939,0.329,89.77,1.11,0.02,0.576,40.88,401.66,Medium
6194,C-scan (Pristine with Holes),Pristine,None,6,0.511,0.024,55.56,0.768,0.466,0.324,68.42,10.57,0.014,0.367,23.24,389.24,Low
6195,C-scan (BVID with Holes),Damaged,BVID,3,0.698,0.051,59.28,0.63,0.752,0.385,74.29,8.51,0.188,4.341,46.54,815.16,Medium
6196,Thermograph,Mixed,Thermal Anomaly,4,0.464,0.049,60.82,0.762,0.218,0.833,55.69,1.59,0.134,0.509,41.69,859.49,Medium
6197,C-scan (Pristine with Holes),Pristine,None,3,0.636,0.066,72.85,0.228,0.553,0.567,55.87,10.88,0.022,0.641,42.53,583.7,Medium
6198,C-scan (BVID with Holes),Damaged,BVID,4,0.616,0.016,59.06,0.49,0.897,0.423,93.48,12.88,0.135,2.927,25.21,552.55,Low
6199,C-scan (BVID with Holes),Damaged,BVID,5,0.584,0.037,3.85,0.703,0.516,0.368,59.78,9.6,0.136,3.095,51.16,760.94,Medium
6200,C-scan (BVID with Holes),Damaged,BVID,2,0.524,0.047,45.54,0.877,0.883,0.376,75.75,11.07,0.172,3.668,27.99,446.88,Low
6201,C-scan (BVID with Holes),Damaged,BVID,4,0.582,0.056,66.34,0.718,0.581,0.556,110.97,11.53,0.083,1.877,50.94,836.08,Medium
6202,C-scan (Pristine with Holes),Pristine,None,2,0.592,0.054,25.74,0.665,0.719,0.572,63.64,11.91,0.041,0.365,33.58,610.12,Medium
6203,Thermograph,Mixed,Thermal Anomaly,2,0.667,0.069,46.5,0.797,0.9,0.775,51.92,6.71,0.13,1.788,24.52,734.28,Low
6204,C-scan (BVID with Holes),Damaged,BVID,6,0.696,0.056,12.1,0.664,0.592,0.724,49.0,10.67,0.107,4.749,59.46,513.34,Medium
6205,C-scan (Pristine with Holes),Pristine,None,3,0.63,0.059,49.66,0.476,0.77,0.606,101.52,9.3,0.015,0.755,25.3,352.6,Low
6206,C-scan (BVID with Holes),Damaged,BVID,6,0.531,0.041,41.43,0.859,0.866,0.24,106.64,12.88,0.191,2.517,59.49,598.35,Medium
6207,C-scan (Pristine with Holes),Pristine,None,6,0.665,0.033,47.52,0.893,0.856,0.718,111.66,9.94,0.047,0.471,20.6,666.26,Low
6208,Thermograph,Mixed,None,3,0.556,0.061,62.79,0.792,0.749,0.475,55.94,0.83,0.112,2.64,48.8,737.61,Medium
6209,C-scan (Pristine with Holes),Pristine,None,6,0.665,0.033,19.59,0.379,0.302,0.718,96.24,10.05,0.047,0.236,58.42,497.2,High
6210,C-scan (Pristine with Holes),Pristine,None,5,0.543,0.08,67.74,0.156,0.259,0.724,46.33,3.55,0.049,0.416,36.21,495.7,Medium
6211,Thermograph,Mixed,Thermal Anomaly,3,0.605,0.014,11.04,0.794,0.289,0.889,40.75,10.59,0.067,1.391,51.59,449.33,High
6212,Thermograph,Mixed,Thermal Anomaly,6,0.667,0.049,22.68,0.33,0.497,0.722,109.24,12.45,0.086,2.262,27.79,537.59,Low
6213,C-scan (Pristine with Holes),Pristine,None,3,0.622,0.068,49.88,0.183,0.718,0.299,114.37,9.13,0.026,0.496,45.43,862.64,High
6214,C-scan (Pristine with Holes),Pristine,None,2,0.624,0.046,34.52,0.664,0.497,0.604,112.03,0.87,0.022,0.238,55.55,794.41,High
6215,C-scan (BVID with Holes),Damaged,BVID,4,0.661,0.035,49.15,0.101,0.184,0.875,51.64,3.54,0.143,4.315,21.34,698.93,Low
6216,C-scan (BVID with Holes),Damaged,BVID,2,0.568,0.01,40.47,0.641,0.261,0.207,54.51,9.96,0.096,1.6,52.56,592.49,Medium
6217,Thermograph,Mixed,None,2,0.476,0.056,43.0,0.923,0.459,0.389,51.13,7.27,0.035,1.862,22.9,737.04,Low
6218,C-scan (BVID with Holes),Damaged,BVID,4,0.633,0.069,32.27,0.37,0.821,0.628,88.57,4.06,0.167,3.554,30.16,654.16,Medium
6219,C-scan (Pristine with Holes),Pristine,None,4,0.53,0.026,25.42,0.546,0.952,0.699,112.63,2.75,0.044,0.29,35.65,687.39,Medium
6220,C-scan (BVID with Holes),Damaged,BVID,3,0.521,0.028,75.72,0.443,0.803,0.683,28.63,5.18,0.101,3.026,38.11,582.35,Medium
6221,C-scan (Pristine with Holes),Pristine,None,3,0.51,0.024,61.01,0.921,0.85,0.618,42.61,6.61,0.027,0.631,49.63,688.45,High
6222,C-scan (BVID with Holes),Damaged,BVID,3,0.489,0.065,87.24,0.483,0.164,0.857,25.63,6.54,0.163,4.218,52.9,467.45,Medium
6223,Thermograph,Mixed,Thermal Anomaly,5,0.697,0.029,69.64,0.427,0.906,0.89,97.44,9.23,0.042,3.495,57.16,586.87,High
6224,Thermograph,Mixed,None,2,0.552,0.018,40.23,0.563,0.331,0.723,96.94,12.97,0.13,0.791,21.79,393.76,Low
6225,Thermograph,Mixed,None,5,0.496,0.062,83.82,0.545,0.747,0.517,94.49,10.23,0.119,2.377,58.59,460.04,Medium
6226,Thermograph,Mixed,Thermal Anomaly,4,0.58,0.051,14.21,0.796,0.196,0.769,63.87,9.87,0.077,1.475,45.45,669.57,High
6227,Thermograph,Mixed,Thermal Anomaly,3,0.543,0.042,14.49,0.606,0.759,0.874,82.28,13.16,0.122,2.418,46.81,559.54,Medium
6228,C-scan (BVID with Holes),Damaged,BVID,5,0.611,0.045,8.68,0.787,0.176,0.301,117.0,13.31,0.144,3.277,57.4,526.26,Medium
6229,C-scan (BVID with Holes),Damaged,BVID,3,0.513,0.018,67.59,0.324,0.966,0.6,56.12,0.54,0.106,1.052,57.25,857.35,Medium
6230,C-scan (Pristine with Holes),Pristine,None,2,0.578,0.063,38.01,0.134,0.88,0.796,37.63,9.93,0.021,0.989,27.78,867.72,Low
6231,Thermograph,Mixed,Thermal Anomaly,6,0.664,0.035,60.81,0.193,0.431,0.746,47.78,4.61,0.128,0.856,46.22,607.01,Medium
6232,C-scan (Pristine with Holes),Pristine,None,5,0.64,0.013,5.96,0.319,0.557,0.879,102.78,6.63,0.019,0.923,26.1,467.61,Low
6233,Thermograph,Mixed,Thermal Anomaly,5,0.562,0.017,24.48,0.555,0.973,0.577,53.23,10.96,0.038,1.655,34.97,650.19,Medium
6234,C-scan (Pristine with Holes),Pristine,None,2,0.516,0.056,73.75,0.642,0.238,0.431,65.76,6.68,0.043,0.519,22.05,516.11,Low
6235,C-scan (Pristine with Holes),Pristine,None,2,0.699,0.027,42.76,0.659,0.905,0.462,89.91,2.38,0.029,0.618,31.12,871.63,Medium
6236,C-scan (BVID with Holes),Damaged,BVID,5,0.474,0.032,55.95,0.788,0.344,0.387,33.59,8.66,0.125,3.938,24.67,766.36,Low
6237,C-scan (BVID with Holes),Damaged,BVID,4,0.522,0.021,56.5,0.379,0.223,0.591,65.51,4.27,0.182,2.234,54.57,408.68,Medium
6238,C-scan (BVID with Holes),Damaged,BVID,6,0.47,0.022,42.35,0.534,0.352,0.822,98.08,14.03,0.098,1.617,48.21,544.9,Medium
6239,C-scan (BVID with Holes),Damaged,BVID,4,0.549,0.036,10.41,0.8,0.531,0.327,103.56,5.72,0.093,1.991,24.34,759.92,Low
6240,C-scan (Pristine with Holes),Pristine,None,2,0.567,0.029,29.97,0.62,0.688,0.564,96.24,8.52,0.044,0.787,36.61,460.52,Medium
6241,C-scan (BVID with Holes),Damaged,BVID,5,0.528,0.063,39.45,0.974,0.844,0.738,89.8,4.11,0.189,4.982,46.95,710.26,Medium
6242,C-scan (BVID with Holes),Damaged,BVID,6,0.534,0.056,23.48,0.329,0.382,0.344,111.51,2.93,0.157,3.933,58.76,579.88,Medium
6243,C-scan (Pristine with Holes),Pristine,None,3,0.581,0.069,73.81,0.693,0.273,0.741,105.31,0.83,0.012,0.346,37.98,668.22,Medium
6244,Thermograph,Mixed,Thermal Anomaly,3,0.496,0.056,31.64,0.984,0.45,0.867,53.02,12.49,0.075,2.929,20.2,412.89,Low
6245,C-scan (Pristine with Holes),Pristine,None,4,0.681,0.043,14.29,0.621,0.918,0.267,101.37,10.68,0.033,0.331,48.75,521.61,High
6246,Thermograph,Mixed,None,5,0.582,0.031,35.9,0.218,0.245,0.536,80.92,12.8,0.039,1.794,37.95,454.58,Medium
6247,C-scan (Pristine with Holes),Pristine,None,2,0.499,0.033,29.26,0.11,0.173,0.665,98.5,12.09,0.019,0.629,33.07,770.53,Medium
6248,Thermograph,Mixed,None,5,0.637,0.055,68.63,0.391,0.153,0.577,102.64,12.66,0.057,2.014,30.55,864.32,Medium
6249,Thermograph,Mixed,None,3,0.588,0.032,11.99,0.288,0.551,0.498,74.19,13.55,0.122,3.192,47.57,712.35,Medium
6250,C-scan (BVID with Holes),Damaged,BVID,2,0.661,0.034,53.41,0.704,0.991,0.301,58.36,12.15,0.113,2.392,47.76,710.73,Medium
6251,C-scan (Pristine with Holes),Pristine,None,4,0.637,0.054,74.93,0.134,0.474,0.625,60.41,11.22,0.018,0.598,46.93,875.19,High
6252,C-scan (BVID with Holes),Damaged,BVID,3,0.599,0.073,43.19,0.116,0.343,0.347,118.09,10.52,0.146,2.433,21.51,716.93,Low
6253,C-scan (BVID with Holes),Damaged,BVID,5,0.596,0.013,88.07,0.707,0.783,0.597,38.62,7.77,0.154,3.597,45.44,432.43,Medium
6254,C-scan (BVID with Holes),Damaged,BVID,2,0.602,0.033,70.11,0.966,0.36,0.399,106.71,5.57,0.162,4.908,42.19,744.46,Medium
6255,C-scan (BVID with Holes),Damaged,BVID,2,0.56,0.013,45.12,0.4,0.676,0.88,27.4,12.04,0.168,3.505,57.89,759.35,Medium
6256,Thermograph,Mixed,Thermal Anomaly,4,0.614,0.044,52.47,0.243,0.853,0.504,37.94,11.81,0.093,1.694,24.92,495.53,Low
6257,C-scan (BVID with Holes),Damaged,BVID,3,0.5,0.027,50.8,0.953,0.994,0.666,85.33,8.14,0.138,2.125,25.54,804.47,Low
6258,C-scan (Pristine with Holes),Pristine,None,6,0.613,0.065,20.82,0.409,0.679,0.815,101.74,10.01,0.047,0.697,26.1,503.79,Low
6259,C-scan (BVID with Holes),Damaged,BVID,2,0.666,0.055,23.73,0.61,0.532,0.262,75.23,3.61,0.152,1.291,57.94,521.32,Medium
6260,C-scan (BVID with Holes),Damaged,BVID,2,0.648,0.063,47.26,0.803,0.45,0.425,111.37,11.07,0.154,1.849,53.71,838.51,Medium
6261,Thermograph,Mixed,Thermal Anomaly,4,0.687,0.03,47.04,0.44,0.841,0.517,37.12,6.36,0.116,3.339,30.9,668.63,Medium
6262,Thermograph,Mixed,Thermal Anomaly,2,0.568,0.021,27.01,0.103,0.39,0.553,87.2,4.59,0.037,1.253,46.76,485.71,High
6263,C-scan (BVID with Holes),Damaged,BVID,6,0.685,0.052,24.13,0.395,0.432,0.512,29.42,1.23,0.117,4.412,53.74,693.79,Medium
6264,C-scan (Pristine with Holes),Pristine,None,2,0.698,0.072,49.18,0.288,0.895,0.268,91.71,11.48,0.043,0.783,28.53,687.67,Low
6265,C-scan (BVID with Holes),Damaged,BVID,5,0.686,0.074,28.81,0.108,0.425,0.357,94.18,6.81,0.093,1.647,47.04,358.49,Medium
6266,C-scan (BVID with Holes),Damaged,BVID,5,0.511,0.029,34.68,0.989,0.664,0.743,106.82,11.15,0.165,1.407,57.39,456.21,Medium
6267,C-scan (BVID with Holes),Damaged,BVID,6,0.619,0.036,49.77,0.832,0.242,0.602,101.11,7.78,0.085,2.835,32.36,383.34,Medium
6268,Thermograph,Mixed,Thermal Anomaly,6,0.464,0.051,28.21,0.643,0.267,0.688,35.52,1.91,0.116,1.481,28.8,854.54,Low
6269,C-scan (BVID with Holes),Damaged,BVID,6,0.603,0.07,22.5,0.69,0.691,0.687,104.91,8.54,0.086,4.61,23.25,768.51,Low
6270,C-scan (Pristine with Holes),Pristine,None,2,0.575,0.074,14.18,0.178,0.941,0.426,109.13,13.98,0.031,0.803,56.53,879.03,High
6271,C-scan (BVID with Holes),Damaged,BVID,2,0.479,0.034,73.21,0.676,0.534,0.343,52.73,11.38,0.117,3.088,47.69,709.47,Medium
6272,C-scan (Pristine with Holes),Pristine,None,6,0.526,0.072,62.2,0.637,0.992,0.4,29.51,12.54,0.031,0.831,54.31,424.24,High
6273,Thermograph,Mixed,None,6,0.539,0.051,8.12,0.622,0.411,0.459,46.29,0.78,0.04,3.243,43.04,394.63,Medium
6274,C-scan (BVID with Holes),Damaged,BVID,6,0.632,0.054,57.11,0.874,0.547,0.582,43.89,11.68,0.085,4.712,27.45,655.2,Low
6275,Thermograph,Mixed,Thermal Anomaly,6,0.636,0.077,28.24,0.115,0.595,0.341,59.4,3.02,0.044,2.894,54.15,449.52,High
6276,C-scan (BVID with Holes),Damaged,BVID,4,0.543,0.077,48.63,0.169,0.55,0.662,118.42,11.31,0.099,3.544,51.77,690.79,Medium
6277,Thermograph,Mixed,None,6,0.578,0.02,14.25,0.48,0.183,0.576,76.78,12.5,0.113,1.592,21.24,693.47,Low
6278,Thermograph,Mixed,None,4,0.569,0.036,25.46,0.535,0.595,0.339,28.78,12.41,0.087,3.481,43.61,715.09,Medium
6279,C-scan (BVID with Holes),Damaged,BVID,3,0.501,0.026,15.08,0.342,0.228,0.646,112.96,13.12,0.165,2.927,47.96,859.12,Medium
6280,C-scan (Pristine with Holes),Pristine,None,2,0.452,0.069,48.19,0.911,0.739,0.779,75.25,10.69,0.036,0.307,46.28,857.48,High
6281,C-scan (Pristine with Holes),Pristine,None,5,0.575,0.03,72.39,0.747,0.938,0.446,93.3,10.06,0.034,0.96,39.95,461.37,Medium
6282,Thermograph,Mixed,Thermal Anomaly,4,0.546,0.07,88.68,0.611,0.434,0.628,93.79,10.61,0.1,1.139,36.51,731.46,Medium
6283,Thermograph,Mixed,Thermal Anomaly,6,0.686,0.032,60.33,0.294,0.525,0.66,53.83,3.53,0.09,2.219,59.76,599.29,Medium
6284,C-scan (BVID with Holes),Damaged,BVID,5,0.7,0.06,84.8,0.769,0.414,0.608,88.97,14.85,0.095,2.807,54.2,748.79,Medium
6285,C-scan (Pristine with Holes),Pristine,None,5,0.681,0.042,78.93,0.198,0.913,0.436,93.81,5.76,0.036,0.187,41.6,721.27,Medium
6286,C-scan (Pristine with Holes),Pristine,None,2,0.453,0.058,72.76,0.112,0.12,0.617,43.04,0.95,0.034,0.261,44.13,468.16,Medium
6287,C-scan (BVID with Holes),Damaged,BVID,2,0.639,0.011,61.32,0.623,0.487,0.448,81.71,8.06,0.172,1.882,46.74,430.05,Medium
6288,Thermograph,Mixed,None,2,0.572,0.016,86.0,0.477,0.405,0.685,50.63,9.56,0.046,2.596,21.27,548.48,Low
6289,Thermograph,Mixed,None,5,0.698,0.073,87.21,0.302,0.907,0.879,85.78,8.01,0.047,0.856,20.27,389.09,Low
6290,C-scan (BVID with Holes),Damaged,BVID,3,0.61,0.079,74.76,0.266,0.33,0.379,74.54,5.55,0.17,2.319,53.99,527.3,Medium
6291,Thermograph,Mixed,Thermal Anomaly,3,0.586,0.072,45.03,0.379,0.292,0.624,108.34,8.47,0.048,1.11,29.73,799.51,Low
6292,C-scan (Pristine with Holes),Pristine,None,3,0.559,0.03,32.76,0.272,0.676,0.838,107.88,12.19,0.034,0.153,37.36,714.48,Medium
6293,C-scan (BVID with Holes),Damaged,BVID,3,0.462,0.069,33.74,0.905,0.58,0.612,37.58,2.02,0.16,4.739,38.9,891.39,Medium
6294,C-scan (BVID with Holes),Damaged,BVID,6,0.666,0.012,16.56,0.651,0.127,0.349,68.67,12.81,0.191,2.164,54.09,367.92,Medium
6295,C-scan (BVID with Holes),Damaged,BVID,6,0.694,0.057,1.65,0.899,0.921,0.784,67.71,6.34,0.097,4.241,50.75,794.52,Medium
6296,C-scan (BVID with Holes),Damaged,BVID,2,0.546,0.047,5.16,0.832,0.586,0.562,118.84,4.54,0.146,1.698,49.82,763.84,Medium
6297,C-scan (Pristine with Holes),Pristine,None,5,0.511,0.019,88.45,0.907,0.321,0.884,105.98,11.26,0.015,0.747,47.04,589.38,High
6298,C-scan (Pristine with Holes),Pristine,None,3,0.457,0.067,41.57,0.621,0.419,0.22,85.63,3.9,0.042,0.588,20.93,485.7,Low
6299,Thermograph,Mixed,Thermal Anomaly,2,0.466,0.056,9.88,0.413,0.578,0.221,100.77,9.49,0.106,0.987,34.82,850.27,Medium
6300,C-scan (Pristine with Holes),Pristine,None,3,0.692,0.069,32.62,0.624,0.232,0.319,78.31,12.28,0.027,0.213,31.52,759.17,Medium
6301,C-scan (Pristine with Holes),Pristine,None,2,0.639,0.074,48.71,0.228,0.924,0.645,94.34,5.54,0.047,0.788,46.07,759.13,High
6302,C-scan (BVID with Holes),Damaged,BVID,2,0.648,0.032,21.78,0.653,0.378,0.608,75.23,13.54,0.137,4.706,34.22,483.44,Medium
6303,C-scan (Pristine with Holes),Pristine,None,2,0.597,0.032,73.41,0.236,0.858,0.75,92.19,9.99,0.044,0.539,45.89,494.32,High
6304,Thermograph,Mixed,None,2,0.458,0.013,51.76,0.961,0.123,0.721,93.63,10.47,0.145,1.557,24.5,532.19,Low
6305,C-scan (BVID with Holes),Damaged,BVID,4,0.559,0.012,84.19,0.209,0.697,0.711,33.53,2.39,0.089,4.124,21.0,385.1,Low
6306,C-scan (BVID with Holes),Damaged,BVID,5,0.491,0.034,74.68,0.929,0.122,0.294,82.47,2.51,0.186,4.373,46.41,621.43,Medium
6307,C-scan (Pristine with Holes),Pristine,None,4,0.691,0.068,80.3,0.32,0.852,0.343,28.09,9.34,0.016,0.338,33.62,406.51,Medium
6308,C-scan (BVID with Holes),Damaged,BVID,5,0.695,0.057,14.2,0.193,0.584,0.352,108.58,14.08,0.151,1.076,40.43,883.8,Medium
6309,Thermograph,Mixed,None,3,0.62,0.016,86.1,0.429,0.417,0.865,77.69,7.79,0.046,1.665,52.34,627.98,High
6310,Thermograph,Mixed,None,5,0.643,0.015,57.52,0.767,0.857,0.224,95.04,6.1,0.143,3.327,57.92,731.04,Medium
6311,C-scan (Pristine with Holes),Pristine,None,4,0.487,0.06,22.66,0.998,0.916,0.69,75.04,13.47,0.038,0.917,45.56,647.73,High
6312,Thermograph,Mixed,None,6,0.688,0.054,80.18,0.301,0.318,0.268,26.59,13.8,0.062,1.584,34.63,786.72,Medium
6313,C-scan (BVID with Holes),Damaged,BVID,2,0.642,0.064,30.53,0.912,0.407,0.227,102.84,3.02,0.107,1.337,50.77,871.36,Medium
6314,C-scan (BVID with Holes),Damaged,BVID,6,0.534,0.018,64.71,0.7,0.86,0.299,60.55,12.74,0.116,2.849,45.37,390.71,Medium
6315,C-scan (BVID with Holes),Damaged,BVID,4,0.628,0.053,85.16,0.954,0.36,0.728,75.82,11.94,0.095,1.96,54.14,642.55,Medium
6316,C-scan (BVID with Holes),Damaged,BVID,6,0.452,0.073,35.11,0.845,0.635,0.452,114.76,11.36,0.126,4.45,48.89,602.29,Medium
6317,C-scan (BVID with Holes),Damaged,BVID,4,0.484,0.046,22.3,0.187,0.581,0.863,69.01,7.99,0.182,1.711,40.03,465.41,Medium
6318,C-scan (BVID with Holes),Damaged,BVID,3,0.673,0.021,83.49,0.743,0.939,0.418,71.35,7.62,0.151,1.299,57.96,698.87,Medium
6319,C-scan (Pristine with Holes),Pristine,None,4,0.493,0.023,65.34,0.751,0.244,0.475,84.13,0.83,0.028,0.642,44.21,838.69,Medium
6320,Thermograph,Mixed,Thermal Anomaly,3,0.692,0.013,79.31,0.755,0.453,0.785,107.72,14.85,0.115,0.967,38.48,891.03,Medium
6321,Thermograph,Mixed,Thermal Anomaly,5,0.583,0.033,76.33,0.544,0.646,0.499,55.48,5.53,0.051,0.805,36.59,359.11,Medium
6322,Thermograph,Mixed,None,3,0.557,0.029,25.02,0.76,0.544,0.608,55.01,6.38,0.086,2.43,48.35,564.82,Medium
6323,C-scan (Pristine with Holes),Pristine,None,4,0.666,0.026,55.55,0.567,0.765,0.435,40.44,14.79,0.014,0.233,48.59,550.54,High
6324,C-scan (BVID with Holes),Damaged,BVID,4,0.543,0.071,60.12,0.418,0.977,0.859,61.72,7.07,0.129,1.949,47.7,786.19,Medium
6325,C-scan (BVID with Holes),Damaged,BVID,2,0.542,0.045,68.7,0.709,0.1,0.491,26.37,3.79,0.186,2.692,49.33,646.87,Medium
6326,Thermograph,Mixed,Thermal Anomaly,5,0.576,0.011,41.4,0.36,0.164,0.431,27.9,0.9,0.139,1.869,22.43,447.87,Low
6327,C-scan (Pristine with Holes),Pristine,None,2,0.663,0.038,43.71,0.157,0.203,0.817,103.9,13.41,0.038,0.144,43.08,723.62,Medium
6328,Thermograph,Mixed,None,6,0.464,0.023,69.37,0.224,0.938,0.372,61.58,5.53,0.032,0.928,47.99,560.38,High
6329,C-scan (BVID with Holes),Damaged,BVID,2,0.564,0.068,11.11,0.46,0.93,0.814,32.86,7.82,0.146,3.101,42.04,661.95,Medium
6330,C-scan (Pristine with Holes),Pristine,None,2,0.597,0.044,27.18,0.34,0.943,0.782,55.16,6.85,0.036,0.209,59.22,364.71,High
6331,C-scan (Pristine with Holes),Pristine,None,2,0.466,0.01,4.34,0.981,0.659,0.859,77.49,12.58,0.016,0.275,22.09,548.29,Low
6332,C-scan (BVID with Holes),Damaged,BVID,6,0.66,0.068,20.01,0.119,0.528,0.606,66.09,7.98,0.09,2.967,41.35,704.81,Medium
6333,Thermograph,Mixed,Thermal Anomaly,4,0.451,0.077,74.2,0.277,0.767,0.326,94.27,2.97,0.056,3.022,54.25,545.16,High
6334,Thermograph,Mixed,Thermal Anomaly,4,0.564,0.056,83.37,0.782,0.4,0.618,42.97,1.89,0.14,0.753,42.82,476.93,Medium
6335,C-scan (Pristine with Holes),Pristine,None,6,0.462,0.02,87.57,0.936,0.468,0.888,78.27,4.87,0.041,0.36,29.5,667.97,Low
6336,C-scan (Pristine with Holes),Pristine,None,4,0.607,0.045,68.59,0.537,0.336,0.398,97.0,13.47,0.043,0.157,21.95,687.59,Low
6337,Thermograph,Mixed,Thermal Anomaly,6,0.615,0.066,53.25,0.976,0.36,0.797,49.5,6.34,0.146,1.33,45.4,878.04,Medium
6338,C-scan (Pristine with Holes),Pristine,None,4,0.541,0.072,70.52,0.654,0.913,0.573,117.66,14.64,0.021,0.653,49.22,656.51,High
6339,C-scan (Pristine with Holes),Pristine,None,5,0.457,0.06,51.6,0.18,0.469,0.721,108.9,10.76,0.04,0.318,58.75,435.94,High
6340,C-scan (BVID with Holes),Damaged,BVID,6,0.557,0.047,10.04,0.621,0.196,0.337,33.96,3.08,0.1,4.496,56.73,806.97,Medium
6341,C-scan (Pristine with Holes),Pristine,None,3,0.61,0.036,40.15,0.511,0.484,0.536,94.37,9.29,0.015,0.228,56.64,838.86,High
6342,C-scan (Pristine with Holes),Pristine,None,5,0.591,0.042,22.07,0.714,0.233,0.325,114.2,6.62,0.027,0.522,51.16,373.55,High
6343,C-scan (Pristine with Holes),Pristine,None,6,0.616,0.049,5.58,0.311,0.512,0.331,86.08,2.13,0.014,0.634,22.01,459.65,Low
6344,C-scan (Pristine with Holes),Pristine,None,6,0.688,0.039,55.63,0.3,0.421,0.472,75.86,1.57,0.015,0.49,54.37,734.84,High
6345,C-scan (Pristine with Holes),Pristine,None,6,0.46,0.015,78.17,0.255,0.886,0.463,81.53,2.45,0.05,0.123,29.8,386.47,Low
6346,C-scan (Pristine with Holes),Pristine,None,4,0.564,0.077,48.22,0.534,0.589,0.369,37.21,2.29,0.018,0.138,24.03,417.33,Low
6347,Thermograph,Mixed,Thermal Anomaly,5,0.483,0.052,85.38,0.471,0.767,0.651,38.36,13.11,0.044,0.52,33.68,665.56,Medium
6348,Thermograph,Mixed,Thermal Anomaly,3,0.456,0.029,79.42,0.512,0.546,0.252,68.38,4.42,0.127,0.557,37.43,493.96,Medium
6349,C-scan (BVID with Holes),Damaged,BVID,6,0.463,0.07,56.74,0.962,0.31,0.33,84.13,13.24,0.127,4.47,36.46,789.96,Medium
6350,Thermograph,Mixed,None,2,0.69,0.07,71.1,0.923,0.156,0.451,39.77,11.47,0.107,0.593,56.87,361.83,Medium
6351,C-scan (BVID with Holes),Damaged,BVID,5,0.691,0.06,2.99,0.144,0.157,0.584,48.92,5.54,0.088,3.657,38.22,728.41,Medium
6352,Thermograph,Mixed,Thermal Anomaly,5,0.602,0.04,88.16,0.238,0.219,0.578,37.94,8.32,0.071,2.998,25.26,764.8,Low
6353,C-scan (Pristine with Holes),Pristine,None,2,0.55,0.047,70.63,0.708,0.852,0.446,112.01,10.19,0.035,0.677,28.22,663.7,Low
6354,Thermograph,Mixed,None,4,0.518,0.037,30.12,0.451,0.596,0.331,30.39,3.38,0.127,1.429,51.99,501.75,Medium
6355,C-scan (Pristine with Holes),Pristine,None,6,0.544,0.077,76.21,0.192,0.572,0.24,89.89,11.77,0.017,0.71,40.38,773.8,Medium
6356,C-scan (Pristine with Holes),Pristine,None,6,0.614,0.075,36.64,0.141,0.417,0.543,26.18,6.34,0.034,0.98,47.66,818.42,High
6357,C-scan (Pristine with Holes),Pristine,None,6,0.621,0.032,11.56,0.754,0.502,0.402,87.31,6.13,0.015,0.767,55.72,434.61,High
6358,C-scan (BVID with Holes),Damaged,BVID,5,0.553,0.067,79.77,0.113,0.747,0.706,50.68,13.74,0.088,4.63,23.23,350.88,Low
6359,C-scan (BVID with Holes),Damaged,BVID,4,0.6,0.022,9.75,0.331,0.955,0.426,32.83,8.96,0.183,4.869,42.05,421.64,Medium
6360,C-scan (Pristine with Holes),Pristine,None,4,0.629,0.04,21.04,0.793,0.348,0.62,97.48,13.91,0.049,0.289,23.61,385.09,Low
6361,C-scan (BVID with Holes),Damaged,BVID,5,0.614,0.033,37.81,0.982,0.522,0.211,87.34,8.83,0.099,4.934,21.42,897.31,Low
6362,Thermograph,Mixed,None,2,0.486,0.022,34.64,0.361,0.2,0.289,117.81,1.49,0.084,2.177,32.57,797.07,Medium
6363,Thermograph,Mixed,None,6,0.539,0.079,39.53,0.177,0.462,0.585,101.22,4.28,0.097,0.649,58.88,867.08,Medium
6364,C-scan (BVID with Holes),Damaged,BVID,6,0.514,0.017,87.16,0.523,0.67,0.262,95.87,1.29,0.128,4.35,20.7,768.12,Low
6365,C-scan (BVID with Holes),Damaged,BVID,6,0.579,0.069,9.1,0.983,0.477,0.841,102.44,14.96,0.175,1.909,43.47,765.15,Medium
6366,Thermograph,Mixed,None,3,0.535,0.068,80.8,0.262,0.94,0.456,25.76,9.55,0.122,2.409,58.62,670.12,Medium
6367,C-scan (BVID with Holes),Damaged,BVID,5,0.464,0.023,36.31,0.669,0.24,0.732,79.98,0.59,0.13,4.841,31.27,734.67,Medium
6368,Thermograph,Mixed,Thermal Anomaly,6,0.522,0.073,85.09,0.922,0.309,0.43,70.89,6.46,0.114,1.226,47.25,356.16,Medium
6369,C-scan (BVID with Holes),Damaged,BVID,4,0.474,0.046,71.61,0.256,0.999,0.512,33.8,8.2,0.117,1.071,58.37,682.49,Medium
6370,Thermograph,Mixed,Thermal Anomaly,5,0.457,0.033,28.44,0.71,0.783,0.331,115.41,1.68,0.107,0.922,54.81,839.1,Medium
6371,C-scan (BVID with Holes),Damaged,BVID,6,0.464,0.018,39.52,0.789,0.519,0.869,41.8,8.26,0.128,1.28,47.74,831.28,Medium
6372,C-scan (Pristine with Holes),Pristine,None,6,0.677,0.046,60.75,0.598,0.843,0.743,74.35,14.87,0.027,0.129,22.19,481.74,Low
6373,Thermograph,Mixed,None,2,0.601,0.039,18.31,0.926,0.999,0.691,30.91,0.74,0.121,1.957,38.86,831.69,Medium
6374,Thermograph,Mixed,None,5,0.591,0.08,7.79,0.172,0.58,0.829,89.88,5.87,0.061,2.917,59.01,652.26,High
6375,C-scan (BVID with Holes),Damaged,BVID,4,0.614,0.023,77.52,0.616,0.639,0.604,113.32,6.16,0.114,3.248,20.15,804.26,Low
6376,Thermograph,Mixed,Thermal Anomaly,6,0.568,0.034,10.94,0.911,0.597,0.525,65.67,8.37,0.071,0.691,39.92,502.56,Medium
6377,C-scan (BVID with Holes),Damaged,BVID,5,0.636,0.042,44.52,0.231,0.865,0.398,29.47,12.35,0.105,3.428,43.45,771.6,Medium
6378,Thermograph,Mixed,None,3,0.506,0.025,48.91,0.497,0.487,0.303,48.06,12.51,0.106,2.909,30.36,688.6,Medium
6379,Thermograph,Mixed,None,6,0.629,0.043,1.53,0.131,0.529,0.551,89.44,13.28,0.054,3.028,27.93,630.31,Low
6380,Thermograph,Mixed,Thermal Anomaly,4,0.633,0.047,76.71,0.477,0.756,0.594,116.31,12.99,0.055,1.346,37.31,584.16,Medium
6381,Thermograph,Mixed,Thermal Anomaly,5,0.473,0.052,74.42,0.559,0.734,0.424,30.92,10.95,0.141,2.184,23.95,794.32,Low
6382,C-scan (Pristine with Holes),Pristine,None,6,0.475,0.067,55.08,0.215,0.734,0.373,69.29,12.1,0.023,0.449,43.88,737.57,Medium
6383,Thermograph,Mixed,None,6,0.581,0.064,44.71,0.907,0.885,0.268,89.51,9.8,0.074,3.212,58.55,762.25,High
6384,Thermograph,Mixed,Thermal Anomaly,3,0.57,0.034,53.78,0.886,0.672,0.513,52.83,8.73,0.105,1.289,51.59,543.17,Medium
6385,Thermograph,Mixed,None,2,0.66,0.035,22.45,0.453,0.992,0.525,100.12,6.68,0.106,0.79,44.83,455.25,Medium
6386,C-scan (BVID with Holes),Damaged,BVID,3,0.469,0.061,54.52,0.137,0.873,0.488,74.37,12.9,0.126,3.266,54.2,407.11,Medium
6387,Thermograph,Mixed,None,4,0.666,0.044,45.3,0.403,0.541,0.605,105.4,2.27,0.137,2.978,41.03,817.69,Medium
6388,Thermograph,Mixed,None,3,0.526,0.075,22.0,0.992,0.715,0.299,74.77,5.86,0.09,3.356,23.05,685.46,Low
6389,Thermograph,Mixed,Thermal Anomaly,3,0.652,0.044,43.67,0.621,0.898,0.829,45.68,13.0,0.062,1.768,43.49,622.32,Medium
6390,C-scan (Pristine with Holes),Pristine,None,4,0.654,0.07,76.51,0.687,0.898,0.247,69.12,3.9,0.033,0.971,34.67,403.23,Medium
6391,C-scan (BVID with Holes),Damaged,BVID,2,0.488,0.078,69.09,0.263,0.232,0.614,97.81,2.73,0.11,4.164,21.24,613.65,Low
6392,C-scan (BVID with Holes),Damaged,BVID,4,0.542,0.076,61.56,0.351,0.712,0.818,75.91,1.64,0.197,3.7,35.03,830.65,Medium
6393,C-scan (BVID with Holes),Damaged,BVID,4,0.466,0.016,55.49,0.212,0.912,0.242,55.05,0.85,0.082,2.594,52.88,676.7,Medium
6394,C-scan (Pristine with Holes),Pristine,None,5,0.683,0.016,17.04,0.842,0.78,0.81,87.67,9.83,0.032,0.593,23.44,651.87,Low
6395,Thermograph,Mixed,Thermal Anomaly,5,0.612,0.049,2.97,0.692,0.547,0.241,106.01,14.51,0.094,1.654,30.76,841.89,Medium
6396,C-scan (BVID with Holes),Damaged,BVID,4,0.531,0.061,38.94,0.138,0.278,0.416,59.63,1.9,0.138,3.274,48.44,839.04,Medium
6397,C-scan (Pristine with Holes),Pristine,None,6,0.679,0.068,46.67,0.335,0.962,0.266,78.29,8.1,0.016,0.594,22.13,540.3,Low
6398,C-scan (Pristine with Holes),Pristine,None,6,0.509,0.078,9.89,0.158,0.201,0.219,98.53,7.41,0.026,0.33,49.01,796.23,High
6399,C-scan (Pristine with Holes),Pristine,None,4,0.493,0.016,1.71,0.144,0.164,0.281,28.75,4.46,0.021,0.287,32.64,595.14,Medium
6400,C-scan (BVID with Holes),Damaged,BVID,5,0.477,0.064,50.91,0.331,0.823,0.711,67.36,3.23,0.102,2.699,47.27,583.45,Medium
6401,C-scan (Pristine with Holes),Pristine,None,5,0.452,0.042,2.42,0.154,0.162,0.404,51.4,5.35,0.033,0.971,53.62,423.32,High
6402,C-scan (BVID with Holes),Damaged,BVID,5,0.495,0.074,80.21,0.516,0.997,0.297,119.03,7.49,0.099,2.823,59.55,724.09,Medium
6403,C-scan (BVID with Holes),Damaged,BVID,3,0.578,0.029,21.58,0.362,0.835,0.779,69.67,11.58,0.105,2.814,29.51,575.97,Low
6404,C-scan (BVID with Holes),Damaged,BVID,4,0.636,0.04,69.51,0.867,0.755,0.348,47.34,11.41,0.114,1.584,54.83,490.63,Medium
6405,C-scan (BVID with Holes),Damaged,BVID,6,0.508,0.067,77.59,0.668,0.828,0.77,94.08,14.14,0.156,4.445,48.84,689.16,Medium
6406,C-scan (BVID with Holes),Damaged,BVID,5,0.551,0.011,7.31,0.504,0.216,0.282,88.23,4.69,0.113,2.643,22.93,742.78,Low
6407,Thermograph,Mixed,None,6,0.595,0.06,54.52,0.544,0.397,0.268,35.35,9.4,0.03,0.556,50.15,678.45,High
6408,Thermograph,Mixed,None,6,0.586,0.023,16.02,0.213,0.59,0.219,61.82,2.33,0.034,0.906,30.04,554.01,Medium
6409,C-scan (Pristine with Holes),Pristine,None,4,0.619,0.017,4.0,0.266,0.821,0.865,41.38,7.67,0.01,0.483,20.52,628.57,Low
6410,Thermograph,Mixed,Thermal Anomaly,3,0.574,0.027,38.65,0.789,0.17,0.749,60.73,10.79,0.034,2.08,52.46,760.79,High
6411,C-scan (Pristine with Holes),Pristine,None,6,0.699,0.041,66.73,0.15,0.296,0.647,102.81,7.23,0.014,0.137,43.59,826.11,Medium
6412,C-scan (Pristine with Holes),Pristine,None,6,0.638,0.053,68.18,0.614,0.788,0.394,56.81,5.97,0.017,0.812,22.81,697.85,Low
6413,C-scan (BVID with Holes),Damaged,BVID,4,0.695,0.031,66.62,0.738,0.327,0.538,44.76,8.24,0.192,4.118,20.9,591.9,Low
6414,C-scan (BVID with Holes),Damaged,BVID,3,0.625,0.012,5.48,0.55,0.51,0.34,32.93,6.98,0.183,2.686,52.75,433.5,Medium
6415,C-scan (Pristine with Holes),Pristine,None,6,0.618,0.055,89.96,0.629,0.957,0.296,38.31,4.82,0.017,0.622,49.48,385.13,High
6416,Thermograph,Mixed,None,4,0.574,0.068,38.78,0.233,0.296,0.64,43.3,4.64,0.073,1.829,34.0,433.34,Medium
6417,C-scan (BVID with Holes),Damaged,BVID,5,0.653,0.079,39.54,0.915,0.316,0.784,62.0,6.7,0.108,2.18,55.65,769.66,Medium
6418,Thermograph,Mixed,Thermal Anomaly,3,0.528,0.052,72.62,0.588,0.148,0.854,27.25,2.37,0.069,0.785,59.53,879.1,High
6419,C-scan (Pristine with Holes),Pristine,None,6,0.469,0.062,3.26,0.702,0.479,0.309,46.37,6.92,0.022,0.355,52.38,632.21,High
6420,C-scan (Pristine with Holes),Pristine,None,3,0.571,0.023,71.46,0.671,0.783,0.7,35.69,12.43,0.036,0.614,32.76,410.16,Medium
6421,C-scan (Pristine with Holes),Pristine,None,2,0.464,0.054,0.9,0.778,0.703,0.692,84.86,8.23,0.033,0.742,51.28,742.53,High
6422,Thermograph,Mixed,Thermal Anomaly,2,0.665,0.072,20.98,0.715,0.888,0.6,111.54,1.99,0.125,1.105,31.46,850.56,Medium
6423,Thermograph,Mixed,Thermal Anomaly,3,0.633,0.054,14.79,0.678,0.517,0.22,71.82,8.54,0.134,1.252,35.38,436.41,Medium
6424,C-scan (Pristine with Holes),Pristine,None,5,0.606,0.058,19.0,0.653,0.256,0.863,62.11,13.97,0.028,0.264,59.38,651.31,High
6425,C-scan (Pristine with Holes),Pristine,None,5,0.456,0.078,45.3,0.254,0.393,0.45,43.92,8.91,0.013,0.488,49.86,634.87,High
6426,C-scan (Pristine with Holes),Pristine,None,2,0.453,0.015,56.94,0.307,0.697,0.208,96.99,12.02,0.038,0.453,53.91,515.95,High
6427,C-scan (Pristine with Holes),Pristine,None,2,0.671,0.047,17.06,0.995,0.987,0.424,52.0,0.61,0.05,0.25,49.41,350.25,High
6428,C-scan (BVID with Holes),Damaged,BVID,5,0.547,0.059,79.26,0.246,0.996,0.307,36.42,1.26,0.182,2.544,23.92,544.15,Low
6429,C-scan (Pristine with Holes),Pristine,None,4,0.563,0.041,30.84,0.178,0.858,0.479,42.5,8.51,0.015,0.277,48.34,838.93,High
6430,C-scan (BVID with Holes),Damaged,BVID,2,0.579,0.02,78.84,0.508,0.444,0.774,30.55,14.63,0.173,2.977,37.8,498.42,Medium
6431,C-scan (BVID with Holes),Damaged,BVID,2,0.48,0.04,34.7,0.74,0.864,0.712,78.9,11.57,0.097,3.103,47.95,610.35,Medium
6432,C-scan (BVID with Holes),Damaged,BVID,4,0.687,0.047,23.78,0.745,0.505,0.474,85.16,5.24,0.126,2.047,33.42,741.26,Medium
6433,C-scan (Pristine with Holes),Pristine,None,6,0.496,0.032,60.36,0.556,0.553,0.463,91.95,11.43,0.016,0.765,24.52,734.14,Low
6434,C-scan (BVID with Holes),Damaged,BVID,3,0.53,0.045,49.82,0.636,0.839,0.548,79.75,14.6,0.11,1.151,55.2,724.26,Medium
6435,C-scan (Pristine with Holes),Pristine,None,2,0.493,0.072,63.91,0.549,0.488,0.705,94.78,12.87,0.036,0.926,55.25,373.0,High
6436,C-scan (Pristine with Holes),Pristine,None,4,0.655,0.036,59.56,0.219,0.658,0.569,86.91,8.57,0.049,0.918,47.99,611.68,High
6437,Thermograph,Mixed,Thermal Anomaly,3,0.665,0.029,82.19,0.73,0.421,0.731,119.75,3.85,0.115,2.515,47.92,834.22,Medium
6438,C-scan (Pristine with Holes),Pristine,None,5,0.633,0.055,87.94,0.331,0.682,0.856,96.92,13.18,0.034,0.914,33.16,687.61,Medium
6439,Thermograph,Mixed,None,6,0.46,0.017,14.77,0.212,0.286,0.471,112.43,6.34,0.149,3.22,46.81,402.48,Medium
6440,C-scan (BVID with Holes),Damaged,BVID,3,0.629,0.042,8.33,0.588,0.74,0.852,52.66,7.95,0.142,4.557,40.88,708.34,Medium
6441,Thermograph,Mixed,None,4,0.655,0.067,20.39,0.553,0.108,0.456,92.94,4.43,0.097,2.063,43.57,553.39,Medium
6442,C-scan (Pristine with Holes),Pristine,None,6,0.522,0.045,13.66,0.951,0.636,0.723,81.82,3.18,0.03,0.575,24.39,690.61,Low
6443,Thermograph,Mixed,None,4,0.628,0.027,50.52,0.595,0.48,0.889,42.72,13.61,0.092,1.371,28.67,754.9,Low
6444,Thermograph,Mixed,Thermal Anomaly,6,0.665,0.052,85.51,0.915,0.893,0.64,119.59,1.72,0.121,1.974,33.91,835.49,Medium
6445,C-scan (Pristine with Holes),Pristine,None,2,0.482,0.028,48.91,0.531,0.473,0.378,114.01,14.92,0.017,0.108,27.82,784.9,Low
6446,C-scan (BVID with Holes),Damaged,BVID,2,0.562,0.057,76.25,0.245,0.614,0.287,59.42,11.13,0.103,4.724,34.54,496.91,Medium
6447,C-scan (BVID with Holes),Damaged,BVID,6,0.634,0.019,43.3,0.767,0.127,0.803,79.12,9.36,0.083,1.42,37.47,778.35,Medium
6448,Thermograph,Mixed,None,5,0.623,0.053,31.21,0.63,0.695,0.834,90.65,8.56,0.135,1.189,23.52,534.85,Low
6449,C-scan (BVID with Holes),Damaged,BVID,5,0.487,0.079,1.63,0.547,0.104,0.277,60.58,13.06,0.136,2.982,33.06,431.6,Medium
6450,C-scan (BVID with Holes),Damaged,BVID,5,0.677,0.061,12.49,0.434,0.257,0.694,119.22,0.87,0.114,1.603,29.0,850.88,Low
6451,Thermograph,Mixed,None,3,0.541,0.057,44.17,0.913,0.961,0.232,100.9,14.86,0.059,2.777,55.73,865.43,High
6452,C-scan (BVID with Holes),Damaged,BVID,6,0.524,0.033,46.23,0.53,0.881,0.771,99.38,10.71,0.187,4.007,31.9,544.38,Medium
6453,Thermograph,Mixed,None,4,0.522,0.069,34.33,0.408,0.134,0.63,86.75,3.14,0.089,1.951,28.96,832.41,Low
6454,C-scan (Pristine with Holes),Pristine,None,3,0.693,0.022,0.28,0.158,0.166,0.489,32.4,9.9,0.024,0.802,52.11,757.98,High
6455,Thermograph,Mixed,None,5,0.591,0.069,33.84,0.918,0.364,0.509,86.26,5.96,0.07,1.928,20.36,891.19,Low
6456,Thermograph,Mixed,None,2,0.592,0.03,16.47,0.441,0.663,0.25,39.33,7.29,0.05,2.62,29.42,434.56,Low
6457,C-scan (Pristine with Holes),Pristine,None,5,0.55,0.027,41.98,0.12,0.587,0.476,29.27,5.58,0.03,0.48,50.64,446.5,High
6458,Thermograph,Mixed,Thermal Anomaly,2,0.658,0.07,36.56,0.636,0.972,0.668,25.04,14.76,0.115,1.259,36.18,728.3,Medium
6459,Thermograph,Mixed,Thermal Anomaly,2,0.478,0.056,64.12,0.482,0.592,0.677,57.86,10.92,0.032,1.15,43.8,705.68,Medium
6460,Thermograph,Mixed,None,2,0.451,0.077,17.52,0.727,0.825,0.838,29.55,14.04,0.034,1.475,58.99,539.13,High
6461,Thermograph,Mixed,None,2,0.454,0.029,48.84,0.123,0.488,0.755,60.07,11.39,0.126,1.777,39.79,880.57,Medium
6462,C-scan (Pristine with Holes),Pristine,None,2,0.63,0.04,82.69,0.184,0.652,0.237,34.84,11.61,0.035,0.908,34.98,872.31,Medium
6463,C-scan (BVID with Holes),Damaged,BVID,2,0.535,0.067,54.99,0.939,0.766,0.717,96.82,14.81,0.121,3.412,28.2,695.42,Low
6464,C-scan (Pristine with Holes),Pristine,None,3,0.666,0.055,9.36,0.956,0.797,0.856,54.93,14.64,0.05,0.266,48.09,801.59,High
6465,C-scan (Pristine with Holes),Pristine,None,6,0.697,0.021,35.69,0.596,0.947,0.746,54.58,11.45,0.034,0.249,41.45,664.46,Medium
6466,Thermograph,Mixed,None,4,0.669,0.02,62.87,0.9,0.498,0.747,39.16,7.81,0.044,2.98,23.91,868.0,Low
6467,Thermograph,Mixed,None,3,0.511,0.068,13.06,0.499,0.109,0.503,69.9,5.67,0.043,0.918,49.51,758.59,High
6468,C-scan (BVID with Holes),Damaged,BVID,5,0.682,0.031,69.27,0.379,0.213,0.221,36.49,3.32,0.146,4.556,37.24,731.52,Medium
6469,Thermograph,Mixed,Thermal Anomaly,5,0.664,0.068,58.73,0.934,0.269,0.583,108.46,9.14,0.091,2.47,53.53,394.48,Medium
6470,Thermograph,Mixed,None,6,0.549,0.068,54.94,0.726,0.776,0.701,51.71,0.63,0.148,1.906,58.25,770.85,Medium
6471,C-scan (Pristine with Holes),Pristine,None,3,0.68,0.048,10.52,0.113,0.335,0.612,90.23,6.76,0.011,0.155,36.24,507.01,Medium
6472,C-scan (BVID with Holes),Damaged,BVID,2,0.549,0.041,51.61,0.758,0.239,0.463,63.63,4.2,0.135,4.365,39.2,580.56,Medium
6473,C-scan (BVID with Holes),Damaged,BVID,4,0.652,0.06,16.47,0.593,0.2,0.681,105.38,4.13,0.088,4.083,42.88,679.05,Medium
6474,C-scan (Pristine with Holes),Pristine,None,6,0.469,0.078,49.07,0.818,0.947,0.536,86.8,8.32,0.03,0.871,54.2,671.61,High
6475,C-scan (BVID with Holes),Damaged,BVID,3,0.482,0.061,2.06,0.42,0.844,0.506,32.22,11.62,0.101,1.508,53.19,655.01,Medium
6476,C-scan (Pristine with Holes),Pristine,None,4,0.471,0.026,56.51,0.411,0.18,0.546,98.37,11.73,0.026,0.43,31.39,844.9,Medium
6477,C-scan (BVID with Holes),Damaged,BVID,3,0.611,0.033,66.94,0.661,0.749,0.222,82.44,14.18,0.132,1.304,24.91,555.91,Low
6478,C-scan (Pristine with Holes),Pristine,None,6,0.499,0.042,57.16,0.236,0.609,0.359,86.58,2.73,0.022,0.899,59.35,601.14,High
6479,C-scan (Pristine with Holes),Pristine,None,5,0.501,0.019,45.68,0.941,0.457,0.466,42.63,10.15,0.031,0.294,41.81,476.01,Medium
6480,C-scan (Pristine with Holes),Pristine,None,5,0.649,0.058,31.14,0.523,0.39,0.692,47.18,14.83,0.031,0.255,41.88,544.65,Medium
6481,C-scan (BVID with Holes),Damaged,BVID,5,0.594,0.078,20.19,0.937,0.773,0.342,45.41,5.51,0.148,1.132,34.08,833.11,Medium
6482,C-scan (BVID with Holes),Damaged,BVID,4,0.508,0.05,23.69,0.516,0.229,0.52,42.45,0.82,0.138,2.422,21.91,514.16,Low
6483,C-scan (Pristine with Holes),Pristine,None,2,0.573,0.026,27.7,0.853,0.893,0.426,51.54,8.51,0.029,0.933,51.76,493.54,High
6484,C-scan (Pristine with Holes),Pristine,None,6,0.476,0.055,58.25,0.983,0.329,0.33,55.4,9.18,0.018,0.64,42.11,517.53,Medium
6485,Thermograph,Mixed,Thermal Anomaly,6,0.689,0.055,34.5,0.588,0.938,0.552,78.39,5.55,0.125,0.564,37.86,357.76,Medium
6486,C-scan (Pristine with Holes),Pristine,None,6,0.621,0.066,10.87,0.645,0.529,0.839,45.29,3.43,0.022,0.72,38.54,548.77,Medium
6487,Thermograph,Mixed,None,6,0.686,0.054,47.62,0.628,0.693,0.602,84.69,2.18,0.113,1.959,32.25,451.78,Medium
6488,C-scan (Pristine with Holes),Pristine,None,4,0.659,0.018,43.8,0.288,0.464,0.257,117.54,4.11,0.036,0.651,25.08,419.38,Low
6489,Thermograph,Mixed,Thermal Anomaly,5,0.489,0.056,85.1,0.757,0.526,0.795,25.83,6.05,0.142,0.679,41.9,631.46,Medium
6490,C-scan (Pristine with Holes),Pristine,None,5,0.56,0.015,54.42,0.639,0.707,0.483,115.46,4.05,0.012,0.867,53.16,694.79,High
6491,Thermograph,Mixed,Thermal Anomaly,3,0.478,0.013,1.72,0.928,0.964,0.77,88.66,7.6,0.037,0.602,50.14,645.14,High
6492,C-scan (Pristine with Holes),Pristine,None,6,0.656,0.068,63.21,0.8,0.214,0.229,90.64,8.19,0.014,0.333,26.54,887.42,Low
6493,C-scan (Pristine with Holes),Pristine,None,2,0.622,0.014,67.72,0.632,0.306,0.492,30.66,1.72,0.039,0.618,46.86,607.12,High
6494,C-scan (BVID with Holes),Damaged,BVID,4,0.505,0.05,21.25,0.505,0.182,0.702,37.37,12.66,0.134,4.984,22.6,566.89,Low
6495,C-scan (Pristine with Holes),Pristine,None,6,0.566,0.015,61.36,0.129,0.529,0.506,72.43,9.5,0.041,0.889,42.62,439.58,Medium
6496,C-scan (BVID with Holes),Damaged,BVID,2,0.499,0.03,45.19,0.375,0.706,0.375,111.63,4.23,0.105,2.222,33.27,728.82,Medium
6497,C-scan (Pristine with Holes),Pristine,None,3,0.607,0.054,14.66,0.51,0.664,0.609,40.76,7.33,0.016,0.282,21.54,556.81,Low
6498,Thermograph,Mixed,Thermal Anomaly,6,0.493,0.074,4.75,0.831,0.247,0.371,89.12,10.34,0.06,1.849,49.38,383.59,High
6499,Thermograph,Mixed,Thermal Anomaly,6,0.533,0.037,73.74,0.14,0.947,0.639,97.67,9.86,0.051,3.045,40.53,610.51,Medium
6500,C-scan (Pristine with Holes),Pristine,None,6,0.558,0.035,13.3,0.894,0.613,0.845,40.78,9.63,0.048,0.335,55.99,847.95,High
6501,C-scan (Pristine with Holes),Pristine,None,3,0.505,0.043,15.98,0.375,0.604,0.547,105.63,14.76,0.03,0.936,49.91,437.64,High
6502,C-scan (BVID with Holes),Damaged,BVID,4,0.492,0.012,81.43,0.821,0.82,0.633,119.67,3.36,0.169,1.587,38.49,626.37,Medium
6503,C-scan (BVID with Holes),Damaged,BVID,3,0.619,0.078,1.84,0.682,0.718,0.288,81.24,8.33,0.16,3.113,55.64,403.29,Medium
6504,C-scan (BVID with Holes),Damaged,BVID,3,0.627,0.051,87.74,0.994,0.312,0.471,37.01,2.4,0.156,1.305,56.49,404.61,Medium
6505,Thermograph,Mixed,Thermal Anomaly,4,0.516,0.041,76.98,0.477,0.325,0.77,107.36,2.24,0.054,1.999,56.82,783.25,High
6506,C-scan (BVID with Holes),Damaged,BVID,3,0.605,0.056,27.22,0.764,0.881,0.794,109.73,2.18,0.111,1.733,42.13,817.11,Medium
6507,C-scan (BVID with Holes),Damaged,BVID,5,0.677,0.012,5.52,0.692,0.733,0.825,112.32,9.75,0.198,3.451,53.85,765.34,Medium
6508,C-scan (BVID with Holes),Damaged,BVID,6,0.499,0.074,78.09,0.936,0.757,0.517,100.97,6.27,0.137,1.522,25.72,812.63,Low
6509,C-scan (Pristine with Holes),Pristine,None,5,0.602,0.043,78.11,0.426,0.944,0.429,55.63,5.59,0.045,0.428,51.1,755.48,High
6510,C-scan (BVID with Holes),Damaged,BVID,2,0.493,0.048,46.76,0.443,0.879,0.573,92.05,1.93,0.13,3.096,24.49,611.36,Low
6511,C-scan (Pristine with Holes),Pristine,None,6,0.653,0.02,19.67,0.567,0.701,0.278,114.49,9.35,0.024,0.183,51.44,618.65,High
6512,Thermograph,Mixed,None,2,0.6,0.05,76.03,0.175,0.952,0.646,81.06,14.46,0.062,1.671,55.33,727.36,High
6513,C-scan (Pristine with Holes),Pristine,None,6,0.606,0.025,85.28,0.879,0.297,0.767,67.63,2.91,0.019,0.916,56.22,751.03,High
6514,C-scan (Pristine with Holes),Pristine,None,6,0.623,0.036,35.97,0.935,0.662,0.85,108.2,13.94,0.014,0.7,33.1,448.08,Medium
6515,C-scan (Pristine with Holes),Pristine,None,4,0.591,0.038,27.07,0.932,0.474,0.545,30.93,3.5,0.029,0.747,39.1,747.28,Medium
6516,C-scan (Pristine with Holes),Pristine,None,6,0.53,0.031,60.21,0.417,0.414,0.869,102.16,8.37,0.014,0.803,52.72,486.93,High
6517,Thermograph,Mixed,None,3,0.69,0.035,81.18,0.748,0.827,0.659,44.94,5.9,0.035,2.371,57.89,809.41,High
6518,Thermograph,Mixed,None,6,0.663,0.059,20.92,0.146,0.185,0.25,95.94,4.69,0.084,1.935,56.56,824.54,Medium
6519,C-scan (BVID with Holes),Damaged,BVID,6,0.609,0.017,40.55,0.398,0.302,0.765,48.9,10.8,0.145,2.182,43.6,680.58,Medium
6520,C-scan (Pristine with Holes),Pristine,None,3,0.478,0.072,16.91,0.203,0.674,0.828,49.82,8.77,0.037,0.227,54.76,651.56,High
6521,C-scan (Pristine with Holes),Pristine,None,4,0.469,0.039,37.85,0.269,0.915,0.483,84.0,10.16,0.033,0.635,48.27,596.02,High
6522,Thermograph,Mixed,None,3,0.509,0.068,15.55,0.867,0.156,0.895,25.38,7.32,0.143,2.118,34.62,719.84,Medium
6523,C-scan (BVID with Holes),Damaged,BVID,2,0.559,0.036,10.54,0.502,0.246,0.877,71.37,3.53,0.172,3.854,28.25,599.71,Low
6524,C-scan (Pristine with Holes),Pristine,None,6,0.639,0.041,51.05,0.203,0.437,0.66,71.8,3.31,0.029,0.24,40.24,486.35,Medium
6525,C-scan (BVID with Holes),Damaged,BVID,4,0.694,0.037,46.8,0.593,0.722,0.643,29.95,13.27,0.197,3.769,48.91,433.44,Medium
6526,C-scan (Pristine with Holes),Pristine,None,4,0.529,0.057,13.85,0.212,0.901,0.531,58.04,4.59,0.028,0.6,30.54,737.72,Medium
6527,C-scan (Pristine with Holes),Pristine,None,6,0.639,0.041,54.79,0.57,0.478,0.692,65.83,0.53,0.016,0.457,56.01,714.75,High
6528,Thermograph,Mixed,None,6,0.529,0.025,56.7,0.72,0.766,0.331,46.81,11.14,0.113,2.791,54.93,640.39,Medium
6529,C-scan (BVID with Holes),Damaged,BVID,2,0.463,0.04,68.44,0.933,0.758,0.843,84.75,10.89,0.148,2.876,37.83,355.16,Medium
6530,Thermograph,Mixed,None,6,0.653,0.045,76.16,0.841,0.768,0.367,79.64,12.51,0.063,2.826,51.2,357.66,High
6531,Thermograph,Mixed,None,4,0.466,0.04,14.26,0.857,0.821,0.42,80.29,8.39,0.135,2.242,21.72,507.81,Low
6532,C-scan (BVID with Holes),Damaged,BVID,3,0.618,0.033,33.91,0.324,0.244,0.648,35.74,2.09,0.093,3.854,50.17,864.21,Medium
6533,C-scan (BVID with Holes),Damaged,BVID,2,0.559,0.068,35.65,0.675,0.196,0.315,34.96,14.41,0.128,4.347,58.6,392.69,Medium
6534,Thermograph,Mixed,Thermal Anomaly,3,0.696,0.06,59.01,0.474,0.84,0.406,72.3,6.94,0.135,1.752,41.68,883.93,Medium
6535,C-scan (Pristine with Holes),Pristine,None,2,0.543,0.05,50.75,0.871,0.365,0.679,44.7,4.98,0.015,0.586,26.5,482.17,Low
6536,C-scan (Pristine with Holes),Pristine,None,4,0.635,0.067,62.82,0.313,0.991,0.817,119.72,10.97,0.026,0.956,29.73,396.4,Low
6537,C-scan (Pristine with Holes),Pristine,None,6,0.593,0.04,6.57,0.437,0.444,0.496,92.02,7.99,0.022,0.854,38.06,767.95,Medium
6538,C-scan (BVID with Holes),Damaged,BVID,3,0.601,0.061,12.74,0.939,0.226,0.471,66.58,11.32,0.081,4.618,20.68,650.85,Low
6539,C-scan (Pristine with Holes),Pristine,None,3,0.657,0.039,71.12,0.519,0.63,0.315,46.77,11.53,0.023,0.511,56.92,897.22,High
6540,Thermograph,Mixed,Thermal Anomaly,3,0.584,0.028,23.76,0.286,0.177,0.286,78.26,7.05,0.115,2.501,35.68,397.18,Medium
6541,C-scan (BVID with Holes),Damaged,BVID,3,0.616,0.046,21.75,0.499,0.253,0.56,62.06,7.4,0.091,1.956,47.63,532.09,Medium
6542,Thermograph,Mixed,None,4,0.584,0.03,69.08,0.112,0.478,0.501,71.79,1.56,0.126,2.202,41.07,675.4,Medium
6543,Thermograph,Mixed,None,5,0.457,0.025,25.28,0.938,0.721,0.744,37.25,13.07,0.036,1.696,55.59,819.42,High
6544,C-scan (BVID with Holes),Damaged,BVID,4,0.611,0.052,16.24,0.148,0.167,0.603,57.9,7.49,0.137,2.927,35.49,826.97,Medium
6545,C-scan (Pristine with Holes),Pristine,None,4,0.465,0.061,35.84,0.965,0.344,0.255,58.67,5.6,0.036,0.811,30.23,403.11,Medium
6546,C-scan (BVID with Holes),Damaged,BVID,4,0.492,0.079,71.07,0.91,0.878,0.31,105.01,7.65,0.135,4.042,24.66,586.54,Low
6547,C-scan (Pristine with Holes),Pristine,None,5,0.492,0.036,75.29,0.325,0.547,0.738,56.23,5.1,0.036,0.52,51.72,352.01,High
6548,Thermograph,Mixed,None,6,0.639,0.036,42.5,0.333,0.728,0.321,32.05,10.87,0.071,2.186,52.71,871.52,High
6549,C-scan (BVID with Holes),Damaged,BVID,2,0.584,0.077,36.22,0.439,0.704,0.306,56.51,5.09,0.092,1.84,26.12,472.4,Low
6550,Thermograph,Mixed,Thermal Anomaly,3,0.554,0.072,34.13,0.119,0.182,0.436,94.26,13.76,0.046,2.189,25.49,884.18,Low
6551,Thermograph,Mixed,None,2,0.607,0.023,9.27,0.586,0.724,0.555,50.93,11.41,0.063,2.087,46.03,899.37,High
6552,C-scan (BVID with Holes),Damaged,BVID,3,0.637,0.011,39.05,0.52,0.377,0.576,85.95,10.63,0.18,2.975,54.95,804.85,Medium
6553,C-scan (BVID with Holes),Damaged,BVID,3,0.573,0.034,61.73,0.122,0.703,0.858,42.9,3.5,0.191,1.24,55.28,429.27,Medium
6554,Thermograph,Mixed,Thermal Anomaly,4,0.591,0.04,69.49,0.676,0.9,0.551,89.65,5.72,0.119,1.147,53.97,786.1,Medium
6555,Thermograph,Mixed,None,4,0.456,0.051,74.11,0.595,0.121,0.704,28.43,14.49,0.031,3.491,55.23,763.59,High
6556,C-scan (Pristine with Holes),Pristine,None,5,0.471,0.022,81.84,0.995,0.603,0.816,117.64,8.57,0.018,0.731,36.37,593.37,Medium
6557,C-scan (Pristine with Holes),Pristine,None,6,0.532,0.076,5.13,0.265,0.755,0.376,104.45,1.75,0.011,0.539,43.36,845.33,Medium
6558,C-scan (BVID with Holes),Damaged,BVID,6,0.494,0.042,1.71,0.787,0.47,0.363,86.42,1.38,0.156,2.739,29.2,872.24,Low
6559,Thermograph,Mixed,Thermal Anomaly,4,0.545,0.023,4.85,0.506,0.455,0.459,114.08,5.17,0.053,2.734,35.76,371.58,Medium
6560,Thermograph,Mixed,Thermal Anomaly,5,0.479,0.033,69.06,0.246,0.889,0.851,108.55,8.07,0.075,3.127,30.26,436.25,Medium
6561,C-scan (BVID with Holes),Damaged,BVID,4,0.639,0.048,81.62,0.463,0.635,0.224,97.22,10.95,0.128,2.484,38.68,635.38,Medium
6562,C-scan (BVID with Holes),Damaged,BVID,4,0.692,0.07,88.37,0.456,0.788,0.546,83.87,14.19,0.112,2.993,37.57,769.11,Medium
6563,C-scan (BVID with Holes),Damaged,BVID,4,0.464,0.072,43.77,0.949,0.508,0.812,93.34,6.87,0.134,4.581,24.25,510.75,Low
6564,C-scan (BVID with Holes),Damaged,BVID,5,0.637,0.069,45.81,0.944,0.397,0.57,73.57,11.49,0.179,2.373,39.16,607.19,Medium
6565,C-scan (Pristine with Holes),Pristine,None,2,0.596,0.059,22.24,0.889,0.686,0.872,66.43,3.89,0.049,0.94,35.94,739.38,Medium
6566,C-scan (Pristine with Holes),Pristine,None,5,0.643,0.033,16.57,0.983,0.751,0.228,74.72,14.44,0.039,0.499,49.62,554.96,High
6567,C-scan (BVID with Holes),Damaged,BVID,4,0.598,0.073,66.5,0.467,0.849,0.659,73.7,5.14,0.17,1.886,32.58,541.8,Medium
6568,Thermograph,Mixed,None,2,0.616,0.044,63.03,0.635,0.845,0.346,77.77,1.5,0.096,0.736,49.73,458.18,Medium
6569,C-scan (Pristine with Holes),Pristine,None,6,0.675,0.042,39.18,0.746,0.188,0.838,63.65,3.56,0.021,0.691,47.75,619.58,High
6570,C-scan (Pristine with Holes),Pristine,None,6,0.646,0.047,27.88,0.733,0.849,0.554,116.37,8.18,0.05,0.309,52.51,512.56,High
6571,C-scan (BVID with Holes),Damaged,BVID,5,0.602,0.014,9.24,0.449,0.251,0.417,75.42,2.32,0.169,4.256,57.08,475.09,Medium
6572,C-scan (BVID with Holes),Damaged,BVID,2,0.598,0.016,77.02,0.141,0.616,0.491,59.82,8.21,0.086,4.515,23.21,847.24,Low
6573,Thermograph,Mixed,None,2,0.623,0.061,45.47,0.17,0.174,0.577,74.51,10.27,0.053,2.59,53.49,855.78,High
6574,C-scan (BVID with Holes),Damaged,BVID,6,0.471,0.034,38.38,0.759,0.559,0.759,53.68,3.47,0.195,4.626,24.84,825.74,Low
6575,C-scan (Pristine with Holes),Pristine,None,6,0.575,0.023,86.68,0.746,0.823,0.495,32.66,4.84,0.036,0.622,43.13,427.37,Medium
6576,C-scan (BVID with Holes),Damaged,BVID,5,0.697,0.056,20.45,0.213,0.93,0.601,53.86,5.73,0.149,4.599,23.02,697.44,Low
6577,C-scan (Pristine with Holes),Pristine,None,5,0.46,0.057,75.67,0.461,0.222,0.496,58.03,4.93,0.023,0.182,49.15,898.01,High
6578,Thermograph,Mixed,Thermal Anomaly,5,0.531,0.041,33.47,0.713,0.124,0.225,104.88,12.09,0.139,1.698,56.94,591.01,Medium
6579,Thermograph,Mixed,None,2,0.594,0.055,55.73,0.39,0.175,0.678,69.15,11.71,0.05,3.38,29.56,809.42,Low
6580,Thermograph,Mixed,None,3,0.531,0.015,42.86,0.279,0.268,0.828,38.54,10.45,0.091,0.572,46.02,564.54,Medium
6581,Thermograph,Mixed,Thermal Anomaly,4,0.51,0.062,10.68,0.612,0.728,0.878,103.67,7.5,0.041,2.267,23.6,615.4,Low
6582,Thermograph,Mixed,Thermal Anomaly,3,0.561,0.057,36.45,0.858,0.27,0.349,44.84,8.73,0.05,2.363,22.48,863.44,Low
6583,Thermograph,Mixed,None,5,0.453,0.078,39.0,0.9,0.709,0.419,112.59,13.5,0.033,1.858,47.33,557.05,High
6584,C-scan (BVID with Holes),Damaged,BVID,6,0.691,0.049,47.49,0.273,0.572,0.548,117.7,4.97,0.195,1.867,23.54,458.88,Low
6585,Thermograph,Mixed,None,5,0.571,0.036,35.3,0.319,0.338,0.228,32.62,2.93,0.097,1.827,24.67,843.95,Low
6586,Thermograph,Mixed,Thermal Anomaly,4,0.635,0.022,38.93,0.541,0.67,0.763,69.24,1.77,0.111,3.4,21.34,437.16,Low
6587,C-scan (Pristine with Holes),Pristine,None,4,0.616,0.04,25.62,0.404,0.594,0.88,91.31,12.79,0.035,0.283,23.23,549.74,Low
6588,Thermograph,Mixed,None,2,0.617,0.06,33.5,0.558,0.199,0.641,112.28,3.75,0.123,0.825,42.5,698.89,Medium
6589,C-scan (BVID with Holes),Damaged,BVID,6,0.498,0.079,18.2,0.122,0.108,0.739,71.9,11.68,0.15,3.729,46.94,608.1,Medium
6590,Thermograph,Mixed,None,5,0.683,0.043,31.34,0.452,0.969,0.665,90.2,4.39,0.114,1.619,44.3,792.17,Medium
6591,C-scan (Pristine with Holes),Pristine,None,6,0.463,0.08,44.2,0.924,0.942,0.531,94.51,9.46,0.018,0.594,22.9,429.74,Low
6592,C-scan (BVID with Holes),Damaged,BVID,4,0.665,0.071,40.61,0.474,0.961,0.536,94.48,11.13,0.168,4.075,26.54,636.87,Low
6593,C-scan (Pristine with Holes),Pristine,None,3,0.547,0.051,44.17,0.228,0.961,0.29,100.76,1.11,0.05,0.45,43.24,790.73,Medium
6594,C-scan (BVID with Holes),Damaged,BVID,2,0.592,0.016,79.58,0.815,0.591,0.622,58.37,13.18,0.144,3.184,24.29,820.76,Low
6595,Thermograph,Mixed,Thermal Anomaly,2,0.601,0.06,73.03,0.254,0.259,0.617,60.51,1.85,0.102,0.669,44.91,788.29,Medium
6596,C-scan (BVID with Holes),Damaged,BVID,6,0.495,0.031,11.52,0.166,0.393,0.742,117.47,11.45,0.124,4.369,36.66,434.94,Medium
6597,C-scan (Pristine with Holes),Pristine,None,3,0.529,0.024,18.22,0.428,0.152,0.314,99.67,11.43,0.04,0.864,49.0,625.86,High
6598,C-scan (Pristine with Holes),Pristine,None,3,0.565,0.059,20.01,0.296,0.371,0.733,116.03,10.89,0.033,0.918,48.83,621.05,High
6599,Thermograph,Mixed,Thermal Anomaly,2,0.685,0.012,40.58,0.984,0.898,0.599,79.6,9.55,0.132,2.95,47.29,667.15,Medium
6600,C-scan (Pristine with Holes),Pristine,None,4,0.664,0.01,78.55,0.827,0.135,0.883,98.83,4.56,0.027,0.967,20.16,441.15,Low
6601,C-scan (Pristine with Holes),Pristine,None,5,0.601,0.026,4.18,0.929,0.977,0.426,43.52,12.84,0.012,0.162,27.19,894.44,Low
6602,C-scan (Pristine with Holes),Pristine,None,6,0.568,0.033,21.49,0.102,0.899,0.856,117.32,14.08,0.025,0.659,57.24,755.06,High
6603,C-scan (Pristine with Holes),Pristine,None,4,0.486,0.07,86.74,0.449,0.851,0.398,68.76,2.2,0.022,0.33,54.54,810.91,High
6604,C-scan (Pristine with Holes),Pristine,None,5,0.611,0.073,12.0,0.669,0.108,0.897,94.24,1.57,0.012,0.743,58.79,691.91,High
6605,Thermograph,Mixed,Thermal Anomaly,3,0.471,0.07,3.68,0.847,0.846,0.431,98.77,13.89,0.038,1.765,57.43,712.12,High
6606,C-scan (Pristine with Holes),Pristine,None,6,0.532,0.011,14.35,0.495,0.55,0.368,51.46,10.57,0.023,0.61,31.97,543.07,Medium
6607,Thermograph,Mixed,Thermal Anomaly,4,0.493,0.021,62.54,0.311,0.489,0.886,54.6,2.57,0.125,2.564,28.29,775.82,Low
6608,Thermograph,Mixed,Thermal Anomaly,5,0.623,0.079,33.17,0.535,0.235,0.632,92.87,10.28,0.043,2.272,49.76,803.34,High
6609,C-scan (BVID with Holes),Damaged,BVID,3,0.591,0.058,72.87,0.982,0.521,0.747,54.24,13.02,0.133,4.057,29.25,554.98,Low
6610,C-scan (Pristine with Holes),Pristine,None,6,0.69,0.016,88.29,0.805,0.287,0.363,111.98,8.23,0.047,0.142,37.84,355.74,Medium
6611,Thermograph,Mixed,Thermal Anomaly,6,0.644,0.04,61.57,0.812,0.391,0.792,79.94,2.51,0.043,3.376,45.04,774.22,High
6612,C-scan (Pristine with Holes),Pristine,None,4,0.685,0.043,14.26,0.447,0.879,0.202,71.6,1.61,0.047,0.17,44.02,773.68,Medium
6613,Thermograph,Mixed,None,6,0.522,0.064,59.41,0.888,0.297,0.369,109.26,8.18,0.106,2.42,44.61,754.41,Medium
6614,Thermograph,Mixed,None,2,0.463,0.033,83.82,0.47,0.228,0.718,115.54,3.3,0.103,2.88,28.89,776.68,Low
6615,C-scan (Pristine with Holes),Pristine,None,3,0.549,0.065,22.31,0.279,0.284,0.713,74.14,14.68,0.015,0.147,50.11,818.5,High
6616,Thermograph,Mixed,Thermal Anomaly,4,0.481,0.036,56.19,0.596,0.174,0.836,115.55,5.69,0.14,2.034,34.19,452.82,Medium
6617,Thermograph,Mixed,None,2,0.604,0.077,17.91,0.576,0.235,0.505,44.57,4.95,0.143,0.721,34.15,351.19,Medium
6618,C-scan (BVID with Holes),Damaged,BVID,5,0.66,0.046,65.54,0.425,0.12,0.715,46.09,0.75,0.141,4.813,21.84,376.58,Low
6619,C-scan (BVID with Holes),Damaged,BVID,5,0.466,0.049,45.49,0.252,0.208,0.308,88.42,3.83,0.193,3.748,48.45,495.82,Medium
6620,C-scan (BVID with Holes),Damaged,BVID,3,0.537,0.03,82.79,0.544,0.342,0.493,44.54,7.41,0.084,3.946,38.46,601.45,Medium
6621,C-scan (Pristine with Holes),Pristine,None,3,0.619,0.059,58.78,0.365,0.162,0.417,57.41,8.62,0.045,0.706,25.76,769.9,Low
6622,C-scan (BVID with Holes),Damaged,BVID,4,0.586,0.048,64.58,0.385,0.424,0.798,72.35,3.23,0.153,4.28,21.63,450.93,Low
6623,Thermograph,Mixed,Thermal Anomaly,6,0.64,0.065,67.04,0.119,0.422,0.494,87.99,9.99,0.137,1.455,58.74,663.45,Medium
6624,C-scan (BVID with Holes),Damaged,BVID,6,0.664,0.055,47.66,0.158,0.804,0.748,33.54,5.62,0.199,4.874,51.75,536.45,Medium
6625,Thermograph,Mixed,None,2,0.562,0.07,33.11,0.746,0.275,0.777,88.81,4.78,0.121,1.639,31.03,821.16,Medium
6626,C-scan (Pristine with Holes),Pristine,None,2,0.651,0.029,21.65,0.666,0.475,0.831,96.16,1.83,0.043,0.902,56.23,799.11,High
6627,Thermograph,Mixed,Thermal Anomaly,6,0.626,0.016,34.4,0.464,0.425,0.813,31.63,4.48,0.141,1.496,54.62,727.77,Medium
6628,C-scan (Pristine with Holes),Pristine,None,6,0.51,0.039,14.86,0.246,0.469,0.876,81.8,14.17,0.026,0.514,39.86,777.21,Medium
6629,Thermograph,Mixed,None,2,0.672,0.018,15.73,0.371,0.747,0.793,63.04,11.72,0.067,2.887,30.27,482.6,Medium
6630,C-scan (Pristine with Holes),Pristine,None,5,0.49,0.04,18.21,0.712,0.825,0.533,90.11,9.31,0.021,0.507,39.45,839.1,Medium
6631,C-scan (BVID with Holes),Damaged,BVID,5,0.635,0.011,68.7,0.407,0.483,0.775,82.0,2.13,0.135,1.612,47.63,479.85,Medium
6632,C-scan (Pristine with Holes),Pristine,None,3,0.578,0.046,34.55,0.507,0.101,0.617,27.9,11.67,0.024,0.192,51.53,735.45,High
6633,Thermograph,Mixed,Thermal Anomaly,6,0.479,0.028,9.3,0.692,0.95,0.754,48.2,9.9,0.076,0.681,53.91,390.56,High
6634,C-scan (Pristine with Holes),Pristine,None,3,0.64,0.015,9.68,0.196,0.346,0.505,39.57,11.39,0.039,0.982,55.95,797.86,High
6635,C-scan (BVID with Holes),Damaged,BVID,5,0.615,0.063,26.81,0.461,0.923,0.763,81.76,12.14,0.101,2.859,58.61,503.52,Medium
6636,Thermograph,Mixed,Thermal Anomaly,4,0.478,0.064,66.4,0.367,0.929,0.793,48.76,9.03,0.091,2.031,24.58,721.64,Low
6637,C-scan (Pristine with Holes),Pristine,None,5,0.554,0.077,45.68,0.353,0.767,0.363,109.08,6.25,0.048,0.949,47.51,581.88,High
6638,C-scan (BVID with Holes),Damaged,BVID,2,0.522,0.052,36.4,0.59,0.25,0.639,75.05,9.86,0.176,3.635,21.1,466.49,Low
6639,Thermograph,Mixed,None,5,0.627,0.027,7.0,0.705,0.192,0.648,103.38,3.37,0.109,2.063,37.5,369.72,Medium
6640,C-scan (Pristine with Holes),Pristine,None,5,0.515,0.041,36.26,0.45,0.827,0.43,64.33,2.0,0.01,0.273,41.1,551.65,Medium
6641,C-scan (Pristine with Holes),Pristine,None,3,0.583,0.056,3.39,0.982,0.873,0.476,99.71,5.42,0.031,0.525,20.72,696.74,Low
6642,C-scan (BVID with Holes),Damaged,BVID,6,0.63,0.058,69.2,0.237,0.761,0.395,56.92,3.34,0.094,4.116,46.99,355.62,Medium
6643,Thermograph,Mixed,Thermal Anomaly,3,0.687,0.069,78.03,0.296,0.123,0.378,47.15,4.68,0.13,1.04,51.98,554.24,Medium
6644,Thermograph,Mixed,None,6,0.613,0.068,6.57,0.323,0.682,0.659,106.51,5.42,0.095,1.95,50.03,396.84,Medium
6645,C-scan (Pristine with Holes),Pristine,None,3,0.674,0.019,17.67,0.28,0.527,0.646,72.84,13.12,0.021,0.345,28.56,798.25,Low
6646,C-scan (Pristine with Holes),Pristine,None,5,0.523,0.011,76.73,0.877,0.298,0.204,61.5,5.36,0.012,0.264,24.84,350.0,Low
6647,Thermograph,Mixed,Thermal Anomaly,5,0.599,0.027,17.48,0.392,0.56,0.491,104.8,11.99,0.148,0.667,37.47,514.24,Medium
6648,C-scan (Pristine with Holes),Pristine,None,4,0.589,0.042,31.25,0.565,0.759,0.715,97.2,10.86,0.014,0.228,58.0,881.68,High
6649,Thermograph,Mixed,Thermal Anomaly,3,0.694,0.064,54.34,0.628,0.392,0.678,48.05,3.81,0.08,2.967,25.14,777.98,Low
6650,C-scan (Pristine with Holes),Pristine,None,3,0.657,0.031,75.74,0.96,0.114,0.235,71.6,10.98,0.041,0.293,56.19,818.45,High
6651,C-scan (Pristine with Holes),Pristine,None,5,0.644,0.078,48.04,0.721,0.23,0.41,76.83,7.54,0.011,0.705,26.42,403.86,Low
6652,C-scan (Pristine with Holes),Pristine,None,4,0.486,0.071,58.85,0.86,0.475,0.729,68.18,12.2,0.039,0.359,32.73,616.59,Medium
6653,Thermograph,Mixed,None,5,0.681,0.039,66.03,0.451,0.582,0.488,104.35,12.06,0.033,1.266,49.15,560.31,High
6654,Thermograph,Mixed,None,4,0.503,0.074,84.49,0.185,0.399,0.82,91.36,13.5,0.138,2.235,27.36,807.27,Low
6655,C-scan (Pristine with Holes),Pristine,None,5,0.602,0.059,47.15,0.33,0.302,0.285,31.08,12.14,0.039,0.657,46.34,483.45,High
6656,Thermograph,Mixed,None,2,0.461,0.017,8.69,0.521,0.396,0.252,73.26,12.01,0.051,2.759,37.03,454.25,Medium
6657,C-scan (BVID with Holes),Damaged,BVID,5,0.524,0.043,22.12,0.844,0.168,0.355,28.23,2.9,0.095,4.725,44.47,381.01,Medium
6658,C-scan (BVID with Holes),Damaged,BVID,3,0.661,0.071,50.45,0.584,0.341,0.496,69.76,14.13,0.122,2.793,39.71,380.16,Medium
6659,Thermograph,Mixed,Thermal Anomaly,5,0.623,0.028,19.9,0.995,0.795,0.401,103.41,4.97,0.107,1.307,48.05,653.58,Medium
6660,C-scan (Pristine with Holes),Pristine,None,6,0.58,0.038,59.22,0.735,0.962,0.242,103.93,13.0,0.024,0.708,36.01,519.55,Medium
6661,Thermograph,Mixed,Thermal Anomaly,6,0.585,0.038,67.76,0.51,0.294,0.398,110.46,5.13,0.138,1.118,35.01,450.86,Medium
6662,C-scan (BVID with Holes),Damaged,BVID,5,0.486,0.028,88.01,0.476,0.783,0.482,79.22,14.88,0.131,2.55,54.0,485.71,Medium
6663,C-scan (Pristine with Holes),Pristine,None,3,0.646,0.079,46.72,0.408,0.39,0.52,60.17,2.17,0.047,0.942,58.81,584.62,High
6664,Thermograph,Mixed,None,4,0.669,0.038,81.76,0.472,0.776,0.898,96.17,14.34,0.111,0.828,57.45,711.31,Medium
6665,C-scan (BVID with Holes),Damaged,BVID,3,0.635,0.077,74.37,0.796,0.848,0.655,65.52,8.05,0.178,2.505,24.3,464.08,Low
6666,C-scan (BVID with Holes),Damaged,BVID,6,0.499,0.037,57.36,0.987,0.221,0.232,112.29,14.69,0.179,4.748,51.66,663.78,Medium
6667,C-scan (BVID with Holes),Damaged,BVID,5,0.669,0.03,68.15,0.518,0.393,0.846,51.32,3.77,0.107,4.759,55.9,560.24,Medium
6668,C-scan (BVID with Holes),Damaged,BVID,6,0.63,0.026,48.88,0.315,0.294,0.577,96.91,14.33,0.139,1.892,29.22,456.35,Low
6669,C-scan (BVID with Holes),Damaged,BVID,5,0.596,0.071,44.12,0.782,0.351,0.467,72.66,9.39,0.135,2.231,34.72,505.94,Medium
6670,Thermograph,Mixed,None,3,0.627,0.034,24.43,0.139,0.483,0.617,113.79,13.63,0.087,1.643,35.96,886.67,Medium
6671,Thermograph,Mixed,Thermal Anomaly,5,0.484,0.066,6.33,0.918,0.225,0.287,53.98,1.45,0.122,0.529,26.89,883.01,Low
6672,C-scan (Pristine with Holes),Pristine,None,4,0.533,0.075,42.41,0.629,0.128,0.597,85.48,1.88,0.027,0.997,55.54,479.6,High
6673,C-scan (Pristine with Holes),Pristine,None,4,0.505,0.052,6.79,0.711,0.275,0.521,76.11,13.47,0.028,0.637,50.05,869.33,High
6674,Thermograph,Mixed,None,4,0.541,0.033,5.23,0.777,0.981,0.51,34.67,14.64,0.083,2.239,47.0,647.58,Medium
6675,C-scan (Pristine with Holes),Pristine,None,5,0.594,0.054,77.34,0.992,0.424,0.204,38.32,12.76,0.017,0.92,33.25,605.01,Medium
6676,Thermograph,Mixed,Thermal Anomaly,6,0.475,0.059,65.32,0.928,0.198,0.299,80.19,14.14,0.036,2.352,51.68,520.34,High
6677,Thermograph,Mixed,Thermal Anomaly,4,0.629,0.074,70.07,0.129,0.144,0.588,80.04,6.59,0.051,3.489,40.74,356.82,Medium
6678,C-scan (Pristine with Holes),Pristine,None,4,0.553,0.052,55.73,0.641,0.194,0.499,32.97,14.16,0.016,0.127,42.54,641.41,Medium
6679,C-scan (Pristine with Holes),Pristine,None,6,0.477,0.054,22.13,0.443,0.496,0.829,112.34,10.24,0.035,0.863,23.17,736.68,Low
6680,Thermograph,Mixed,Thermal Anomaly,6,0.525,0.064,68.68,0.554,0.345,0.59,98.74,13.86,0.07,1.3,37.78,370.99,Medium
6681,C-scan (Pristine with Holes),Pristine,None,3,0.478,0.045,55.06,0.56,0.674,0.737,27.75,5.78,0.025,0.342,47.05,485.95,High
6682,Thermograph,Mixed,Thermal Anomaly,5,0.518,0.071,2.43,0.189,0.431,0.292,81.59,5.4,0.045,3.297,28.08,504.1,Low
6683,C-scan (Pristine with Holes),Pristine,None,2,0.501,0.052,73.22,0.842,0.6,0.208,109.12,7.04,0.02,0.796,34.1,677.81,Medium
6684,C-scan (Pristine with Holes),Pristine,None,5,0.644,0.074,40.23,0.453,0.363,0.779,107.57,3.42,0.028,0.203,36.82,613.03,Medium
6685,C-scan (Pristine with Holes),Pristine,None,6,0.542,0.057,86.96,0.231,0.172,0.635,33.8,10.0,0.014,0.876,27.53,387.27,Low
6686,C-scan (BVID with Holes),Damaged,BVID,2,0.582,0.05,86.76,0.381,0.187,0.296,94.55,1.02,0.149,3.872,44.3,552.08,Medium
6687,Thermograph,Mixed,Thermal Anomaly,2,0.56,0.066,15.1,0.602,0.486,0.563,71.0,11.17,0.054,3.043,23.68,395.66,Low
6688,C-scan (BVID with Holes),Damaged,BVID,3,0.668,0.025,16.89,0.373,0.916,0.885,35.49,2.98,0.102,1.597,57.47,889.23,Medium
6689,C-scan (Pristine with Holes),Pristine,None,2,0.477,0.027,79.31,0.463,0.666,0.587,28.04,11.93,0.024,0.58,29.21,883.55,Low
6690,C-scan (BVID with Holes),Damaged,BVID,3,0.666,0.06,74.86,0.59,0.886,0.69,27.42,2.85,0.128,4.242,29.63,563.9,Low
6691,Thermograph,Mixed,None,2,0.617,0.029,55.71,0.433,0.679,0.432,70.89,12.92,0.124,2.332,25.65,550.89,Low
6692,C-scan (Pristine with Holes),Pristine,None,5,0.591,0.02,1.44,0.924,0.215,0.625,118.65,5.45,0.03,0.851,37.79,831.09,Medium
6693,Thermograph,Mixed,Thermal Anomaly,6,0.61,0.013,18.23,0.343,0.747,0.746,112.53,11.86,0.088,2.804,51.96,757.94,Medium
6694,C-scan (BVID with Holes),Damaged,BVID,5,0.477,0.031,75.42,0.907,0.978,0.548,67.41,3.8,0.116,2.71,39.03,566.03,Medium
6695,C-scan (BVID with Holes),Damaged,BVID,3,0.594,0.03,59.16,0.548,0.217,0.348,101.79,3.53,0.193,2.159,26.61,589.5,Low
6696,Thermograph,Mixed,Thermal Anomaly,2,0.528,0.042,5.89,0.453,0.156,0.279,70.77,10.43,0.039,0.798,27.42,821.85,Low
6697,C-scan (Pristine with Holes),Pristine,None,4,0.56,0.025,3.44,0.563,0.849,0.529,64.94,8.61,0.018,0.516,25.71,468.67,Low
6698,C-scan (Pristine with Holes),Pristine,None,5,0.561,0.042,30.34,0.689,0.557,0.784,97.93,3.6,0.021,0.185,43.32,375.78,Medium
6699,Thermograph,Mixed,Thermal Anomaly,2,0.671,0.024,52.69,0.533,0.423,0.228,110.9,9.14,0.084,2.073,20.8,716.94,Low
6700,Thermograph,Mixed,None,2,0.555,0.023,58.14,0.145,0.786,0.417,108.67,12.66,0.07,2.399,42.16,815.53,Medium
6701,C-scan (Pristine with Holes),Pristine,None,4,0.564,0.041,42.46,0.835,0.806,0.257,111.56,8.54,0.047,0.335,25.21,647.42,Low
6702,Thermograph,Mixed,Thermal Anomaly,6,0.685,0.018,50.19,0.444,0.61,0.334,61.08,7.43,0.068,2.419,23.09,709.44,Low
6703,Thermograph,Mixed,None,3,0.519,0.011,46.49,0.781,0.472,0.202,52.67,13.09,0.036,1.612,56.03,435.9,High
6704,C-scan (BVID with Holes),Damaged,BVID,4,0.473,0.034,71.2,0.963,0.981,0.888,112.5,8.62,0.081,4.567,25.79,713.98,Low
6705,C-scan (BVID with Holes),Damaged,BVID,4,0.683,0.047,6.0,0.267,0.994,0.788,94.55,2.09,0.098,1.772,54.9,506.14,Medium
6706,C-scan (BVID with Holes),Damaged,BVID,3,0.589,0.012,22.56,0.47,0.566,0.83,56.95,12.12,0.158,1.937,51.91,693.55,Medium
6707,Thermograph,Mixed,Thermal Anomaly,5,0.502,0.074,24.55,0.285,0.671,0.536,50.58,3.28,0.081,3.421,23.31,677.95,Low
6708,C-scan (Pristine with Holes),Pristine,None,3,0.688,0.071,46.47,0.85,0.242,0.716,113.54,6.99,0.05,0.114,37.69,763.36,Medium
6709,C-scan (Pristine with Holes),Pristine,None,4,0.581,0.017,1.14,0.439,0.948,0.74,70.5,5.69,0.017,0.12,54.37,547.78,High
6710,C-scan (Pristine with Holes),Pristine,None,4,0.497,0.01,77.19,0.849,0.722,0.628,85.24,14.25,0.041,0.868,47.85,801.3,High
6711,C-scan (Pristine with Holes),Pristine,None,5,0.455,0.043,56.25,0.429,0.645,0.84,51.67,6.41,0.049,0.261,59.99,831.06,High
6712,Thermograph,Mixed,None,4,0.638,0.061,51.73,0.288,0.931,0.324,64.68,3.24,0.117,3.046,20.69,428.48,Low
6713,C-scan (Pristine with Holes),Pristine,None,6,0.45,0.061,78.14,0.764,0.525,0.514,56.41,2.2,0.01,0.619,20.05,527.32,Low
6714,Thermograph,Mixed,None,2,0.617,0.059,31.5,0.669,0.411,0.314,86.74,12.8,0.058,2.735,50.58,602.43,High
6715,Thermograph,Mixed,Thermal Anomaly,3,0.482,0.04,46.51,0.628,0.455,0.222,61.69,10.38,0.04,2.289,27.54,545.91,Low
6716,C-scan (BVID with Holes),Damaged,BVID,2,0.556,0.06,89.66,0.187,0.55,0.668,64.66,3.55,0.167,1.617,56.83,550.34,Medium
6717,C-scan (BVID with Holes),Damaged,BVID,3,0.529,0.063,29.09,0.451,0.113,0.569,52.82,4.94,0.177,4.395,41.2,694.29,Medium
6718,C-scan (BVID with Holes),Damaged,BVID,6,0.645,0.067,44.11,0.106,0.246,0.835,94.61,9.65,0.107,1.739,47.75,573.73,Medium
6719,C-scan (BVID with Holes),Damaged,BVID,5,0.467,0.07,73.6,0.689,0.174,0.642,72.29,6.99,0.14,4.599,58.44,586.23,Medium
6720,C-scan (Pristine with Holes),Pristine,None,5,0.451,0.069,9.82,0.698,0.929,0.691,85.44,14.09,0.027,0.973,38.05,503.72,Medium
6721,C-scan (BVID with Holes),Damaged,BVID,3,0.623,0.041,77.62,0.818,0.595,0.693,90.15,14.32,0.089,4.222,23.1,495.0,Low
6722,C-scan (BVID with Holes),Damaged,BVID,3,0.522,0.019,78.23,0.368,0.387,0.438,67.3,0.61,0.148,1.216,29.7,526.64,Low
6723,C-scan (BVID with Holes),Damaged,BVID,2,0.519,0.076,69.08,0.613,0.88,0.614,97.95,6.1,0.186,2.255,52.1,370.28,Medium
6724,Thermograph,Mixed,Thermal Anomaly,4,0.577,0.07,17.74,0.614,0.144,0.583,112.53,14.64,0.111,2.387,25.75,478.11,Low
6725,C-scan (Pristine with Holes),Pristine,None,6,0.631,0.055,42.52,0.619,0.62,0.496,62.27,5.89,0.013,0.622,24.37,824.33,Low
6726,C-scan (BVID with Holes),Damaged,BVID,6,0.675,0.018,72.96,0.18,0.852,0.38,70.29,14.14,0.178,4.24,35.68,627.33,Medium
6727,Thermograph,Mixed,Thermal Anomaly,3,0.661,0.014,82.61,0.29,0.653,0.441,31.75,4.0,0.103,2.089,48.39,870.29,Medium
6728,C-scan (BVID with Holes),Damaged,BVID,5,0.491,0.069,66.82,0.214,0.215,0.517,51.28,11.94,0.115,4.203,20.64,778.61,Low
6729,C-scan (BVID with Holes),Damaged,BVID,2,0.519,0.06,8.85,0.486,0.621,0.605,99.48,4.33,0.147,2.156,24.45,828.59,Low
6730,C-scan (Pristine with Holes),Pristine,None,2,0.621,0.071,22.12,0.487,0.791,0.243,67.37,8.65,0.044,0.819,57.96,562.11,High
6731,C-scan (BVID with Holes),Damaged,BVID,6,0.661,0.059,18.51,0.644,0.74,0.694,97.0,2.02,0.123,1.109,58.69,533.6,Medium
6732,Thermograph,Mixed,Thermal Anomaly,2,0.696,0.048,14.02,0.651,0.249,0.324,59.6,5.44,0.099,0.558,57.64,421.84,Medium
6733,Thermograph,Mixed,Thermal Anomaly,3,0.517,0.039,38.65,0.748,0.349,0.702,58.25,1.49,0.053,1.811,46.08,884.62,High
6734,Thermograph,Mixed,Thermal Anomaly,5,0.551,0.052,16.2,0.799,0.281,0.281,62.94,5.86,0.141,2.665,29.93,365.68,Low
6735,C-scan (BVID with Holes),Damaged,BVID,2,0.62,0.039,57.79,0.19,0.728,0.832,108.96,8.9,0.184,4.476,52.14,658.19,Medium
6736,Thermograph,Mixed,Thermal Anomaly,6,0.563,0.075,66.92,0.473,0.885,0.529,68.47,14.34,0.053,2.818,43.16,676.67,Medium
6737,Thermograph,Mixed,None,4,0.685,0.06,31.73,0.137,0.864,0.231,77.57,10.23,0.145,2.961,49.07,509.14,Medium
6738,Thermograph,Mixed,Thermal Anomaly,6,0.5,0.026,43.73,0.575,0.749,0.46,117.44,2.06,0.09,1.188,33.0,794.66,Medium
6739,C-scan (BVID with Holes),Damaged,BVID,6,0.58,0.042,43.5,0.183,0.446,0.38,99.46,13.3,0.149,1.827,44.27,810.95,Medium
6740,C-scan (BVID with Holes),Damaged,BVID,6,0.536,0.041,30.99,0.46,0.255,0.711,52.07,10.75,0.174,2.334,27.03,526.51,Low
6741,C-scan (Pristine with Holes),Pristine,None,5,0.497,0.07,14.09,0.65,0.221,0.61,93.52,9.86,0.01,0.852,42.26,759.19,Medium
6742,Thermograph,Mixed,None,6,0.489,0.034,9.53,0.338,0.577,0.889,78.7,8.4,0.084,2.401,54.48,789.16,Medium
6743,C-scan (Pristine with Holes),Pristine,None,2,0.465,0.033,87.3,0.876,0.209,0.31,30.11,6.24,0.043,0.475,24.49,735.27,Low
6744,Thermograph,Mixed,None,2,0.578,0.046,86.92,0.374,0.338,0.389,84.61,2.21,0.107,2.169,28.22,354.18,Low
6745,Thermograph,Mixed,Thermal Anomaly,2,0.506,0.037,48.52,0.78,0.8,0.881,55.39,9.01,0.129,1.676,52.2,659.52,Medium
6746,Thermograph,Mixed,None,2,0.486,0.058,85.07,0.976,0.727,0.291,26.43,12.59,0.067,1.53,20.07,463.16,Low
6747,C-scan (BVID with Holes),Damaged,BVID,3,0.633,0.072,86.72,0.961,0.634,0.654,27.06,3.4,0.09,3.146,43.8,567.19,Medium
6748,C-scan (Pristine with Holes),Pristine,None,2,0.534,0.024,71.33,0.632,0.36,0.719,103.05,4.89,0.021,0.179,50.07,719.55,High
6749,Thermograph,Mixed,Thermal Anomaly,6,0.623,0.046,45.65,0.12,0.549,0.604,33.82,11.69,0.141,2.74,49.43,572.94,Medium
6750,Thermograph,Mixed,Thermal Anomaly,2,0.575,0.072,69.91,0.817,0.545,0.801,89.1,1.86,0.073,0.809,35.29,703.56,Medium
6751,C-scan (BVID with Holes),Damaged,BVID,3,0.593,0.014,72.0,0.128,0.343,0.531,31.83,9.93,0.108,2.679,40.43,701.14,Medium
6752,C-scan (BVID with Holes),Damaged,BVID,4,0.536,0.031,46.23,0.96,0.935,0.427,79.92,1.45,0.142,2.087,50.03,541.84,Medium
6753,C-scan (BVID with Holes),Damaged,BVID,4,0.485,0.019,51.22,0.66,0.186,0.356,119.28,4.64,0.156,4.029,32.47,624.2,Medium
6754,Thermograph,Mixed,None,3,0.49,0.069,20.58,0.118,0.663,0.36,93.72,14.71,0.127,3.069,58.64,689.16,Medium
6755,C-scan (BVID with Holes),Damaged,BVID,3,0.586,0.057,64.12,0.981,0.259,0.209,77.55,2.08,0.168,2.632,49.73,540.6,Medium
6756,C-scan (BVID with Holes),Damaged,BVID,5,0.691,0.058,56.88,0.346,0.334,0.534,71.87,14.27,0.083,1.203,32.18,556.92,Medium
6757,C-scan (Pristine with Holes),Pristine,None,4,0.48,0.018,31.11,0.994,0.336,0.61,93.5,3.96,0.029,0.353,23.48,389.7,Low
6758,Thermograph,Mixed,Thermal Anomaly,5,0.478,0.025,59.2,0.911,0.7,0.464,65.11,13.95,0.106,0.714,46.74,662.44,Medium
6759,C-scan (Pristine with Holes),Pristine,None,5,0.626,0.031,86.05,0.161,0.193,0.51,30.91,5.81,0.049,0.823,57.6,865.45,High
6760,Thermograph,Mixed,None,2,0.592,0.032,24.7,0.668,0.246,0.292,85.94,3.25,0.052,3.101,52.32,602.54,High
6761,Thermograph,Mixed,Thermal Anomaly,5,0.561,0.063,55.13,0.237,0.787,0.203,60.22,5.48,0.124,2.86,56.86,622.91,Medium
6762,C-scan (BVID with Holes),Damaged,BVID,2,0.635,0.047,45.62,0.905,0.293,0.778,69.9,1.3,0.098,2.246,47.57,624.26,Medium
6763,C-scan (Pristine with Holes),Pristine,None,4,0.618,0.069,62.96,0.574,0.584,0.796,70.58,9.79,0.049,0.978,58.53,406.96,High
6764,Thermograph,Mixed,Thermal Anomaly,4,0.49,0.049,41.5,0.417,0.804,0.682,50.94,13.32,0.101,1.501,55.87,897.54,Medium
6765,C-scan (BVID with Holes),Damaged,BVID,6,0.581,0.028,9.66,0.337,0.674,0.435,78.63,14.44,0.15,2.136,33.62,676.59,Medium
6766,C-scan (Pristine with Holes),Pristine,None,2,0.696,0.069,45.39,0.971,0.239,0.715,109.95,4.34,0.028,0.927,25.18,583.47,Low
6767,C-scan (BVID with Holes),Damaged,BVID,2,0.58,0.066,54.87,0.865,0.789,0.573,112.69,3.61,0.161,2.226,23.24,377.07,Low
6768,Thermograph,Mixed,None,4,0.546,0.02,67.29,0.922,0.112,0.66,90.97,7.69,0.119,0.997,56.44,818.87,Medium
6769,C-scan (BVID with Holes),Damaged,BVID,3,0.564,0.027,48.5,0.25,0.114,0.825,69.86,10.54,0.179,4.417,54.43,482.12,Medium
6770,Thermograph,Mixed,Thermal Anomaly,5,0.568,0.019,21.85,0.582,0.493,0.496,84.9,8.32,0.111,2.07,20.97,784.92,Low
6771,C-scan (Pristine with Holes),Pristine,None,2,0.645,0.075,35.16,0.147,0.618,0.789,25.11,7.4,0.048,0.202,59.45,459.51,High
6772,C-scan (Pristine with Holes),Pristine,None,2,0.521,0.065,61.28,0.439,0.538,0.257,110.17,4.57,0.044,0.509,24.32,747.69,Low
6773,Thermograph,Mixed,Thermal Anomaly,5,0.539,0.064,85.18,0.575,0.724,0.642,65.4,9.66,0.104,2.311,37.36,453.2,Medium
6774,C-scan (Pristine with Holes),Pristine,None,3,0.529,0.02,21.87,0.435,0.471,0.328,65.78,6.62,0.012,0.32,35.37,627.3,Medium
6775,Thermograph,Mixed,None,4,0.566,0.069,20.54,0.886,0.579,0.834,40.3,13.2,0.125,3.311,31.54,594.7,Medium
6776,C-scan (BVID with Holes),Damaged,BVID,2,0.585,0.077,0.95,0.807,0.346,0.365,98.77,12.31,0.089,3.722,44.61,369.91,Medium
6777,C-scan (Pristine with Holes),Pristine,None,5,0.523,0.056,39.44,0.714,0.787,0.773,103.57,11.3,0.046,0.679,55.53,752.01,High
6778,C-scan (BVID with Holes),Damaged,BVID,6,0.572,0.069,15.96,0.775,0.791,0.409,30.16,10.46,0.133,1.351,24.6,414.45,Low
6779,Thermograph,Mixed,Thermal Anomaly,3,0.485,0.011,42.16,0.197,0.636,0.367,115.46,12.56,0.094,0.569,49.54,595.29,Medium
6780,Thermograph,Mixed,Thermal Anomaly,2,0.458,0.038,9.01,0.682,0.812,0.683,92.92,10.22,0.077,0.524,39.61,758.05,Medium
6781,C-scan (BVID with Holes),Damaged,BVID,2,0.5,0.069,51.24,0.594,0.107,0.582,26.9,12.49,0.161,4.257,45.39,832.37,Medium
6782,C-scan (BVID with Holes),Damaged,BVID,3,0.61,0.046,82.78,0.483,0.358,0.663,58.32,11.18,0.101,3.006,41.97,887.14,Medium
6783,C-scan (BVID with Holes),Damaged,BVID,3,0.467,0.064,87.77,0.315,0.561,0.486,91.14,11.52,0.191,2.32,50.43,520.96,Medium
6784,C-scan (Pristine with Holes),Pristine,None,4,0.502,0.04,69.21,0.436,0.417,0.473,107.33,6.96,0.017,0.813,57.22,748.51,High
6785,C-scan (Pristine with Holes),Pristine,None,5,0.573,0.053,51.73,0.798,0.119,0.281,66.88,6.14,0.01,0.516,25.78,666.77,Low
6786,Thermograph,Mixed,None,3,0.529,0.056,24.49,0.28,0.246,0.575,33.3,6.45,0.053,2.613,47.11,825.74,High
6787,C-scan (BVID with Holes),Damaged,BVID,2,0.506,0.046,74.48,0.68,0.549,0.204,110.33,5.16,0.086,3.098,21.97,621.1,Low
6788,C-scan (BVID with Holes),Damaged,BVID,3,0.516,0.018,33.27,0.711,0.585,0.724,66.77,1.36,0.117,4.915,36.38,678.2,Medium
6789,Thermograph,Mixed,Thermal Anomaly,3,0.59,0.029,25.75,0.677,0.476,0.883,104.52,5.65,0.106,1.232,59.36,577.18,Medium
6790,C-scan (Pristine with Holes),Pristine,None,4,0.503,0.071,10.59,0.785,0.204,0.472,51.63,7.02,0.035,0.454,59.19,401.2,High
6791,C-scan (Pristine with Holes),Pristine,None,5,0.495,0.013,48.78,0.834,0.872,0.714,37.21,6.7,0.02,0.262,50.0,555.02,High
6792,Thermograph,Mixed,None,3,0.603,0.012,17.94,0.282,0.928,0.897,112.79,1.89,0.038,3.335,20.65,811.83,Low
6793,Thermograph,Mixed,None,6,0.602,0.028,25.28,0.133,0.473,0.442,93.57,7.16,0.061,2.146,27.8,769.14,Low
6794,C-scan (Pristine with Holes),Pristine,None,3,0.528,0.035,23.15,0.45,0.724,0.481,71.83,5.64,0.013,0.327,48.7,689.25,High
6795,C-scan (BVID with Holes),Damaged,BVID,2,0.48,0.065,75.47,0.963,0.902,0.516,105.64,12.63,0.126,2.362,48.39,582.36,Medium
6796,Thermograph,Mixed,None,3,0.636,0.03,34.93,0.977,0.844,0.288,36.06,10.14,0.032,2.679,42.69,508.68,Medium
6797,C-scan (BVID with Holes),Damaged,BVID,3,0.699,0.011,48.1,0.886,0.234,0.592,62.45,8.18,0.168,4.37,52.06,785.64,Medium
6798,C-scan (BVID with Holes),Damaged,BVID,6,0.679,0.063,4.1,0.8,0.479,0.469,55.14,8.62,0.188,2.109,54.42,694.5,Medium
6799,Thermograph,Mixed,None,2,0.661,0.027,25.45,0.633,0.43,0.467,41.93,3.7,0.133,1.976,58.88,589.38,Medium
6800,C-scan (Pristine with Holes),Pristine,None,5,0.646,0.053,5.33,0.341,0.352,0.779,97.49,2.69,0.043,0.309,52.78,369.81,High
6801,C-scan (BVID with Holes),Damaged,BVID,6,0.587,0.028,26.55,0.516,0.769,0.372,94.34,10.81,0.159,2.603,21.62,726.48,Low
6802,Thermograph,Mixed,None,6,0.46,0.06,21.91,0.708,0.155,0.734,71.36,5.44,0.039,3.226,51.17,803.29,High
6803,C-scan (Pristine with Holes),Pristine,None,5,0.515,0.046,29.56,0.228,0.715,0.407,96.85,5.28,0.031,0.835,30.13,705.23,Medium
6804,C-scan (Pristine with Holes),Pristine,None,6,0.513,0.076,53.01,0.385,0.641,0.226,67.65,7.9,0.018,0.869,54.81,799.31,High
6805,C-scan (Pristine with Holes),Pristine,None,2,0.462,0.051,26.92,0.546,0.167,0.475,116.63,5.87,0.027,0.554,36.78,647.5,Medium
6806,C-scan (BVID with Holes),Damaged,BVID,5,0.685,0.073,69.02,0.251,0.496,0.268,106.71,2.58,0.176,2.729,22.1,726.78,Low
6807,C-scan (BVID with Holes),Damaged,BVID,3,0.639,0.039,59.16,0.617,0.496,0.312,110.63,2.88,0.194,2.381,48.36,679.72,Medium
6808,C-scan (BVID with Holes),Damaged,BVID,2,0.491,0.049,24.88,0.197,0.933,0.319,109.37,10.95,0.086,3.131,47.02,556.71,Medium
6809,C-scan (BVID with Holes),Damaged,BVID,6,0.565,0.017,57.45,0.945,0.763,0.448,30.34,14.4,0.095,3.452,23.37,800.33,Low
6810,C-scan (Pristine with Holes),Pristine,None,4,0.497,0.032,10.25,0.463,0.25,0.334,64.2,7.51,0.021,0.696,33.62,790.73,Medium
6811,C-scan (BVID with Holes),Damaged,BVID,5,0.571,0.06,15.2,0.439,0.151,0.668,68.51,3.44,0.143,2.663,52.08,882.3,Medium
6812,Thermograph,Mixed,None,2,0.553,0.03,62.42,0.89,0.356,0.397,101.05,6.47,0.136,3.3,46.1,793.12,Medium
6813,C-scan (Pristine with Holes),Pristine,None,6,0.57,0.023,0.74,0.17,0.105,0.619,119.68,13.03,0.016,0.299,57.28,487.78,High
6814,C-scan (Pristine with Holes),Pristine,None,5,0.593,0.046,64.61,0.341,0.721,0.433,70.93,14.98,0.044,0.997,40.96,608.12,Medium
6815,C-scan (BVID with Holes),Damaged,BVID,6,0.463,0.051,86.84,0.186,0.689,0.22,65.52,11.04,0.198,4.379,60.0,540.08,Medium
6816,C-scan (Pristine with Holes),Pristine,None,2,0.678,0.012,6.86,0.236,0.506,0.727,44.06,13.06,0.041,0.605,37.09,422.55,Medium
6817,C-scan (BVID with Holes),Damaged,BVID,5,0.598,0.034,33.91,0.953,0.87,0.9,89.93,7.27,0.141,4.419,41.39,521.02,Medium
6818,C-scan (BVID with Holes),Damaged,BVID,4,0.624,0.05,16.42,0.937,0.118,0.254,54.1,10.76,0.138,4.938,55.38,876.3,Medium
6819,C-scan (BVID with Holes),Damaged,BVID,4,0.526,0.042,14.88,0.187,0.566,0.474,70.62,0.86,0.095,2.841,36.13,463.32,Medium
6820,C-scan (BVID with Holes),Damaged,BVID,4,0.468,0.048,55.66,0.379,0.73,0.768,87.51,4.56,0.197,2.508,52.01,588.3,Medium
6821,C-scan (Pristine with Holes),Pristine,None,4,0.548,0.046,57.0,0.491,0.999,0.367,115.48,1.87,0.042,0.327,22.14,792.98,Low
6822,C-scan (Pristine with Holes),Pristine,None,5,0.66,0.014,81.65,0.477,0.716,0.816,119.11,12.23,0.048,0.752,32.04,711.45,Medium
6823,C-scan (Pristine with Holes),Pristine,None,4,0.463,0.063,50.97,0.654,0.413,0.549,108.65,0.51,0.041,0.389,43.14,790.04,Medium
6824,C-scan (Pristine with Holes),Pristine,None,6,0.693,0.076,68.14,0.67,0.779,0.867,112.71,12.87,0.045,0.667,39.28,728.94,Medium
6825,C-scan (Pristine with Holes),Pristine,None,3,0.498,0.045,67.02,0.211,0.296,0.346,78.33,6.13,0.041,0.79,27.85,713.55,Low
6826,C-scan (BVID with Holes),Damaged,BVID,2,0.48,0.063,56.49,0.729,0.468,0.891,97.16,3.74,0.125,4.496,52.08,416.6,Medium
6827,C-scan (Pristine with Holes),Pristine,None,4,0.628,0.051,30.63,0.444,0.544,0.701,44.39,2.6,0.04,0.259,37.21,361.73,Medium
6828,C-scan (Pristine with Holes),Pristine,None,6,0.667,0.022,69.02,0.371,0.418,0.226,82.52,5.56,0.049,0.556,26.68,730.11,Low
6829,Thermograph,Mixed,None,3,0.684,0.039,34.8,0.973,0.276,0.395,48.59,12.95,0.123,2.288,51.37,593.79,Medium
6830,C-scan (Pristine with Holes),Pristine,None,4,0.466,0.045,62.78,0.733,0.347,0.735,28.95,6.04,0.027,0.998,42.66,608.87,Medium
6831,Thermograph,Mixed,Thermal Anomaly,3,0.573,0.027,85.18,0.544,0.168,0.531,111.51,12.17,0.038,3.192,21.4,472.26,Low
6832,C-scan (BVID with Holes),Damaged,BVID,6,0.58,0.026,38.74,0.483,0.992,0.801,113.61,7.7,0.09,4.576,56.8,807.88,Medium
6833,Thermograph,Mixed,Thermal Anomaly,3,0.511,0.045,72.43,0.422,0.815,0.619,96.98,6.97,0.121,1.426,58.76,387.6,Medium
6834,C-scan (BVID with Holes),Damaged,BVID,3,0.669,0.022,71.67,0.15,0.474,0.206,72.56,8.66,0.105,2.03,22.2,625.14,Low
6835,Thermograph,Mixed,None,3,0.556,0.052,34.73,0.195,0.161,0.326,31.79,2.1,0.139,0.984,59.05,789.04,Medium
6836,C-scan (Pristine with Holes),Pristine,None,4,0.696,0.028,48.57,0.955,0.273,0.279,35.43,8.5,0.037,0.324,59.87,774.16,High
6837,Thermograph,Mixed,Thermal Anomaly,5,0.522,0.011,42.6,0.3,0.398,0.417,107.36,11.78,0.092,2.262,55.24,457.5,Medium
6838,C-scan (Pristine with Holes),Pristine,None,2,0.488,0.055,75.68,0.571,0.399,0.228,40.05,11.29,0.034,0.264,48.97,697.52,High
6839,C-scan (Pristine with Holes),Pristine,None,3,0.555,0.011,69.14,0.235,0.44,0.228,37.41,4.63,0.047,0.631,46.18,547.81,High
6840,C-scan (BVID with Holes),Damaged,BVID,3,0.679,0.028,14.96,0.708,0.583,0.321,29.38,9.94,0.157,3.969,20.54,783.13,Low
6841,C-scan (Pristine with Holes),Pristine,None,2,0.591,0.037,24.37,0.263,0.456,0.34,43.09,7.57,0.016,0.494,35.36,406.11,Medium
6842,C-scan (BVID with Holes),Damaged,BVID,6,0.535,0.069,27.63,0.88,0.716,0.239,28.04,3.96,0.17,3.309,30.61,493.08,Medium
6843,C-scan (Pristine with Holes),Pristine,None,4,0.537,0.04,64.31,0.621,0.593,0.316,89.81,6.2,0.039,0.54,32.0,518.63,Medium
6844,C-scan (Pristine with Holes),Pristine,None,6,0.685,0.045,87.88,0.819,0.509,0.22,99.09,14.99,0.019,0.795,28.68,710.64,Low
6845,C-scan (Pristine with Holes),Pristine,None,2,0.481,0.056,42.87,0.248,0.315,0.546,41.93,13.03,0.025,0.573,42.52,597.89,Medium
6846,Thermograph,Mixed,None,4,0.467,0.021,34.39,0.155,0.936,0.258,112.61,5.09,0.054,2.098,29.4,511.89,Low
6847,C-scan (BVID with Holes),Damaged,BVID,3,0.462,0.037,86.19,0.324,0.8,0.407,66.9,10.01,0.181,2.417,22.46,784.55,Low
6848,Thermograph,Mixed,Thermal Anomaly,2,0.686,0.017,39.47,0.712,0.827,0.371,79.92,9.53,0.036,3.213,29.38,717.85,Low
6849,Thermograph,Mixed,Thermal Anomaly,5,0.673,0.077,23.16,0.802,0.691,0.805,119.25,12.06,0.125,3.245,51.44,530.13,Medium
6850,C-scan (Pristine with Holes),Pristine,None,5,0.476,0.013,66.77,0.42,0.158,0.718,31.19,7.03,0.01,0.964,50.65,622.73,High
6851,Thermograph,Mixed,Thermal Anomaly,3,0.653,0.053,4.9,0.523,0.717,0.69,63.99,0.73,0.041,1.559,47.3,532.74,High
6852,Thermograph,Mixed,Thermal Anomaly,5,0.676,0.022,63.6,0.778,0.729,0.273,86.48,13.7,0.112,1.93,22.34,782.54,Low
6853,C-scan (Pristine with Holes),Pristine,None,4,0.558,0.043,27.99,0.647,0.349,0.64,72.31,11.33,0.044,0.445,37.43,595.09,Medium
6854,Thermograph,Mixed,Thermal Anomaly,6,0.548,0.036,12.47,0.704,0.499,0.592,88.3,14.44,0.057,2.818,31.58,884.15,Medium
6855,Thermograph,Mixed,None,2,0.698,0.03,57.78,0.269,0.213,0.563,35.38,4.96,0.147,3.343,56.7,520.27,Medium
6856,Thermograph,Mixed,Thermal Anomaly,3,0.466,0.073,38.11,0.183,0.235,0.498,70.31,1.44,0.109,1.32,51.48,394.34,Medium
6857,C-scan (BVID with Holes),Damaged,BVID,2,0.528,0.054,20.4,0.54,0.754,0.746,110.55,10.53,0.182,1.887,46.34,847.08,Medium
6858,Thermograph,Mixed,None,3,0.474,0.018,73.61,0.852,0.194,0.531,34.37,7.55,0.108,2.29,43.75,815.36,Medium
6859,C-scan (Pristine with Holes),Pristine,None,5,0.512,0.028,88.03,0.514,0.561,0.538,105.08,8.26,0.012,0.522,59.94,537.65,High
6860,Thermograph,Mixed,Thermal Anomaly,3,0.572,0.023,39.36,0.929,0.444,0.817,59.03,8.58,0.138,1.386,49.25,546.65,Medium
6861,C-scan (Pristine with Holes),Pristine,None,5,0.564,0.034,27.32,0.965,0.968,0.525,53.02,2.98,0.017,0.559,35.7,581.91,Medium
6862,Thermograph,Mixed,None,6,0.465,0.029,21.49,0.715,0.19,0.216,103.97,5.3,0.097,3.356,29.7,416.45,Low
6863,C-scan (Pristine with Holes),Pristine,None,6,0.499,0.071,83.37,0.295,0.694,0.82,31.46,5.14,0.017,0.449,58.46,814.98,High
6864,C-scan (BVID with Holes),Damaged,BVID,2,0.68,0.06,46.88,0.705,0.972,0.799,98.42,13.9,0.18,2.362,22.85,486.31,Low
6865,Thermograph,Mixed,Thermal Anomaly,3,0.476,0.044,63.62,0.881,0.138,0.377,40.16,2.34,0.128,1.923,54.51,376.8,Medium
6866,C-scan (BVID with Holes),Damaged,BVID,3,0.456,0.075,1.35,0.683,0.754,0.594,77.37,4.59,0.124,1.857,44.93,871.07,Medium
6867,C-scan (Pristine with Holes),Pristine,None,2,0.528,0.047,13.36,0.942,0.93,0.797,71.95,2.9,0.049,0.649,27.54,525.38,Low
6868,Thermograph,Mixed,Thermal Anomaly,6,0.641,0.061,15.8,0.128,0.583,0.402,63.81,4.46,0.087,0.722,27.92,598.13,Low
6869,C-scan (Pristine with Holes),Pristine,None,3,0.614,0.041,7.02,0.195,0.165,0.567,62.39,6.31,0.043,0.502,59.66,372.56,High
6870,Thermograph,Mixed,Thermal Anomaly,6,0.61,0.036,43.1,0.939,0.65,0.837,72.3,2.14,0.067,2.254,30.8,687.27,Medium
6871,C-scan (BVID with Holes),Damaged,BVID,6,0.628,0.037,57.18,0.962,0.76,0.742,58.59,12.05,0.166,2.614,20.03,856.28,Low
6872,C-scan (BVID with Holes),Damaged,BVID,4,0.647,0.047,47.03,0.178,0.452,0.811,106.16,8.7,0.195,1.784,30.32,495.48,Medium
6873,Thermograph,Mixed,None,5,0.537,0.012,47.75,0.6,0.167,0.664,84.17,2.33,0.043,1.495,22.68,833.08,Low
6874,Thermograph,Mixed,None,6,0.546,0.016,63.99,0.543,0.216,0.884,44.47,11.85,0.063,2.487,22.72,564.45,Low
6875,C-scan (BVID with Holes),Damaged,BVID,5,0.524,0.045,61.75,0.257,0.609,0.804,119.59,8.42,0.19,1.705,28.76,572.07,Low
6876,C-scan (BVID with Holes),Damaged,BVID,2,0.574,0.065,10.21,0.696,0.288,0.645,119.59,1.49,0.116,2.645,34.64,435.7,Medium
6877,C-scan (BVID with Holes),Damaged,BVID,4,0.568,0.022,89.37,0.596,0.972,0.652,55.96,1.83,0.162,4.638,21.38,500.89,Low
6878,C-scan (BVID with Holes),Damaged,BVID,4,0.611,0.021,51.36,0.733,0.468,0.596,68.07,2.32,0.105,4.716,39.25,421.04,Medium
6879,Thermograph,Mixed,None,3,0.598,0.042,82.54,0.266,0.139,0.713,98.93,5.01,0.136,0.934,29.71,512.58,Low
6880,C-scan (Pristine with Holes),Pristine,None,2,0.523,0.064,54.66,0.337,0.397,0.669,44.18,1.99,0.014,0.787,54.71,860.96,High
6881,Thermograph,Mixed,None,3,0.604,0.041,22.65,0.525,0.571,0.498,47.41,13.8,0.072,1.222,56.67,417.69,High
6882,C-scan (Pristine with Holes),Pristine,None,6,0.656,0.014,82.07,0.517,0.275,0.881,69.88,6.97,0.027,0.539,25.12,859.26,Low
6883,Thermograph,Mixed,Thermal Anomaly,3,0.541,0.027,68.92,0.647,0.45,0.84,57.71,0.64,0.118,0.995,57.61,580.42,Medium
6884,Thermograph,Mixed,None,6,0.457,0.027,84.24,0.589,0.484,0.836,86.25,14.17,0.059,2.251,27.9,892.16,Low
6885,C-scan (Pristine with Holes),Pristine,None,3,0.523,0.017,14.05,0.99,0.675,0.775,91.57,6.53,0.044,0.229,31.72,839.3,Medium
6886,Thermograph,Mixed,None,5,0.454,0.01,80.29,0.52,0.774,0.356,100.41,5.48,0.071,3.047,48.36,652.29,High
6887,Thermograph,Mixed,Thermal Anomaly,6,0.677,0.07,86.16,0.521,0.345,0.792,29.43,4.36,0.118,2.657,30.1,371.23,Medium
6888,C-scan (BVID with Holes),Damaged,BVID,4,0.471,0.078,5.62,0.165,0.809,0.396,97.92,3.49,0.195,1.883,49.36,556.63,Medium
6889,C-scan (BVID with Holes),Damaged,BVID,6,0.601,0.025,80.21,0.972,0.484,0.632,40.97,4.94,0.085,4.915,45.51,867.77,Medium
6890,C-scan (BVID with Holes),Damaged,BVID,3,0.46,0.037,82.58,0.697,0.614,0.461,109.31,9.39,0.16,2.809,40.73,632.74,Medium
6891,Thermograph,Mixed,None,3,0.473,0.065,37.49,0.872,0.603,0.858,61.66,11.38,0.127,3.063,40.11,552.98,Medium
6892,Thermograph,Mixed,Thermal Anomaly,5,0.632,0.072,19.89,0.643,0.829,0.836,119.06,4.39,0.094,1.204,59.29,611.33,Medium
6893,C-scan (BVID with Holes),Damaged,BVID,3,0.459,0.014,83.87,0.628,0.653,0.701,118.96,5.3,0.117,4.225,43.45,429.75,Medium
6894,C-scan (BVID with Holes),Damaged,BVID,5,0.583,0.065,65.43,0.349,0.751,0.291,55.81,13.83,0.093,2.187,46.29,665.15,Medium
6895,C-scan (Pristine with Holes),Pristine,None,3,0.461,0.028,73.32,0.877,0.894,0.71,102.37,0.58,0.019,0.22,43.29,676.16,Medium
6896,C-scan (Pristine with Holes),Pristine,None,2,0.661,0.042,48.45,0.347,0.637,0.516,26.07,1.8,0.045,0.163,45.49,646.99,High
6897,C-scan (Pristine with Holes),Pristine,None,6,0.467,0.012,19.2,0.647,0.622,0.479,81.07,9.83,0.037,0.587,33.48,594.03,Medium
6898,C-scan (Pristine with Holes),Pristine,None,4,0.624,0.026,34.2,0.784,0.835,0.364,100.59,2.92,0.039,0.729,47.46,687.8,High
6899,Thermograph,Mixed,Thermal Anomaly,4,0.654,0.053,40.12,0.464,0.842,0.637,40.29,12.84,0.146,2.475,34.6,681.37,Medium
6900,C-scan (BVID with Holes),Damaged,BVID,3,0.63,0.076,62.8,0.908,0.102,0.602,75.54,11.94,0.081,1.94,58.03,573.12,Medium
6901,Thermograph,Mixed,Thermal Anomaly,6,0.606,0.078,23.74,0.39,0.531,0.413,56.66,5.1,0.118,0.89,56.39,767.59,Medium
6902,C-scan (BVID with Holes),Damaged,BVID,3,0.549,0.051,65.73,0.414,0.813,0.402,97.39,14.43,0.175,1.542,36.63,521.7,Medium
6903,C-scan (BVID with Holes),Damaged,BVID,5,0.668,0.042,73.76,0.833,0.968,0.588,37.95,7.78,0.16,4.079,43.54,751.27,Medium
6904,Thermograph,Mixed,Thermal Anomaly,5,0.453,0.054,35.98,0.828,0.13,0.595,55.39,2.84,0.034,1.516,43.04,564.98,Medium
6905,C-scan (Pristine with Holes),Pristine,None,2,0.67,0.066,60.92,0.864,0.841,0.253,62.26,5.68,0.026,0.356,45.97,686.68,High
6906,Thermograph,Mixed,None,2,0.661,0.034,56.5,0.161,0.535,0.685,57.61,14.67,0.076,1.586,43.05,488.72,Medium
6907,Thermograph,Mixed,None,2,0.605,0.054,53.93,0.308,0.451,0.879,82.53,5.57,0.145,2.673,25.51,601.52,Low
6908,C-scan (Pristine with Holes),Pristine,None,6,0.507,0.021,86.31,0.551,0.348,0.49,37.61,5.93,0.034,0.394,20.19,795.8,Low
6909,C-scan (BVID with Holes),Damaged,BVID,6,0.557,0.066,40.21,0.696,0.768,0.524,85.64,12.71,0.101,4.761,39.23,791.3,Medium
6910,C-scan (Pristine with Holes),Pristine,None,2,0.633,0.033,8.73,0.716,0.879,0.524,59.88,8.28,0.02,0.196,36.42,459.71,Medium
6911,Thermograph,Mixed,None,2,0.499,0.066,38.72,0.399,0.636,0.427,28.77,11.93,0.098,0.553,31.88,616.92,Medium
6912,C-scan (Pristine with Holes),Pristine,None,3,0.626,0.061,28.6,0.869,0.225,0.461,80.75,6.63,0.018,0.655,26.09,667.46,Low
6913,C-scan (Pristine with Holes),Pristine,None,3,0.584,0.042,27.12,0.945,0.117,0.438,56.75,4.07,0.027,0.334,25.86,470.57,Low
6914,Thermograph,Mixed,Thermal Anomaly,5,0.598,0.072,58.29,0.638,0.93,0.547,113.26,11.86,0.133,2.388,56.85,427.86,Medium
6915,Thermograph,Mixed,Thermal Anomaly,6,0.514,0.07,22.21,0.304,0.979,0.3,72.81,12.79,0.039,0.756,51.3,751.68,High
6916,C-scan (Pristine with Holes),Pristine,None,3,0.452,0.025,75.3,0.134,0.192,0.478,68.83,6.99,0.031,0.914,58.35,631.89,High
6917,Thermograph,Mixed,None,6,0.451,0.037,12.97,0.706,0.831,0.385,82.39,4.24,0.137,1.928,39.17,604.21,Medium
6918,Thermograph,Mixed,Thermal Anomaly,5,0.553,0.01,33.65,0.272,0.412,0.247,79.92,9.27,0.12,2.652,39.94,468.0,Medium
6919,C-scan (Pristine with Holes),Pristine,None,6,0.561,0.051,74.43,0.274,0.448,0.59,119.78,3.05,0.044,0.157,56.86,668.5,High
6920,C-scan (BVID with Holes),Damaged,BVID,4,0.582,0.027,61.28,0.872,0.635,0.889,44.04,2.88,0.11,2.543,33.08,626.86,Medium
6921,C-scan (BVID with Holes),Damaged,BVID,5,0.674,0.014,65.49,0.87,0.678,0.285,96.36,4.61,0.095,2.687,56.73,439.18,Medium
6922,Thermograph,Mixed,Thermal Anomaly,2,0.644,0.044,73.94,0.848,0.285,0.809,81.26,7.52,0.114,2.979,35.52,428.83,Medium
6923,Thermograph,Mixed,None,3,0.499,0.017,26.15,0.478,0.7,0.86,109.34,9.4,0.106,3.334,48.72,542.7,Medium
6924,C-scan (BVID with Holes),Damaged,BVID,2,0.522,0.018,1.47,0.45,0.725,0.201,31.88,8.65,0.189,2.866,40.55,401.46,Medium
6925,Thermograph,Mixed,None,4,0.451,0.07,82.58,0.761,0.712,0.583,100.17,11.77,0.145,3.447,56.58,888.06,Medium
6926,C-scan (Pristine with Holes),Pristine,None,3,0.66,0.019,0.57,0.785,0.623,0.752,81.64,4.47,0.021,0.63,33.06,742.71,Medium
6927,Thermograph,Mixed,None,5,0.586,0.046,46.46,0.427,0.857,0.36,27.66,7.33,0.145,0.687,58.63,847.16,Medium
6928,C-scan (Pristine with Holes),Pristine,None,3,0.474,0.071,53.66,0.591,0.769,0.475,44.45,13.92,0.036,0.744,29.18,640.03,Low
6929,Thermograph,Mixed,Thermal Anomaly,3,0.644,0.066,6.22,0.255,0.669,0.579,25.96,12.09,0.111,1.427,53.51,448.71,Medium
6930,C-scan (Pristine with Holes),Pristine,None,2,0.587,0.016,35.68,0.757,0.588,0.211,43.43,12.83,0.024,0.477,34.08,431.06,Medium
6931,C-scan (BVID with Holes),Damaged,BVID,5,0.454,0.036,71.39,0.336,0.993,0.202,91.74,1.84,0.087,1.094,38.13,432.94,Medium
6932,Thermograph,Mixed,None,4,0.673,0.066,82.83,0.868,0.471,0.876,45.93,13.65,0.098,3.441,41.11,551.12,Medium
6933,C-scan (Pristine with Holes),Pristine,None,2,0.476,0.062,5.11,0.901,0.202,0.759,83.37,1.77,0.01,0.443,53.18,441.09,High
6934,C-scan (BVID with Holes),Damaged,BVID,5,0.552,0.027,82.8,0.526,0.106,0.667,34.67,13.51,0.175,3.74,22.75,401.46,Low
6935,Thermograph,Mixed,Thermal Anomaly,5,0.568,0.026,18.43,0.9,0.9,0.847,68.47,9.19,0.103,2.329,52.46,671.68,Medium
6936,C-scan (BVID with Holes),Damaged,BVID,4,0.503,0.042,29.69,0.4,0.872,0.604,33.81,12.44,0.171,1.653,57.98,872.16,Medium
6937,C-scan (Pristine with Holes),Pristine,None,4,0.488,0.017,59.79,0.351,0.927,0.603,75.18,13.83,0.045,0.825,20.84,381.22,Low
6938,C-scan (Pristine with Holes),Pristine,None,3,0.625,0.012,14.94,0.954,0.107,0.554,64.1,6.39,0.03,0.566,52.79,656.22,High
6939,C-scan (Pristine with Holes),Pristine,None,4,0.492,0.046,35.59,0.394,0.361,0.529,42.06,13.81,0.013,0.757,34.73,370.91,Medium
6940,Thermograph,Mixed,None,6,0.647,0.013,78.45,0.979,0.345,0.72,83.63,9.92,0.12,2.799,37.09,849.29,Medium
6941,C-scan (BVID with Holes),Damaged,BVID,3,0.674,0.024,41.87,0.495,0.472,0.844,67.61,8.1,0.107,4.276,47.34,441.93,Medium
6942,C-scan (BVID with Holes),Damaged,BVID,4,0.524,0.065,41.71,0.531,0.839,0.656,62.2,13.63,0.165,2.845,29.15,354.61,Low
6943,C-scan (Pristine with Holes),Pristine,None,4,0.621,0.077,87.2,0.666,0.676,0.493,49.41,9.03,0.019,0.367,21.11,529.06,Low
6944,Thermograph,Mixed,None,6,0.607,0.078,71.31,0.95,0.588,0.772,113.01,10.91,0.058,2.157,45.84,411.84,High
6945,Thermograph,Mixed,Thermal Anomaly,5,0.542,0.036,13.26,0.728,0.734,0.273,92.01,6.35,0.109,3.004,59.96,563.79,Medium
6946,C-scan (BVID with Holes),Damaged,BVID,2,0.528,0.064,82.02,0.864,0.82,0.777,88.48,1.9,0.102,4.565,31.83,734.93,Medium
6947,C-scan (Pristine with Holes),Pristine,None,5,0.697,0.065,68.37,0.947,0.219,0.688,74.33,7.48,0.025,0.214,23.89,428.51,Low
6948,C-scan (BVID with Holes),Damaged,BVID,6,0.465,0.059,55.33,0.455,0.819,0.86,43.05,8.42,0.169,3.175,48.19,695.41,Medium
6949,C-scan (Pristine with Holes),Pristine,None,4,0.587,0.023,76.87,0.677,0.622,0.217,89.31,7.1,0.03,0.476,33.13,659.59,Medium
6950,Thermograph,Mixed,Thermal Anomaly,4,0.65,0.062,41.13,0.438,0.47,0.509,102.22,10.93,0.073,1.896,32.31,854.51,Medium
6951,C-scan (Pristine with Holes),Pristine,None,2,0.557,0.071,84.02,0.317,0.461,0.504,39.96,6.68,0.016,0.866,31.2,808.61,Medium
6952,Thermograph,Mixed,None,4,0.467,0.059,18.75,0.663,0.228,0.602,82.52,14.82,0.096,2.936,23.82,666.52,Low
6953,C-scan (BVID with Holes),Damaged,BVID,6,0.69,0.022,17.38,0.872,0.498,0.348,36.45,7.32,0.123,4.667,23.95,848.12,Low
6954,C-scan (Pristine with Holes),Pristine,None,5,0.69,0.034,45.84,0.701,0.317,0.666,29.88,12.88,0.026,0.449,26.41,364.79,Low
6955,C-scan (BVID with Holes),Damaged,BVID,2,0.601,0.04,85.37,0.706,0.561,0.313,32.33,9.48,0.091,2.055,34.97,820.06,Medium
6956,C-scan (Pristine with Holes),Pristine,None,5,0.551,0.054,33.26,0.975,0.186,0.441,38.82,2.71,0.038,0.238,44.43,741.12,Medium
6957,C-scan (BVID with Holes),Damaged,BVID,2,0.505,0.023,1.06,0.131,0.981,0.604,36.57,0.75,0.167,4.018,56.47,692.44,Medium
6958,C-scan (Pristine with Holes),Pristine,None,3,0.667,0.054,59.55,0.95,0.87,0.664,111.44,13.67,0.028,0.39,33.03,811.03,Medium
6959,C-scan (BVID with Holes),Damaged,BVID,4,0.676,0.044,84.11,0.709,0.635,0.394,110.44,7.62,0.139,1.515,48.41,407.15,Medium
6960,C-scan (Pristine with Holes),Pristine,None,2,0.605,0.06,51.95,0.406,0.966,0.26,52.01,12.23,0.01,0.303,27.59,883.23,Low
6961,C-scan (Pristine with Holes),Pristine,None,2,0.525,0.029,23.47,0.738,0.58,0.337,58.49,4.57,0.039,0.809,26.71,752.44,Low
6962,C-scan (BVID with Holes),Damaged,BVID,3,0.648,0.039,29.19,0.567,0.373,0.834,100.61,2.44,0.151,2.03,41.79,490.06,Medium
6963,C-scan (Pristine with Holes),Pristine,None,2,0.626,0.055,44.19,0.96,0.207,0.447,33.8,8.7,0.032,0.465,59.8,456.03,High
6964,C-scan (Pristine with Holes),Pristine,None,5,0.524,0.028,32.3,0.932,0.452,0.374,118.31,2.82,0.019,0.181,33.48,664.65,Medium
6965,C-scan (BVID with Holes),Damaged,BVID,6,0.693,0.061,54.53,0.104,0.912,0.85,55.47,0.89,0.198,1.599,50.45,406.69,Medium
6966,C-scan (BVID with Holes),Damaged,BVID,3,0.45,0.039,52.16,0.309,0.212,0.562,116.61,6.19,0.126,3.067,34.44,872.08,Medium
6967,C-scan (Pristine with Holes),Pristine,None,4,0.547,0.021,57.19,0.129,0.684,0.79,53.09,14.08,0.039,0.948,41.94,880.65,Medium
6968,C-scan (BVID with Holes),Damaged,BVID,6,0.453,0.064,32.68,0.989,0.464,0.277,89.71,9.93,0.151,2.261,26.48,514.37,Low
6969,C-scan (BVID with Holes),Damaged,BVID,2,0.537,0.016,1.16,0.448,0.701,0.629,102.04,7.31,0.142,2.668,54.65,775.15,Medium
6970,C-scan (BVID with Holes),Damaged,BVID,2,0.487,0.034,37.64,0.987,0.836,0.871,77.2,1.34,0.126,4.824,48.54,773.61,Medium
6971,C-scan (Pristine with Holes),Pristine,None,4,0.637,0.076,23.87,0.496,0.472,0.784,32.27,2.84,0.044,0.437,53.26,646.53,High
6972,C-scan (BVID with Holes),Damaged,BVID,5,0.641,0.017,51.46,0.262,0.278,0.353,76.06,13.35,0.197,1.881,43.32,481.79,Medium
6973,Thermograph,Mixed,Thermal Anomaly,4,0.681,0.037,61.82,0.73,0.381,0.664,108.71,1.45,0.042,2.71,28.8,448.28,Low
6974,C-scan (Pristine with Holes),Pristine,None,4,0.695,0.079,72.12,0.343,0.64,0.328,106.97,6.8,0.027,0.67,39.28,427.53,Medium
6975,C-scan (Pristine with Holes),Pristine,None,4,0.642,0.02,15.16,0.413,0.9,0.59,92.02,0.7,0.031,0.857,45.55,749.86,High
6976,Thermograph,Mixed,None,5,0.676,0.041,88.31,0.965,0.437,0.844,27.39,1.15,0.124,1.896,23.16,835.28,Low
6977,C-scan (Pristine with Holes),Pristine,None,6,0.672,0.077,64.44,0.678,0.31,0.633,93.1,2.92,0.036,0.745,55.78,848.02,High
6978,Thermograph,Mixed,Thermal Anomaly,6,0.467,0.067,25.59,0.265,0.956,0.51,38.74,7.0,0.104,1.564,57.82,453.58,Medium
6979,C-scan (BVID with Holes),Damaged,BVID,5,0.597,0.018,5.55,0.971,0.872,0.825,102.62,9.1,0.179,3.035,30.93,392.47,Medium
6980,C-scan (Pristine with Holes),Pristine,None,2,0.52,0.034,10.37,0.145,0.114,0.35,41.21,5.56,0.041,0.953,52.79,861.71,High
6981,C-scan (Pristine with Holes),Pristine,None,3,0.488,0.076,50.8,0.396,0.822,0.738,83.42,12.95,0.014,0.452,27.97,608.53,Low
6982,Thermograph,Mixed,None,4,0.521,0.071,27.29,0.127,0.748,0.526,89.52,10.74,0.108,1.218,46.99,575.92,Medium
6983,Thermograph,Mixed,None,3,0.455,0.038,75.15,0.129,0.551,0.642,117.5,8.13,0.127,1.65,51.23,692.96,Medium
6984,C-scan (Pristine with Holes),Pristine,None,5,0.508,0.079,3.26,0.449,0.124,0.853,61.0,1.01,0.043,0.83,41.19,355.66,Medium
6985,Thermograph,Mixed,Thermal Anomaly,2,0.611,0.054,5.64,0.714,0.521,0.698,104.13,14.11,0.112,0.949,42.56,860.5,Medium
6986,C-scan (Pristine with Holes),Pristine,None,5,0.676,0.029,35.76,0.928,0.273,0.863,93.76,14.64,0.039,0.567,24.85,621.65,Low
6987,C-scan (Pristine with Holes),Pristine,None,3,0.635,0.046,5.39,0.422,0.133,0.754,96.96,6.72,0.048,0.178,34.84,476.01,Medium
6988,C-scan (BVID with Holes),Damaged,BVID,2,0.679,0.016,18.42,0.657,0.463,0.535,49.28,4.28,0.181,1.09,26.34,487.19,Low
6989,C-scan (BVID with Holes),Damaged,BVID,4,0.5,0.065,30.34,0.902,0.501,0.505,75.1,11.85,0.149,1.116,34.45,411.59,Medium
6990,C-scan (BVID with Holes),Damaged,BVID,6,0.504,0.026,45.39,0.552,0.833,0.307,61.22,13.2,0.191,3.942,56.66,844.94,Medium
6991,C-scan (BVID with Holes),Damaged,BVID,4,0.513,0.029,9.35,0.22,0.842,0.818,86.73,14.72,0.192,2.881,56.54,836.53,Medium
6992,C-scan (BVID with Holes),Damaged,BVID,3,0.636,0.076,5.16,0.864,0.107,0.504,119.15,9.96,0.123,3.756,36.95,447.86,Medium
6993,C-scan (Pristine with Holes),Pristine,None,4,0.631,0.055,49.12,0.466,0.119,0.572,82.89,11.43,0.022,0.151,39.9,580.52,Medium
6994,C-scan (BVID with Holes),Damaged,BVID,2,0.636,0.031,58.18,0.96,0.931,0.837,30.52,3.66,0.124,3.958,36.38,743.19,Medium
6995,C-scan (Pristine with Holes),Pristine,None,5,0.541,0.056,87.24,0.617,0.846,0.78,71.18,11.18,0.03,0.174,46.84,479.22,High
6996,C-scan (Pristine with Holes),Pristine,None,2,0.524,0.015,31.67,0.742,0.43,0.675,27.46,8.43,0.031,0.165,37.24,431.46,Medium
6997,C-scan (BVID with Holes),Damaged,BVID,3,0.521,0.027,37.12,0.549,0.69,0.744,61.37,3.41,0.164,4.774,22.62,434.34,Low
6998,Thermograph,Mixed,Thermal Anomaly,5,0.61,0.02,45.81,0.73,0.589,0.598,32.69,14.61,0.041,3.35,25.06,767.18,Low
6999,C-scan (BVID with Holes),Damaged,BVID,6,0.466,0.042,0.79,0.157,0.438,0.705,103.32,0.53,0.097,2.95,53.6,585.53,Medium
7000,C-scan (BVID with Holes),Damaged,BVID,4,0.456,0.067,56.43,0.383,0.796,0.765,80.57,4.85,0.195,1.211,27.43,622.41,Low
7001,C-scan (BVID with Holes),Damaged,BVID,4,0.655,0.029,55.31,0.172,0.398,0.686,77.74,9.04,0.137,1.124,36.11,497.39,Medium
7002,C-scan (Pristine with Holes),Pristine,None,4,0.597,0.042,57.08,0.526,0.467,0.478,59.33,7.09,0.038,0.27,21.16,538.82,Low
7003,C-scan (Pristine with Holes),Pristine,None,5,0.589,0.011,32.03,0.383,0.833,0.896,36.55,3.54,0.027,0.695,21.4,592.98,Low
7004,C-scan (Pristine with Holes),Pristine,None,6,0.516,0.079,29.01,0.115,0.629,0.256,48.36,11.75,0.029,0.746,59.84,591.5,High
7005,C-scan (BVID with Holes),Damaged,BVID,5,0.595,0.078,30.42,0.244,0.887,0.733,62.93,1.31,0.173,1.847,23.68,603.74,Low
7006,C-scan (BVID with Holes),Damaged,BVID,6,0.576,0.032,70.94,0.107,0.277,0.235,107.83,0.86,0.109,2.331,33.38,705.0,Medium
7007,C-scan (Pristine with Holes),Pristine,None,3,0.529,0.014,39.87,0.1,0.316,0.636,94.05,8.5,0.028,0.531,54.14,702.08,High
7008,C-scan (Pristine with Holes),Pristine,None,2,0.505,0.03,60.24,0.991,0.839,0.265,39.65,3.15,0.019,0.857,47.2,563.28,High
7009,C-scan (Pristine with Holes),Pristine,None,3,0.613,0.061,27.65,0.524,0.19,0.635,70.42,6.45,0.033,0.437,58.91,703.67,High
7010,C-scan (BVID with Holes),Damaged,BVID,2,0.562,0.043,12.32,0.833,0.467,0.381,110.96,1.97,0.185,3.001,38.59,430.57,Medium
7011,C-scan (Pristine with Holes),Pristine,None,4,0.585,0.034,70.98,0.915,0.328,0.632,44.58,9.89,0.028,0.384,59.28,745.06,High
7012,Thermograph,Mixed,Thermal Anomaly,4,0.491,0.011,5.51,0.65,0.393,0.692,90.66,10.16,0.117,2.049,28.04,424.74,Low
7013,Thermograph,Mixed,None,4,0.588,0.079,56.0,0.998,0.396,0.257,38.36,2.11,0.035,2.684,29.42,874.73,Low
7014,Thermograph,Mixed,None,3,0.452,0.01,20.04,0.476,0.885,0.77,68.4,3.81,0.031,1.401,31.21,389.29,Medium
7015,Thermograph,Mixed,Thermal Anomaly,3,0.641,0.045,73.52,0.235,0.922,0.562,103.99,1.83,0.055,2.621,29.73,738.84,Low
7016,Thermograph,Mixed,Thermal Anomaly,3,0.643,0.047,70.65,0.368,0.364,0.316,66.15,1.79,0.147,0.809,45.86,451.32,Medium
7017,C-scan (Pristine with Holes),Pristine,None,6,0.489,0.044,42.64,0.379,0.722,0.815,83.22,11.12,0.017,0.621,44.31,800.12,Medium
7018,C-scan (BVID with Holes),Damaged,BVID,3,0.53,0.052,59.05,0.535,0.67,0.36,103.17,13.89,0.176,1.89,51.54,587.55,Medium
7019,C-scan (Pristine with Holes),Pristine,None,2,0.636,0.062,36.01,0.913,0.695,0.466,87.93,9.04,0.013,0.556,36.35,688.85,Medium
7020,C-scan (Pristine with Holes),Pristine,None,5,0.53,0.057,83.43,0.802,0.158,0.852,84.36,7.33,0.018,0.647,41.69,846.82,Medium
7021,C-scan (Pristine with Holes),Pristine,None,5,0.513,0.044,31.05,0.441,0.376,0.571,92.98,6.53,0.021,0.737,29.68,535.68,Low
7022,Thermograph,Mixed,Thermal Anomaly,2,0.605,0.02,46.27,0.637,0.66,0.873,112.35,10.65,0.08,1.949,35.21,402.72,Medium
7023,Thermograph,Mixed,Thermal Anomaly,2,0.694,0.035,76.75,0.36,0.706,0.555,66.94,0.55,0.054,2.802,40.85,492.65,Medium
7024,C-scan (BVID with Holes),Damaged,BVID,4,0.468,0.059,26.74,0.891,0.97,0.661,70.07,2.49,0.133,4.239,47.05,559.83,Medium
7025,C-scan (Pristine with Holes),Pristine,None,6,0.522,0.05,82.32,0.216,0.165,0.693,75.45,2.35,0.028,0.895,29.9,429.62,Low
7026,Thermograph,Mixed,None,5,0.598,0.041,57.43,0.487,0.261,0.247,59.41,0.97,0.118,0.573,23.73,618.38,Low
7027,C-scan (BVID with Holes),Damaged,BVID,6,0.454,0.049,3.9,0.742,0.353,0.506,95.83,12.38,0.1,1.82,40.17,393.66,Medium
7028,C-scan (BVID with Holes),Damaged,BVID,3,0.48,0.027,13.77,0.281,0.205,0.745,28.98,14.03,0.087,4.753,27.74,478.96,Low
7029,C-scan (BVID with Holes),Damaged,BVID,6,0.471,0.028,4.49,0.269,0.826,0.811,74.79,4.13,0.195,4.23,25.74,705.18,Low
7030,C-scan (Pristine with Holes),Pristine,None,3,0.48,0.023,11.46,0.931,0.437,0.749,88.08,4.7,0.044,0.731,58.22,842.14,High
7031,C-scan (BVID with Holes),Damaged,BVID,4,0.495,0.021,1.22,0.177,0.238,0.21,37.03,14.24,0.089,1.29,47.34,440.42,Medium
7032,Thermograph,Mixed,Thermal Anomaly,4,0.464,0.031,76.56,0.121,0.655,0.563,50.08,7.11,0.096,1.921,30.71,706.54,Medium
7033,C-scan (Pristine with Holes),Pristine,None,6,0.627,0.068,54.39,0.718,0.738,0.554,103.15,6.46,0.013,0.998,31.7,847.89,Medium
7034,C-scan (BVID with Holes),Damaged,BVID,6,0.547,0.035,18.85,0.386,0.742,0.564,111.28,14.57,0.116,2.996,37.28,866.25,Medium
7035,C-scan (BVID with Holes),Damaged,BVID,3,0.474,0.037,7.65,0.914,0.682,0.753,54.81,12.52,0.125,2.311,47.21,576.61,Medium
7036,C-scan (BVID with Holes),Damaged,BVID,4,0.629,0.016,7.91,0.276,0.364,0.874,107.05,6.79,0.106,2.195,58.94,593.0,Medium
7037,Thermograph,Mixed,None,5,0.641,0.065,70.13,0.955,0.157,0.68,30.64,12.18,0.049,3.316,45.52,551.13,High
7038,C-scan (BVID with Holes),Damaged,BVID,6,0.478,0.032,81.79,0.985,0.355,0.513,116.31,14.12,0.168,3.598,30.4,399.66,Medium
7039,C-scan (BVID with Holes),Damaged,BVID,5,0.485,0.031,59.91,0.307,0.722,0.62,105.65,1.95,0.147,4.861,24.58,832.67,Low
7040,Thermograph,Mixed,Thermal Anomaly,4,0.555,0.04,57.6,0.805,0.85,0.766,36.3,0.65,0.048,2.214,42.24,851.48,Medium
7041,Thermograph,Mixed,Thermal Anomaly,4,0.664,0.075,29.97,0.741,0.978,0.74,55.86,9.16,0.126,3.143,47.59,471.68,Medium
7042,Thermograph,Mixed,None,4,0.595,0.044,48.11,0.84,0.645,0.316,80.44,6.52,0.036,3.014,28.77,798.27,Low
7043,Thermograph,Mixed,Thermal Anomaly,6,0.628,0.053,39.12,0.578,0.428,0.217,65.89,10.54,0.099,1.791,39.93,550.07,Medium
7044,C-scan (Pristine with Holes),Pristine,None,5,0.633,0.023,68.19,0.791,0.133,0.426,91.65,6.56,0.024,0.956,29.14,766.46,Low
7045,C-scan (BVID with Holes),Damaged,BVID,3,0.541,0.021,60.38,0.762,0.321,0.755,50.13,9.21,0.199,3.626,28.44,858.55,Low
7046,Thermograph,Mixed,Thermal Anomaly,3,0.614,0.02,68.49,0.469,0.854,0.891,51.93,13.85,0.133,0.951,55.28,832.34,Medium
7047,C-scan (Pristine with Holes),Pristine,None,3,0.526,0.072,71.15,0.91,0.429,0.434,75.59,14.81,0.037,0.305,23.05,869.4,Low
7048,C-scan (BVID with Holes),Damaged,BVID,5,0.675,0.076,86.41,0.694,0.269,0.785,55.67,7.27,0.096,4.233,29.33,604.43,Low
7049,C-scan (Pristine with Holes),Pristine,None,3,0.589,0.049,30.61,0.801,0.852,0.49,31.5,6.62,0.024,0.829,29.54,661.74,Low
7050,Thermograph,Mixed,None,2,0.477,0.033,26.51,0.498,0.535,0.61,89.49,4.79,0.14,2.179,42.19,575.68,Medium
7051,C-scan (Pristine with Holes),Pristine,None,4,0.558,0.044,81.89,0.877,0.72,0.386,90.76,13.98,0.044,0.639,45.91,559.22,High
7052,C-scan (Pristine with Holes),Pristine,None,4,0.628,0.049,65.8,0.341,0.692,0.735,26.71,13.69,0.012,0.666,38.11,833.23,Medium
7053,C-scan (BVID with Holes),Damaged,BVID,6,0.664,0.074,65.6,0.662,0.782,0.336,99.01,12.47,0.18,3.661,33.4,679.09,Medium
7054,C-scan (Pristine with Holes),Pristine,None,6,0.653,0.021,24.11,0.426,0.201,0.778,51.15,7.28,0.029,0.107,31.34,435.23,Medium
7055,C-scan (Pristine with Holes),Pristine,None,6,0.697,0.052,8.83,0.766,0.391,0.792,78.18,5.88,0.023,0.835,42.44,781.11,Medium
7056,C-scan (Pristine with Holes),Pristine,None,3,0.595,0.013,3.52,0.172,0.45,0.203,43.27,13.75,0.047,0.739,26.57,587.14,Low
7057,C-scan (BVID with Holes),Damaged,BVID,6,0.488,0.013,41.05,0.123,0.873,0.801,106.64,9.94,0.153,4.989,26.83,592.63,Low
7058,Thermograph,Mixed,None,2,0.473,0.038,24.41,0.657,0.234,0.711,30.52,7.07,0.065,2.255,49.65,642.27,High
7059,Thermograph,Mixed,Thermal Anomaly,5,0.611,0.048,52.09,0.315,0.696,0.832,76.84,4.84,0.067,0.626,21.52,656.38,Low
7060,C-scan (Pristine with Holes),Pristine,None,2,0.547,0.079,31.93,0.882,0.955,0.597,74.57,7.03,0.029,0.217,35.49,557.9,Medium
7061,C-scan (BVID with Holes),Damaged,BVID,3,0.479,0.011,48.42,0.724,0.737,0.749,74.43,3.51,0.166,3.431,54.27,799.79,Medium
7062,Thermograph,Mixed,Thermal Anomaly,6,0.506,0.04,51.6,0.998,0.475,0.498,117.73,5.57,0.112,3.222,51.07,593.81,Medium
7063,C-scan (Pristine with Holes),Pristine,None,4,0.465,0.012,0.15,0.716,0.969,0.781,33.45,0.84,0.026,0.172,28.25,752.23,Low
7064,C-scan (Pristine with Holes),Pristine,None,3,0.608,0.051,6.81,0.99,0.918,0.806,25.79,2.72,0.035,0.782,59.66,797.87,High
7065,Thermograph,Mixed,None,4,0.548,0.07,37.72,0.181,0.85,0.38,60.72,1.6,0.091,0.737,50.36,690.57,Medium
7066,C-scan (BVID with Holes),Damaged,BVID,5,0.6,0.014,8.03,0.185,0.807,0.224,41.44,13.29,0.182,4.462,44.74,746.16,Medium
7067,C-scan (BVID with Holes),Damaged,BVID,2,0.474,0.024,28.65,0.966,0.559,0.688,41.02,8.81,0.103,3.458,51.41,391.95,Medium
7068,Thermograph,Mixed,Thermal Anomaly,6,0.565,0.01,24.78,0.136,0.33,0.253,109.08,7.46,0.136,3.253,54.76,601.53,Medium
7069,C-scan (BVID with Holes),Damaged,BVID,2,0.55,0.058,30.95,0.763,0.893,0.219,60.53,3.51,0.097,3.356,51.95,527.3,Medium
7070,C-scan (Pristine with Holes),Pristine,None,6,0.47,0.051,72.37,0.93,0.492,0.546,52.45,13.96,0.03,0.261,37.41,476.29,Medium
7071,Thermograph,Mixed,Thermal Anomaly,4,0.463,0.076,88.63,0.177,0.815,0.61,39.7,4.35,0.106,2.843,22.14,750.27,Low
7072,C-scan (Pristine with Holes),Pristine,None,2,0.68,0.015,28.04,0.578,0.22,0.344,114.77,2.06,0.01,0.449,43.98,697.18,Medium
7073,Thermograph,Mixed,Thermal Anomaly,3,0.654,0.063,29.46,0.346,0.312,0.819,46.76,3.6,0.131,0.909,27.07,551.77,Low
7074,C-scan (Pristine with Holes),Pristine,None,4,0.554,0.014,86.85,0.249,0.577,0.646,83.36,13.41,0.045,0.783,42.83,824.31,Medium
7075,Thermograph,Mixed,Thermal Anomaly,3,0.544,0.063,51.36,0.443,0.123,0.416,93.55,6.05,0.111,2.076,59.22,803.37,Medium
7076,C-scan (Pristine with Holes),Pristine,None,4,0.639,0.013,56.13,0.998,0.661,0.725,60.15,1.0,0.035,0.938,37.27,637.13,Medium
7077,C-scan (Pristine with Holes),Pristine,None,6,0.582,0.028,16.84,0.499,0.851,0.72,70.16,7.42,0.025,0.974,22.97,525.53,Low
7078,Thermograph,Mixed,Thermal Anomaly,6,0.544,0.022,35.6,0.775,0.28,0.603,67.61,13.45,0.071,2.197,42.38,880.08,Medium
7079,Thermograph,Mixed,None,3,0.504,0.043,84.72,0.371,0.585,0.273,33.72,12.11,0.075,3.014,47.97,607.71,High
7080,Thermograph,Mixed,Thermal Anomaly,5,0.498,0.05,21.75,0.583,0.458,0.683,55.49,13.6,0.061,3.352,30.08,526.21,Medium
7081,C-scan (BVID with Holes),Damaged,BVID,5,0.575,0.026,74.77,0.349,0.301,0.598,73.3,0.78,0.196,4.661,34.21,386.68,Medium
7082,C-scan (Pristine with Holes),Pristine,None,4,0.693,0.062,11.13,0.958,0.878,0.676,37.31,11.6,0.037,0.899,53.73,580.08,High
7083,C-scan (Pristine with Holes),Pristine,None,2,0.453,0.024,18.38,0.51,0.784,0.537,30.12,3.59,0.027,0.541,33.04,609.34,Medium
7084,Thermograph,Mixed,None,2,0.51,0.073,40.91,0.664,0.967,0.68,85.74,9.49,0.12,3.084,54.57,663.96,Medium
7085,Thermograph,Mixed,None,3,0.544,0.033,54.43,0.189,0.131,0.497,73.35,11.44,0.077,1.355,50.53,380.4,High
7086,C-scan (BVID with Holes),Damaged,BVID,3,0.488,0.051,56.86,0.83,0.354,0.251,58.71,12.49,0.131,4.819,26.58,642.97,Low
7087,Thermograph,Mixed,None,6,0.681,0.055,49.16,0.738,0.314,0.505,61.71,6.37,0.134,1.568,33.43,470.97,Medium
7088,C-scan (Pristine with Holes),Pristine,None,6,0.535,0.062,62.95,0.977,0.258,0.511,70.85,4.57,0.025,0.787,34.15,360.95,Medium
7089,C-scan (Pristine with Holes),Pristine,None,5,0.5,0.054,12.43,0.756,0.641,0.511,33.18,1.22,0.022,0.46,25.56,495.33,Low
7090,C-scan (Pristine with Holes),Pristine,None,4,0.628,0.074,13.97,0.854,0.819,0.219,55.79,8.57,0.012,0.458,39.55,653.72,Medium
7091,Thermograph,Mixed,None,2,0.699,0.012,44.6,0.735,0.374,0.566,81.11,5.34,0.138,2.211,42.5,431.89,Medium
7092,C-scan (BVID with Holes),Damaged,BVID,2,0.633,0.051,63.89,0.963,0.795,0.353,53.81,7.47,0.173,3.829,51.04,514.54,Medium
7093,Thermograph,Mixed,Thermal Anomaly,4,0.612,0.035,76.19,0.809,0.544,0.358,77.18,2.35,0.132,3.013,30.44,613.3,Medium
7094,Thermograph,Mixed,Thermal Anomaly,4,0.653,0.077,25.49,0.773,0.591,0.392,33.92,14.36,0.071,1.892,50.04,771.79,High
7095,Thermograph,Mixed,None,6,0.647,0.028,12.84,0.969,0.698,0.423,88.7,11.08,0.038,1.358,33.21,434.98,Medium
7096,C-scan (BVID with Holes),Damaged,BVID,4,0.467,0.059,55.8,0.547,0.881,0.766,62.37,4.56,0.084,1.143,25.11,828.35,Low
7097,C-scan (Pristine with Holes),Pristine,None,6,0.577,0.068,64.63,0.659,0.743,0.574,74.11,12.72,0.015,0.486,39.45,420.12,Medium
7098,Thermograph,Mixed,Thermal Anomaly,4,0.638,0.021,84.24,0.804,0.733,0.428,90.99,8.74,0.1,3.458,49.0,708.21,Medium
7099,C-scan (Pristine with Holes),Pristine,None,6,0.625,0.072,83.92,0.574,0.987,0.6,36.5,2.83,0.029,0.602,22.49,490.11,Low
7100,C-scan (BVID with Holes),Damaged,BVID,4,0.663,0.022,29.8,0.905,0.597,0.535,98.47,7.33,0.095,4.133,39.27,544.94,Medium
7101,C-scan (BVID with Holes),Damaged,BVID,3,0.683,0.071,24.21,0.374,0.898,0.245,51.98,13.6,0.192,3.5,29.16,591.4,Low
7102,C-scan (BVID with Holes),Damaged,BVID,3,0.572,0.029,65.0,0.402,0.11,0.231,46.69,13.37,0.101,1.461,49.59,477.47,Medium
7103,C-scan (BVID with Holes),Damaged,BVID,3,0.577,0.054,54.62,0.568,0.875,0.555,59.22,14.48,0.113,2.769,48.63,679.76,Medium
7104,C-scan (Pristine with Holes),Pristine,None,2,0.68,0.029,10.58,0.762,0.233,0.73,26.54,0.71,0.027,0.969,42.17,561.63,Medium
7105,C-scan (BVID with Holes),Damaged,BVID,4,0.492,0.014,83.85,0.164,0.377,0.838,69.15,14.09,0.128,2.702,27.48,794.88,Low
7106,Thermograph,Mixed,Thermal Anomaly,6,0.473,0.034,3.14,0.859,0.725,0.402,78.39,4.57,0.062,0.64,48.78,650.35,High
7107,C-scan (BVID with Holes),Damaged,BVID,2,0.694,0.079,2.25,0.292,0.862,0.26,25.75,3.83,0.084,4.824,29.24,787.43,Low
7108,C-scan (Pristine with Holes),Pristine,None,2,0.678,0.056,48.02,0.461,0.129,0.851,107.44,5.66,0.038,0.499,33.91,829.77,Medium
7109,C-scan (BVID with Holes),Damaged,BVID,5,0.51,0.018,79.85,0.327,0.682,0.686,118.55,2.58,0.108,4.09,47.92,388.61,Medium
7110,C-scan (BVID with Holes),Damaged,BVID,4,0.617,0.017,64.17,0.504,0.826,0.867,44.49,4.22,0.103,4.002,53.43,434.78,Medium
7111,C-scan (Pristine with Holes),Pristine,None,5,0.59,0.016,26.62,0.801,0.996,0.254,91.77,7.58,0.014,0.116,35.96,863.98,Medium
7112,C-scan (Pristine with Holes),Pristine,None,5,0.656,0.079,45.5,0.293,0.928,0.36,56.73,13.66,0.037,0.346,52.58,587.66,High
7113,C-scan (BVID with Holes),Damaged,BVID,6,0.566,0.042,3.51,0.186,0.93,0.457,72.67,6.44,0.095,4.35,36.11,767.53,Medium
7114,C-scan (BVID with Holes),Damaged,BVID,3,0.478,0.051,56.76,0.967,0.613,0.206,41.06,9.5,0.19,4.9,49.44,887.06,Medium
7115,C-scan (BVID with Holes),Damaged,BVID,5,0.483,0.069,34.2,0.938,0.195,0.844,58.37,6.4,0.116,3.992,29.43,562.11,Low
7116,C-scan (BVID with Holes),Damaged,BVID,5,0.544,0.04,12.48,0.282,0.858,0.345,45.72,5.48,0.169,4.664,28.76,573.69,Low
7117,C-scan (BVID with Holes),Damaged,BVID,4,0.681,0.02,7.66,0.694,0.944,0.681,40.0,14.22,0.118,3.061,45.52,498.0,Medium
7118,C-scan (BVID with Holes),Damaged,BVID,6,0.682,0.068,36.87,0.137,0.839,0.364,88.06,11.83,0.1,4.487,48.84,789.48,Medium
7119,C-scan (BVID with Holes),Damaged,BVID,4,0.681,0.032,58.08,0.411,0.999,0.622,101.65,4.72,0.086,4.821,41.46,664.75,Medium
7120,C-scan (Pristine with Holes),Pristine,None,2,0.545,0.042,25.1,0.392,0.216,0.388,90.64,9.34,0.025,0.939,27.24,553.8,Low
7121,C-scan (Pristine with Holes),Pristine,None,2,0.472,0.056,81.81,0.224,0.513,0.358,89.34,7.18,0.038,0.233,22.38,471.37,Low
7122,Thermograph,Mixed,None,6,0.563,0.035,58.18,0.295,0.468,0.625,33.67,13.57,0.054,3.274,46.58,439.02,High
7123,Thermograph,Mixed,None,5,0.458,0.012,49.88,0.794,0.298,0.431,36.04,12.11,0.128,2.659,37.91,649.08,Medium
7124,C-scan (Pristine with Holes),Pristine,None,2,0.472,0.05,78.25,0.196,0.557,0.427,89.33,9.07,0.037,0.839,41.97,656.84,Medium
7125,Thermograph,Mixed,None,4,0.654,0.061,19.67,0.899,0.807,0.327,114.09,14.42,0.047,2.968,28.95,818.34,Low
7126,C-scan (BVID with Holes),Damaged,BVID,4,0.47,0.044,58.92,0.783,0.44,0.44,84.73,5.13,0.17,2.752,23.66,862.65,Low
7127,C-scan (Pristine with Holes),Pristine,None,2,0.69,0.073,20.73,0.914,0.485,0.609,106.04,14.12,0.037,0.101,48.97,501.69,High
7128,C-scan (Pristine with Holes),Pristine,None,3,0.623,0.026,42.17,0.173,0.808,0.234,88.49,12.85,0.014,0.423,58.24,411.62,High
7129,C-scan (Pristine with Holes),Pristine,None,4,0.623,0.019,12.99,0.397,0.867,0.211,89.28,9.36,0.017,0.18,36.84,735.23,Medium
7130,Thermograph,Mixed,Thermal Anomaly,4,0.524,0.074,28.26,0.902,0.285,0.768,99.01,0.89,0.073,3.482,27.33,387.92,Low
7131,C-scan (Pristine with Holes),Pristine,None,4,0.487,0.051,52.32,0.195,0.658,0.752,56.31,10.55,0.035,0.377,52.26,460.65,High
7132,Thermograph,Mixed,Thermal Anomaly,4,0.643,0.012,60.76,0.711,0.315,0.742,50.45,4.88,0.047,0.68,33.02,678.94,Medium
7133,C-scan (Pristine with Holes),Pristine,None,5,0.7,0.051,57.34,0.826,0.643,0.276,115.58,7.15,0.018,0.129,48.98,727.82,High
7134,C-scan (BVID with Holes),Damaged,BVID,2,0.671,0.019,22.72,0.333,0.138,0.465,53.71,13.72,0.166,2.648,44.9,561.29,Medium
7135,C-scan (BVID with Holes),Damaged,BVID,5,0.582,0.046,7.51,0.962,0.449,0.746,39.15,5.69,0.171,2.852,20.19,625.09,Low
7136,C-scan (Pristine with Holes),Pristine,None,5,0.599,0.042,30.01,0.814,0.103,0.84,102.93,13.38,0.017,0.266,53.81,459.15,High
7137,C-scan (BVID with Holes),Damaged,BVID,6,0.474,0.053,20.75,0.693,0.637,0.48,108.67,5.21,0.118,2.388,44.26,435.06,Medium
7138,C-scan (Pristine with Holes),Pristine,None,4,0.642,0.037,46.48,0.129,0.688,0.9,28.53,9.68,0.034,0.118,39.51,477.56,Medium
7139,C-scan (BVID with Holes),Damaged,BVID,2,0.587,0.071,15.53,0.913,0.743,0.203,98.65,14.8,0.183,4.991,59.01,552.86,Medium
7140,C-scan (BVID with Holes),Damaged,BVID,2,0.501,0.068,52.56,0.342,0.384,0.648,112.88,14.48,0.104,2.313,20.05,487.93,Low
7141,Thermograph,Mixed,None,5,0.619,0.039,2.98,0.567,0.943,0.707,91.77,11.26,0.059,1.86,48.41,572.57,High
7142,Thermograph,Mixed,Thermal Anomaly,6,0.464,0.054,23.9,0.523,0.526,0.269,87.85,10.81,0.096,2.885,51.89,844.09,Medium
7143,Thermograph,Mixed,Thermal Anomaly,5,0.669,0.035,19.29,0.203,0.502,0.295,36.81,9.86,0.129,0.942,45.12,741.77,Medium
7144,C-scan (BVID with Holes),Damaged,BVID,2,0.483,0.042,60.69,0.196,0.513,0.392,25.25,5.02,0.124,4.737,50.32,724.0,Medium
7145,C-scan (BVID with Holes),Damaged,BVID,5,0.662,0.073,48.87,0.498,0.643,0.764,65.56,3.65,0.193,1.29,45.21,887.12,Medium
7146,Thermograph,Mixed,Thermal Anomaly,5,0.656,0.074,25.62,0.574,0.252,0.395,51.7,3.18,0.111,3.004,50.75,734.6,Medium
7147,C-scan (BVID with Holes),Damaged,BVID,6,0.6,0.015,85.24,0.45,0.412,0.471,115.27,4.6,0.198,1.503,53.05,641.47,Medium
7148,C-scan (BVID with Holes),Damaged,BVID,5,0.644,0.032,37.29,0.913,0.83,0.884,105.18,4.85,0.156,1.084,37.26,779.84,Medium
7149,C-scan (BVID with Holes),Damaged,BVID,6,0.501,0.026,48.67,0.227,0.399,0.618,103.93,9.85,0.182,4.715,44.95,447.27,Medium
7150,C-scan (BVID with Holes),Damaged,BVID,6,0.543,0.055,27.04,0.852,0.333,0.22,108.61,4.49,0.102,2.89,37.81,490.85,Medium
7151,C-scan (BVID with Holes),Damaged,BVID,5,0.629,0.051,51.97,0.806,0.245,0.875,56.9,14.64,0.199,3.559,47.7,874.4,Medium
7152,C-scan (BVID with Holes),Damaged,BVID,2,0.462,0.067,25.56,0.229,0.151,0.387,88.7,7.32,0.091,3.558,34.14,414.09,Medium
7153,C-scan (BVID with Holes),Damaged,BVID,6,0.648,0.039,32.4,0.511,0.455,0.419,32.24,8.99,0.146,4.669,30.53,516.51,Medium
7154,C-scan (BVID with Holes),Damaged,BVID,6,0.493,0.077,0.53,0.181,0.6,0.235,92.78,9.96,0.197,4.829,37.07,569.15,Medium
7155,C-scan (BVID with Holes),Damaged,BVID,5,0.637,0.047,22.47,0.446,0.636,0.323,74.38,7.07,0.146,2.816,48.85,653.03,Medium
7156,C-scan (BVID with Holes),Damaged,BVID,6,0.459,0.064,59.99,0.89,0.566,0.28,106.65,2.58,0.083,4.875,39.9,424.07,Medium
7157,C-scan (Pristine with Holes),Pristine,None,2,0.553,0.054,62.78,0.262,0.69,0.422,52.75,3.45,0.026,0.658,35.57,362.37,Medium
7158,C-scan (BVID with Holes),Damaged,BVID,3,0.588,0.029,19.15,0.174,0.398,0.679,83.08,13.76,0.172,2.966,39.07,546.43,Medium
7159,Thermograph,Mixed,Thermal Anomaly,3,0.451,0.055,83.23,0.1,0.75,0.316,38.85,5.41,0.133,2.609,55.17,552.66,Medium
7160,C-scan (BVID with Holes),Damaged,BVID,2,0.577,0.031,88.23,0.738,0.475,0.821,43.42,9.68,0.182,4.123,37.0,455.25,Medium
7161,C-scan (Pristine with Holes),Pristine,None,6,0.613,0.011,58.15,0.937,0.36,0.434,84.19,9.63,0.04,0.51,28.46,720.86,Low
7162,C-scan (BVID with Holes),Damaged,BVID,6,0.57,0.037,6.96,0.222,0.216,0.872,31.52,12.39,0.132,1.314,30.74,742.83,Medium
7163,Thermograph,Mixed,Thermal Anomaly,5,0.677,0.018,51.28,0.898,0.415,0.802,94.21,3.01,0.038,2.372,43.78,675.36,Medium
7164,C-scan (Pristine with Holes),Pristine,None,4,0.453,0.014,62.36,0.71,0.508,0.652,81.76,10.88,0.037,0.651,22.58,880.95,Low
7165,Thermograph,Mixed,None,6,0.68,0.067,35.97,0.485,0.254,0.46,60.98,12.83,0.086,3.108,42.41,799.3,Medium
7166,Thermograph,Mixed,Thermal Anomaly,3,0.638,0.063,36.48,0.143,0.29,0.654,81.89,3.69,0.067,0.913,50.58,502.47,High
7167,C-scan (Pristine with Holes),Pristine,None,3,0.481,0.047,85.06,0.765,0.207,0.517,102.6,3.65,0.018,0.844,48.91,545.56,High
7168,C-scan (Pristine with Holes),Pristine,None,3,0.616,0.077,54.85,0.961,0.318,0.431,109.98,2.7,0.026,0.176,41.81,579.98,Medium
7169,C-scan (Pristine with Holes),Pristine,None,6,0.47,0.035,35.52,0.889,0.993,0.741,103.5,14.17,0.049,0.915,36.12,734.26,Medium
7170,C-scan (Pristine with Holes),Pristine,None,5,0.681,0.031,22.28,0.564,0.748,0.651,88.73,13.3,0.028,0.331,45.41,878.46,High
7171,Thermograph,Mixed,None,6,0.605,0.022,60.23,0.606,0.872,0.236,41.82,2.42,0.07,1.51,37.4,435.55,Medium
7172,C-scan (BVID with Holes),Damaged,BVID,2,0.511,0.074,88.04,0.822,0.881,0.608,42.21,8.93,0.16,4.337,27.04,536.12,Low
7173,Thermograph,Mixed,Thermal Anomaly,3,0.538,0.062,12.86,0.67,0.619,0.782,54.84,6.28,0.148,2.89,51.86,785.34,Medium
7174,C-scan (Pristine with Holes),Pristine,None,4,0.659,0.065,26.53,0.959,0.335,0.71,119.65,7.4,0.021,0.257,28.44,810.17,Low
7175,C-scan (BVID with Holes),Damaged,BVID,5,0.505,0.07,39.63,0.297,0.259,0.744,85.26,3.25,0.189,3.081,40.66,532.09,Medium
7176,C-scan (Pristine with Holes),Pristine,None,3,0.6,0.077,49.51,0.31,0.451,0.251,94.42,4.43,0.05,0.631,58.71,780.74,High
7177,Thermograph,Mixed,Thermal Anomaly,6,0.69,0.011,49.69,0.546,0.922,0.898,82.63,7.38,0.102,1.842,44.98,474.31,Medium
7178,Thermograph,Mixed,Thermal Anomaly,3,0.516,0.02,76.88,0.391,0.175,0.364,53.86,10.43,0.09,1.607,49.19,541.74,Medium
7179,C-scan (BVID with Holes),Damaged,BVID,2,0.47,0.036,16.5,0.685,0.408,0.737,86.31,3.51,0.098,1.416,20.17,554.29,Low
7180,C-scan (BVID with Holes),Damaged,BVID,2,0.591,0.035,68.48,0.478,0.239,0.418,88.27,12.37,0.103,3.801,46.02,386.53,Medium
7181,C-scan (Pristine with Holes),Pristine,None,5,0.697,0.054,8.37,0.687,0.938,0.676,37.88,5.62,0.011,0.144,23.61,614.47,Low
7182,C-scan (BVID with Holes),Damaged,BVID,3,0.563,0.067,18.39,0.236,0.658,0.33,81.62,2.41,0.194,3.248,32.39,870.6,Medium
7183,C-scan (BVID with Holes),Damaged,BVID,5,0.638,0.046,15.76,0.32,0.594,0.615,96.43,7.37,0.163,3.336,37.16,505.77,Medium
7184,Thermograph,Mixed,None,3,0.461,0.056,12.15,0.156,0.122,0.312,102.45,7.06,0.097,1.775,33.52,629.37,Medium
7185,C-scan (Pristine with Holes),Pristine,None,5,0.699,0.064,70.96,0.653,0.121,0.262,100.79,9.77,0.019,0.378,50.98,409.81,High
7186,C-scan (BVID with Holes),Damaged,BVID,2,0.698,0.033,81.43,0.411,0.535,0.674,38.73,14.46,0.126,2.817,44.28,482.98,Medium
7187,Thermograph,Mixed,None,3,0.479,0.02,25.04,0.602,0.402,0.33,53.8,3.44,0.035,1.293,35.58,837.67,Medium
7188,Thermograph,Mixed,None,2,0.684,0.028,19.2,0.308,0.996,0.534,90.34,1.44,0.081,0.807,43.4,437.6,Medium
7189,C-scan (Pristine with Holes),Pristine,None,5,0.471,0.043,19.03,0.969,0.75,0.504,115.94,12.06,0.03,0.291,58.58,540.52,High
7190,Thermograph,Mixed,None,5,0.463,0.079,48.92,0.995,0.853,0.466,113.26,3.02,0.053,2.205,37.84,802.54,Medium
7191,C-scan (BVID with Holes),Damaged,BVID,5,0.665,0.028,54.09,0.335,0.647,0.588,93.3,4.5,0.18,3.278,59.25,624.9,Medium
7192,Thermograph,Mixed,None,5,0.648,0.067,89.28,0.726,0.674,0.892,58.33,6.94,0.129,1.612,35.17,534.64,Medium
7193,C-scan (Pristine with Holes),Pristine,None,5,0.626,0.034,15.22,0.681,0.995,0.827,74.83,8.44,0.026,0.824,22.62,756.43,Low
7194,Thermograph,Mixed,None,2,0.672,0.067,21.15,0.988,0.893,0.402,44.76,13.02,0.116,0.77,39.42,735.23,Medium
7195,C-scan (BVID with Holes),Damaged,BVID,2,0.539,0.057,24.66,0.398,0.782,0.474,97.55,3.51,0.199,4.877,22.11,549.65,Low
7196,Thermograph,Mixed,None,4,0.636,0.033,29.3,0.496,0.336,0.448,107.71,12.17,0.087,2.69,53.08,535.44,Medium
7197,Thermograph,Mixed,Thermal Anomaly,2,0.557,0.079,50.49,0.569,0.277,0.648,40.97,13.55,0.108,1.43,34.03,585.0,Medium
7198,C-scan (BVID with Holes),Damaged,BVID,6,0.625,0.033,55.48,0.428,0.971,0.774,38.07,5.33,0.173,4.424,31.16,494.44,Medium
7199,C-scan (Pristine with Holes),Pristine,None,5,0.572,0.025,19.91,0.687,0.79,0.839,91.66,11.66,0.033,0.786,39.92,760.68,Medium
7200,C-scan (BVID with Holes),Damaged,BVID,6,0.468,0.011,65.6,0.932,0.972,0.783,45.47,6.08,0.184,3.184,36.81,360.43,Medium
7201,Thermograph,Mixed,Thermal Anomaly,2,0.696,0.034,83.11,0.968,0.296,0.687,119.61,0.9,0.075,1.529,27.91,527.02,Low
7202,Thermograph,Mixed,None,5,0.474,0.045,1.82,0.57,0.332,0.734,71.08,2.63,0.121,3.12,52.06,568.08,Medium
7203,C-scan (BVID with Holes),Damaged,BVID,3,0.559,0.042,60.99,0.637,0.189,0.426,58.45,6.49,0.136,4.841,26.74,620.11,Low
7204,C-scan (BVID with Holes),Damaged,BVID,6,0.627,0.026,14.66,0.41,0.859,0.271,58.8,1.66,0.189,3.887,25.73,836.03,Low
7205,Thermograph,Mixed,Thermal Anomaly,2,0.612,0.074,85.6,0.442,0.158,0.484,95.77,10.78,0.126,3.447,24.48,354.7,Low
7206,Thermograph,Mixed,None,3,0.521,0.021,57.84,0.728,0.81,0.392,90.66,7.87,0.092,1.459,57.86,568.03,Medium
7207,C-scan (BVID with Holes),Damaged,BVID,4,0.452,0.054,6.82,0.493,0.399,0.796,92.4,10.17,0.103,1.29,23.68,403.64,Low
7208,C-scan (BVID with Holes),Damaged,BVID,3,0.525,0.027,73.9,0.376,0.405,0.574,65.48,6.43,0.164,4.686,47.44,706.61,Medium
7209,C-scan (Pristine with Holes),Pristine,None,3,0.587,0.059,45.42,0.622,0.372,0.805,62.28,12.6,0.016,0.64,26.46,720.31,Low
7210,C-scan (Pristine with Holes),Pristine,None,2,0.539,0.053,27.21,0.833,0.841,0.477,30.9,6.85,0.03,0.914,47.24,709.16,High
7211,C-scan (Pristine with Holes),Pristine,None,3,0.641,0.016,69.63,0.444,0.316,0.892,81.04,8.05,0.029,0.346,54.67,878.5,High
7212,Thermograph,Mixed,None,5,0.477,0.038,19.88,0.934,0.802,0.389,86.44,12.86,0.065,0.756,35.59,598.86,Medium
7213,C-scan (Pristine with Holes),Pristine,None,4,0.634,0.059,74.43,0.16,0.346,0.826,119.42,3.14,0.039,0.305,23.38,619.57,Low
7214,Thermograph,Mixed,Thermal Anomaly,4,0.537,0.062,46.85,0.494,0.453,0.471,30.54,12.67,0.12,1.695,31.94,768.0,Medium
7215,C-scan (BVID with Holes),Damaged,BVID,3,0.699,0.077,19.76,0.324,0.551,0.805,27.46,11.67,0.131,1.175,44.69,819.32,Medium
7216,C-scan (Pristine with Holes),Pristine,None,3,0.617,0.058,30.39,0.893,0.215,0.204,64.56,3.93,0.039,0.835,25.63,675.36,Low
7217,Thermograph,Mixed,None,6,0.538,0.04,8.82,0.818,0.982,0.73,26.17,2.1,0.048,2.141,20.95,477.15,Low
7218,C-scan (Pristine with Holes),Pristine,None,3,0.453,0.072,24.24,0.196,0.954,0.605,35.25,14.19,0.011,0.688,43.99,842.81,Medium
7219,C-scan (BVID with Holes),Damaged,BVID,2,0.465,0.077,29.74,0.753,0.149,0.259,67.76,2.17,0.092,3.375,20.23,411.35,Low
7220,Thermograph,Mixed,Thermal Anomaly,3,0.539,0.035,12.13,0.748,0.431,0.369,66.47,13.12,0.042,3.383,48.05,809.99,High
7221,C-scan (BVID with Holes),Damaged,BVID,5,0.593,0.044,56.56,0.526,0.766,0.671,113.98,9.02,0.088,3.774,44.47,366.88,Medium
7222,Thermograph,Mixed,None,4,0.532,0.067,68.97,0.791,0.66,0.347,99.09,8.42,0.088,0.674,34.15,819.02,Medium
7223,C-scan (BVID with Holes),Damaged,BVID,6,0.634,0.041,87.82,0.38,0.704,0.888,114.13,4.86,0.184,1.417,29.92,744.73,Low
7224,C-scan (Pristine with Holes),Pristine,None,6,0.582,0.031,67.65,0.446,0.176,0.681,56.1,1.29,0.027,0.797,32.27,887.31,Medium
7225,C-scan (BVID with Holes),Damaged,BVID,3,0.472,0.042,60.19,0.86,0.409,0.73,69.87,8.54,0.165,3.13,41.05,761.85,Medium
7226,C-scan (BVID with Holes),Damaged,BVID,3,0.598,0.061,66.77,0.694,0.351,0.654,39.72,5.34,0.152,4.793,54.88,758.23,Medium
7227,Thermograph,Mixed,None,5,0.664,0.018,18.13,0.138,0.204,0.606,72.3,7.0,0.15,0.803,42.1,447.76,Medium
7228,Thermograph,Mixed,Thermal Anomaly,4,0.509,0.026,57.71,0.73,0.996,0.787,102.64,9.81,0.111,3.026,23.32,606.62,Low
7229,C-scan (BVID with Holes),Damaged,BVID,4,0.538,0.065,0.44,0.448,0.357,0.639,54.73,14.05,0.089,2.3,25.21,445.48,Low
7230,C-scan (Pristine with Holes),Pristine,None,3,0.627,0.072,77.13,0.551,0.161,0.598,40.21,4.04,0.033,0.416,44.11,484.45,Medium
7231,C-scan (Pristine with Holes),Pristine,None,5,0.522,0.063,88.52,0.647,0.377,0.373,45.49,5.72,0.027,0.512,26.43,458.76,Low
7232,Thermograph,Mixed,None,5,0.469,0.026,76.8,0.219,0.791,0.745,56.23,1.92,0.057,3.147,47.17,412.59,High
7233,C-scan (Pristine with Holes),Pristine,None,3,0.496,0.023,20.01,0.838,0.741,0.224,63.33,2.53,0.027,0.981,29.28,825.22,Low
7234,C-scan (Pristine with Holes),Pristine,None,4,0.529,0.059,6.72,0.62,0.518,0.279,25.89,14.46,0.026,0.738,22.83,816.88,Low
7235,Thermograph,Mixed,Thermal Anomaly,5,0.495,0.022,58.61,0.667,0.675,0.632,89.76,4.04,0.088,1.436,52.39,869.5,Medium
7236,Thermograph,Mixed,Thermal Anomaly,4,0.508,0.024,36.97,0.114,0.482,0.321,81.64,5.36,0.061,2.588,25.14,391.98,Low
7237,C-scan (BVID with Holes),Damaged,BVID,3,0.514,0.074,42.63,0.415,0.602,0.463,44.82,8.65,0.16,4.917,51.21,374.14,Medium
7238,C-scan (BVID with Holes),Damaged,BVID,5,0.51,0.042,76.52,0.859,0.174,0.574,80.13,4.01,0.176,3.591,28.03,472.81,Low
7239,C-scan (Pristine with Holes),Pristine,None,3,0.663,0.079,72.73,0.523,0.301,0.242,84.7,3.02,0.039,0.869,53.11,789.47,High
7240,Thermograph,Mixed,None,5,0.606,0.022,38.0,0.387,0.531,0.71,93.64,10.06,0.124,2.868,34.57,861.73,Medium
7241,C-scan (Pristine with Holes),Pristine,None,2,0.595,0.058,35.96,0.832,0.461,0.547,74.7,13.24,0.048,0.505,55.53,872.79,High
7242,C-scan (Pristine with Holes),Pristine,None,3,0.566,0.045,19.67,0.666,0.436,0.203,51.17,0.82,0.012,0.851,43.73,764.93,Medium
7243,C-scan (Pristine with Holes),Pristine,None,5,0.686,0.055,47.91,0.866,0.772,0.872,78.56,9.85,0.025,0.327,23.99,606.77,Low
7244,C-scan (BVID with Holes),Damaged,BVID,4,0.571,0.018,79.06,0.431,0.89,0.825,60.18,10.6,0.179,4.201,53.23,779.68,Medium
7245,C-scan (BVID with Holes),Damaged,BVID,5,0.505,0.047,12.98,0.442,0.896,0.815,59.84,7.25,0.096,1.789,35.41,646.69,Medium
7246,Thermograph,Mixed,None,2,0.538,0.019,86.33,0.917,0.745,0.806,31.58,6.68,0.048,0.691,30.13,861.62,Medium
7247,C-scan (BVID with Holes),Damaged,BVID,2,0.481,0.041,67.17,0.54,0.847,0.815,86.41,3.08,0.144,4.189,24.94,749.55,Low
7248,Thermograph,Mixed,Thermal Anomaly,4,0.48,0.067,57.46,0.53,0.872,0.269,97.13,4.46,0.125,2.905,30.09,573.39,Medium
7249,C-scan (Pristine with Holes),Pristine,None,4,0.453,0.041,21.48,0.369,0.478,0.839,98.81,14.79,0.044,0.817,21.37,785.64,Low
7250,C-scan (BVID with Holes),Damaged,BVID,2,0.48,0.051,53.59,0.224,0.65,0.344,43.05,1.35,0.116,3.09,32.51,498.67,Medium
7251,C-scan (Pristine with Holes),Pristine,None,4,0.544,0.038,18.76,0.856,0.827,0.869,45.12,13.95,0.034,0.759,43.66,598.34,Medium
7252,C-scan (BVID with Holes),Damaged,BVID,5,0.655,0.012,28.16,0.389,0.313,0.461,72.88,10.64,0.127,1.177,42.06,656.09,Medium
7253,Thermograph,Mixed,Thermal Anomaly,5,0.692,0.037,70.57,0.546,0.542,0.274,93.78,4.91,0.107,2.609,26.51,546.32,Low
7254,C-scan (Pristine with Holes),Pristine,None,5,0.538,0.019,10.07,0.799,0.849,0.362,101.8,10.31,0.012,0.401,48.46,644.22,High
7255,Thermograph,Mixed,None,4,0.645,0.029,23.77,0.5,0.502,0.46,88.91,5.72,0.114,1.718,57.95,466.52,Medium
7256,Thermograph,Mixed,None,2,0.543,0.017,30.5,0.912,0.522,0.809,101.99,11.53,0.115,2.476,44.38,734.96,Medium
7257,C-scan (Pristine with Holes),Pristine,None,4,0.549,0.069,15.85,0.901,0.728,0.654,106.65,7.95,0.027,0.335,41.94,866.02,Medium
7258,C-scan (BVID with Holes),Damaged,BVID,4,0.609,0.065,6.8,0.334,0.434,0.698,29.55,8.79,0.193,1.575,38.94,484.68,Medium
7259,Thermograph,Mixed,None,4,0.694,0.034,17.02,0.882,0.652,0.388,69.15,11.14,0.084,1.363,22.5,615.31,Low
7260,C-scan (Pristine with Holes),Pristine,None,3,0.479,0.062,3.66,0.363,0.611,0.825,100.65,11.73,0.036,0.751,44.29,455.3,Medium
7261,C-scan (BVID with Holes),Damaged,BVID,2,0.691,0.069,2.46,0.99,0.961,0.5,95.93,2.38,0.2,2.437,27.09,899.44,Low
7262,Thermograph,Mixed,Thermal Anomaly,6,0.618,0.051,6.82,0.254,0.306,0.758,76.6,1.27,0.148,2.233,51.96,540.43,Medium
7263,Thermograph,Mixed,None,4,0.641,0.012,58.13,0.418,0.19,0.782,112.09,10.09,0.14,2.406,45.77,620.05,Medium
7264,C-scan (BVID with Holes),Damaged,BVID,6,0.582,0.011,19.89,0.889,0.931,0.396,75.99,8.25,0.128,3.481,20.15,846.28,Low
7265,Thermograph,Mixed,None,4,0.615,0.02,46.09,0.278,0.835,0.381,90.81,4.77,0.072,2.787,42.46,366.74,Medium
7266,C-scan (BVID with Holes),Damaged,BVID,4,0.645,0.021,63.15,0.547,0.622,0.34,38.98,8.66,0.189,2.542,58.94,537.73,Medium
7267,C-scan (Pristine with Holes),Pristine,None,3,0.626,0.036,29.97,0.254,0.49,0.376,88.15,8.57,0.036,0.757,34.93,665.59,Medium
7268,C-scan (Pristine with Holes),Pristine,None,2,0.618,0.036,55.7,0.969,0.39,0.236,31.14,5.58,0.026,0.968,36.82,830.37,Medium
7269,Thermograph,Mixed,None,6,0.545,0.049,7.84,0.618,0.97,0.36,54.9,9.35,0.036,0.51,58.54,648.35,High
7270,C-scan (BVID with Holes),Damaged,BVID,5,0.647,0.016,22.05,0.48,0.353,0.683,81.29,11.15,0.149,2.723,55.79,791.76,Medium
7271,Thermograph,Mixed,None,3,0.457,0.011,41.78,0.938,0.205,0.772,63.65,4.83,0.035,3.467,54.98,794.05,High
7272,C-scan (BVID with Holes),Damaged,BVID,4,0.453,0.028,77.44,0.205,0.675,0.335,110.1,4.46,0.134,2.144,41.24,729.16,Medium
7273,Thermograph,Mixed,None,5,0.606,0.04,52.6,0.345,0.246,0.259,58.42,14.33,0.051,3.268,59.35,553.25,High
7274,C-scan (Pristine with Holes),Pristine,None,5,0.684,0.067,38.43,0.326,0.225,0.238,78.52,2.25,0.022,0.142,40.95,704.65,Medium
7275,C-scan (BVID with Holes),Damaged,BVID,2,0.522,0.08,58.19,0.973,0.11,0.764,76.54,8.29,0.096,4.071,40.25,674.3,Medium
7276,Thermograph,Mixed,None,3,0.537,0.061,87.66,0.819,0.153,0.777,87.98,9.03,0.057,1.481,56.74,746.68,High
7277,Thermograph,Mixed,None,2,0.573,0.062,41.85,0.128,0.227,0.372,64.56,12.47,0.051,0.897,50.65,528.89,High
7278,C-scan (Pristine with Holes),Pristine,None,6,0.691,0.08,23.45,0.684,0.718,0.697,68.32,8.71,0.036,0.437,40.39,411.9,Medium
7279,C-scan (BVID with Holes),Damaged,BVID,3,0.458,0.031,0.47,0.356,0.136,0.646,33.48,1.65,0.183,2.801,25.17,366.27,Low
7280,C-scan (BVID with Holes),Damaged,BVID,3,0.628,0.054,44.49,0.697,0.922,0.84,50.92,8.74,0.187,1.624,27.13,803.33,Low
7281,Thermograph,Mixed,None,5,0.597,0.015,80.69,0.991,0.538,0.539,110.17,2.42,0.143,2.713,56.73,633.86,Medium
7282,Thermograph,Mixed,Thermal Anomaly,2,0.591,0.064,63.91,0.419,0.903,0.663,66.55,14.08,0.059,1.396,48.67,838.43,High
7283,C-scan (BVID with Holes),Damaged,BVID,2,0.467,0.055,21.91,0.659,0.137,0.529,102.89,11.62,0.15,4.998,52.03,361.05,Medium
7284,Thermograph,Mixed,None,4,0.612,0.026,28.93,0.592,0.606,0.473,79.9,14.54,0.115,0.503,42.28,592.36,Medium
7285,C-scan (BVID with Holes),Damaged,BVID,5,0.675,0.033,46.05,0.861,0.995,0.762,109.56,11.51,0.115,4.316,30.1,893.17,Medium
7286,Thermograph,Mixed,Thermal Anomaly,5,0.463,0.058,45.42,0.219,0.933,0.379,78.89,11.49,0.071,2.943,48.54,766.15,High
7287,Thermograph,Mixed,Thermal Anomaly,2,0.587,0.033,74.57,0.289,0.487,0.242,119.95,13.23,0.108,0.94,55.29,523.47,Medium
7288,C-scan (BVID with Holes),Damaged,BVID,5,0.547,0.044,84.7,0.959,0.967,0.79,26.37,14.11,0.136,2.791,48.27,352.96,Medium
7289,C-scan (Pristine with Holes),Pristine,None,2,0.463,0.072,27.15,0.96,0.811,0.258,94.15,3.49,0.015,0.66,56.99,409.27,High
7290,C-scan (Pristine with Holes),Pristine,None,3,0.48,0.042,29.54,0.744,0.155,0.665,74.29,1.59,0.034,0.58,20.32,417.32,Low
7291,Thermograph,Mixed,None,5,0.517,0.067,78.05,0.614,0.272,0.456,77.55,4.52,0.078,2.523,59.17,445.98,High
7292,Thermograph,Mixed,None,2,0.595,0.054,38.02,0.247,0.249,0.765,37.12,7.4,0.083,1.65,24.31,815.54,Low
7293,C-scan (Pristine with Holes),Pristine,None,4,0.657,0.062,39.19,0.469,0.553,0.278,115.61,3.43,0.017,0.926,37.91,665.36,Medium
7294,C-scan (Pristine with Holes),Pristine,None,6,0.476,0.013,6.58,0.6,0.781,0.851,40.38,10.05,0.031,0.885,24.01,680.86,Low
7295,C-scan (Pristine with Holes),Pristine,None,3,0.621,0.049,22.63,0.388,0.852,0.694,92.41,11.25,0.038,0.941,37.5,879.93,Medium
7296,C-scan (Pristine with Holes),Pristine,None,6,0.597,0.078,71.43,0.982,0.164,0.244,55.86,8.71,0.031,0.123,46.04,651.57,High
7297,Thermograph,Mixed,None,3,0.578,0.042,25.77,0.502,0.456,0.264,85.27,7.93,0.094,1.675,53.98,671.56,Medium
7298,C-scan (Pristine with Holes),Pristine,None,2,0.468,0.03,29.45,0.633,0.158,0.474,88.71,5.94,0.046,0.878,37.11,875.06,Medium
7299,C-scan (BVID with Holes),Damaged,BVID,4,0.668,0.038,77.61,0.162,0.23,0.651,90.85,11.79,0.192,2.081,59.95,873.93,Medium
7300,C-scan (Pristine with Holes),Pristine,None,2,0.657,0.011,68.11,0.337,0.426,0.359,40.03,7.41,0.022,0.582,23.35,821.09,Low
7301,Thermograph,Mixed,None,3,0.61,0.048,20.91,0.912,0.177,0.225,58.5,12.5,0.127,3.243,44.66,612.48,Medium
7302,C-scan (Pristine with Holes),Pristine,None,5,0.654,0.034,71.85,0.829,0.41,0.514,57.13,7.58,0.049,0.657,26.67,459.12,Low
7303,Thermograph,Mixed,Thermal Anomaly,5,0.619,0.049,59.66,0.784,0.676,0.502,95.34,5.96,0.08,0.536,48.24,689.33,Medium
7304,C-scan (Pristine with Holes),Pristine,None,2,0.537,0.044,78.66,0.235,0.847,0.743,37.23,2.62,0.012,0.146,42.94,566.84,Medium
7305,C-scan (Pristine with Holes),Pristine,None,6,0.689,0.016,20.36,0.398,0.71,0.604,50.56,9.67,0.029,0.181,47.13,557.51,High
7306,C-scan (Pristine with Holes),Pristine,None,6,0.672,0.072,78.66,0.646,0.723,0.503,86.4,6.79,0.031,0.572,31.15,389.29,Medium
7307,C-scan (BVID with Holes),Damaged,BVID,5,0.512,0.079,68.61,0.666,0.579,0.591,42.4,12.79,0.157,2.46,50.11,860.44,Medium
7308,Thermograph,Mixed,Thermal Anomaly,6,0.549,0.027,47.88,0.674,0.624,0.794,78.93,10.97,0.134,2.57,55.99,798.9,Medium
7309,Thermograph,Mixed,Thermal Anomaly,4,0.579,0.028,38.67,0.324,0.193,0.38,95.02,6.14,0.121,1.855,41.66,802.42,Medium
7310,Thermograph,Mixed,None,2,0.465,0.074,27.83,0.358,0.684,0.822,56.7,13.31,0.113,1.545,35.92,408.42,Medium
7311,C-scan (Pristine with Holes),Pristine,None,6,0.538,0.067,60.59,0.431,0.14,0.453,105.41,2.56,0.01,0.846,47.29,512.18,High
7312,C-scan (Pristine with Holes),Pristine,None,2,0.67,0.039,68.44,0.596,0.634,0.667,41.19,14.55,0.032,0.229,34.16,406.03,Medium
7313,Thermograph,Mixed,Thermal Anomaly,3,0.535,0.07,19.81,0.23,0.136,0.522,115.66,13.68,0.147,1.243,28.7,534.08,Low
7314,C-scan (Pristine with Holes),Pristine,None,6,0.64,0.075,73.39,0.88,0.597,0.238,97.67,9.39,0.014,0.159,59.84,469.05,High
7315,Thermograph,Mixed,Thermal Anomaly,5,0.575,0.078,46.56,0.215,0.726,0.515,72.89,14.02,0.135,1.706,57.84,476.77,Medium
7316,C-scan (Pristine with Holes),Pristine,None,5,0.622,0.051,0.26,0.739,0.123,0.792,114.08,8.73,0.037,0.112,58.49,549.23,High
7317,C-scan (Pristine with Holes),Pristine,None,4,0.51,0.073,17.73,0.15,0.571,0.705,83.14,10.73,0.044,0.416,35.0,501.6,Medium
7318,C-scan (BVID with Holes),Damaged,BVID,6,0.498,0.037,8.56,0.744,0.604,0.421,64.6,6.52,0.189,4.024,37.55,591.34,Medium
7319,C-scan (Pristine with Holes),Pristine,None,6,0.613,0.036,58.48,0.255,0.562,0.6,109.66,11.03,0.015,0.341,38.68,683.05,Medium
7320,Thermograph,Mixed,None,4,0.623,0.054,14.33,0.824,0.73,0.584,49.28,5.06,0.04,0.775,50.93,465.53,High
7321,C-scan (BVID with Holes),Damaged,BVID,2,0.492,0.038,66.33,0.458,0.922,0.481,40.85,14.03,0.174,2.983,32.3,803.09,Medium
7322,Thermograph,Mixed,Thermal Anomaly,6,0.455,0.077,18.71,0.115,0.721,0.583,56.97,14.31,0.128,2.377,57.15,367.59,Medium
7323,Thermograph,Mixed,None,4,0.593,0.043,63.7,0.937,0.151,0.686,108.85,2.22,0.049,1.996,36.46,373.63,Medium
7324,C-scan (BVID with Holes),Damaged,BVID,4,0.658,0.071,79.07,0.482,0.748,0.393,87.7,12.86,0.166,1.066,46.22,450.14,Medium
7325,C-scan (Pristine with Holes),Pristine,None,3,0.659,0.055,25.67,0.454,0.355,0.9,53.82,1.53,0.045,0.188,50.02,397.58,High
7326,Thermograph,Mixed,None,6,0.678,0.049,48.72,0.943,0.885,0.354,76.69,0.72,0.036,2.469,43.25,409.13,Medium
7327,C-scan (Pristine with Holes),Pristine,None,5,0.56,0.018,78.12,0.651,0.167,0.42,91.53,12.09,0.022,0.408,28.89,678.77,Low
7328,C-scan (BVID with Holes),Damaged,BVID,3,0.635,0.067,40.36,0.248,0.792,0.626,51.31,13.49,0.09,1.962,43.06,430.93,Medium
7329,Thermograph,Mixed,None,2,0.483,0.078,58.88,0.787,0.749,0.809,25.4,8.87,0.067,1.831,51.81,392.82,High
7330,C-scan (BVID with Holes),Damaged,BVID,3,0.494,0.026,76.4,0.608,0.518,0.329,72.2,2.34,0.132,1.875,20.43,458.1,Low
7331,Thermograph,Mixed,None,5,0.654,0.029,39.54,0.457,0.421,0.447,65.98,13.73,0.128,2.441,32.95,766.04,Medium
7332,Thermograph,Mixed,Thermal Anomaly,3,0.511,0.049,59.26,0.146,0.208,0.452,119.54,8.41,0.037,3.3,50.55,848.28,High
7333,Thermograph,Mixed,None,5,0.537,0.046,13.72,0.585,0.213,0.672,65.27,13.14,0.102,1.837,28.19,356.38,Low
7334,C-scan (BVID with Holes),Damaged,BVID,4,0.562,0.043,33.18,0.281,0.665,0.29,80.59,7.69,0.091,1.753,57.06,577.09,Medium
7335,C-scan (BVID with Holes),Damaged,BVID,4,0.638,0.033,37.6,0.656,0.288,0.38,46.97,2.42,0.094,1.903,21.33,691.23,Low
7336,C-scan (BVID with Holes),Damaged,BVID,6,0.476,0.035,50.7,0.641,0.314,0.204,45.54,12.17,0.132,2.976,59.37,853.7,Medium
7337,C-scan (BVID with Holes),Damaged,BVID,2,0.609,0.038,54.38,0.55,0.558,0.478,98.63,5.75,0.157,1.515,34.96,508.63,Medium
7338,C-scan (Pristine with Holes),Pristine,None,3,0.595,0.062,14.91,0.788,0.627,0.882,113.09,10.89,0.021,0.628,57.19,766.87,High
7339,Thermograph,Mixed,None,5,0.662,0.024,84.81,0.401,0.128,0.812,61.66,12.16,0.091,1.113,29.85,468.67,Low
7340,C-scan (Pristine with Holes),Pristine,None,5,0.549,0.06,52.76,0.42,0.592,0.632,109.59,0.96,0.031,0.286,49.96,457.59,High
7341,Thermograph,Mixed,None,4,0.545,0.015,32.66,0.439,0.422,0.54,115.16,0.73,0.14,2.215,59.35,374.69,Medium
7342,C-scan (BVID with Holes),Damaged,BVID,2,0.518,0.074,54.16,0.543,0.962,0.251,67.43,11.74,0.084,1.402,44.19,487.74,Medium
7343,C-scan (Pristine with Holes),Pristine,None,4,0.484,0.066,51.79,0.848,0.722,0.441,73.13,5.0,0.03,0.484,42.73,792.46,Medium
7344,C-scan (BVID with Holes),Damaged,BVID,2,0.572,0.074,22.37,0.308,0.948,0.55,26.66,0.81,0.184,3.508,55.19,494.02,Medium
7345,C-scan (BVID with Holes),Damaged,BVID,5,0.551,0.065,74.43,0.906,0.483,0.684,80.97,13.13,0.138,1.026,51.68,381.18,Medium
7346,Thermograph,Mixed,Thermal Anomaly,5,0.543,0.037,61.63,0.363,0.126,0.753,92.02,11.82,0.097,1.529,26.66,543.9,Low
7347,C-scan (BVID with Holes),Damaged,BVID,6,0.535,0.013,37.53,0.948,0.274,0.378,31.89,4.5,0.197,3.57,21.03,765.04,Low
7348,Thermograph,Mixed,None,3,0.636,0.055,45.2,0.895,0.495,0.795,55.32,1.66,0.043,2.19,37.99,744.38,Medium
7349,Thermograph,Mixed,None,5,0.608,0.065,28.52,0.367,0.18,0.679,73.13,13.84,0.141,1.253,41.51,847.43,Medium
7350,Thermograph,Mixed,Thermal Anomaly,5,0.553,0.014,77.38,0.121,0.2,0.21,49.19,11.94,0.131,1.528,21.88,354.88,Low
7351,Thermograph,Mixed,Thermal Anomaly,4,0.57,0.031,66.67,0.201,0.862,0.438,41.96,8.3,0.138,2.073,48.26,785.67,Medium
7352,C-scan (Pristine with Holes),Pristine,None,5,0.613,0.041,26.43,0.305,0.631,0.551,64.86,11.96,0.033,0.546,28.22,627.32,Low
7353,C-scan (Pristine with Holes),Pristine,None,5,0.567,0.062,2.09,0.873,0.111,0.376,119.38,12.54,0.031,0.789,25.25,487.64,Low
7354,Thermograph,Mixed,Thermal Anomaly,5,0.546,0.077,67.26,0.299,0.692,0.349,75.22,5.8,0.139,2.823,29.42,362.12,Low
7355,Thermograph,Mixed,None,4,0.676,0.049,8.72,0.563,0.16,0.434,63.25,7.78,0.109,2.828,37.42,537.22,Medium
7356,C-scan (Pristine with Holes),Pristine,None,4,0.542,0.046,62.88,0.838,0.353,0.62,102.06,4.12,0.027,0.343,29.69,704.65,Low
7357,C-scan (BVID with Holes),Damaged,BVID,2,0.497,0.041,37.71,0.664,0.511,0.221,66.14,11.98,0.088,3.395,57.25,468.64,Medium
7358,Thermograph,Mixed,Thermal Anomaly,3,0.61,0.03,21.1,0.32,0.494,0.509,102.98,5.73,0.12,0.951,42.29,777.48,Medium
7359,Thermograph,Mixed,None,4,0.65,0.037,29.45,0.945,0.776,0.268,90.18,7.57,0.149,3.07,36.0,856.08,Medium
7360,C-scan (Pristine with Holes),Pristine,None,4,0.576,0.053,6.73,0.704,0.648,0.596,71.05,10.35,0.032,0.92,27.62,402.18,Low
7361,Thermograph,Mixed,Thermal Anomaly,4,0.453,0.041,69.44,0.319,0.402,0.813,69.07,1.09,0.047,0.562,42.79,598.56,Medium
7362,C-scan (BVID with Holes),Damaged,BVID,6,0.481,0.038,6.51,0.303,0.772,0.604,64.53,9.55,0.172,1.035,31.87,521.74,Medium
7363,C-scan (BVID with Holes),Damaged,BVID,4,0.579,0.058,28.38,0.294,0.49,0.508,100.06,5.88,0.173,1.403,56.18,488.99,Medium
7364,C-scan (Pristine with Holes),Pristine,None,5,0.59,0.037,81.01,0.862,0.495,0.547,90.14,3.55,0.015,0.136,45.85,612.51,High
7365,Thermograph,Mixed,Thermal Anomaly,5,0.504,0.037,65.22,0.899,0.764,0.386,30.49,5.9,0.09,2.016,21.2,475.98,Low
7366,C-scan (BVID with Holes),Damaged,BVID,6,0.611,0.048,85.95,0.467,0.304,0.731,64.73,2.54,0.124,1.683,59.03,780.46,Medium
7367,Thermograph,Mixed,None,5,0.451,0.075,57.71,0.792,0.816,0.752,90.42,6.41,0.062,2.758,22.4,657.39,Low
7368,C-scan (Pristine with Holes),Pristine,None,4,0.591,0.056,2.12,0.36,0.556,0.757,25.97,1.26,0.036,0.918,50.2,765.94,High
7369,C-scan (Pristine with Holes),Pristine,None,3,0.504,0.032,27.47,0.872,0.103,0.636,53.35,11.11,0.037,0.823,26.81,406.25,Low
7370,Thermograph,Mixed,Thermal Anomaly,6,0.573,0.075,25.73,0.857,0.903,0.702,28.71,7.21,0.081,1.49,21.97,411.32,Low
7371,C-scan (Pristine with Holes),Pristine,None,3,0.519,0.012,78.29,0.362,0.722,0.609,67.46,12.01,0.027,0.645,54.51,594.85,High
7372,C-scan (BVID with Holes),Damaged,BVID,5,0.475,0.065,87.62,0.834,0.109,0.713,110.1,11.6,0.089,1.391,21.38,555.35,Low
7373,C-scan (Pristine with Holes),Pristine,None,6,0.696,0.043,0.13,0.769,0.851,0.313,105.05,9.28,0.044,0.726,43.5,766.25,Medium
7374,C-scan (BVID with Holes),Damaged,BVID,3,0.616,0.037,21.13,0.751,0.426,0.221,63.04,1.67,0.167,3.359,57.21,518.15,Medium
7375,C-scan (Pristine with Holes),Pristine,None,3,0.499,0.071,21.06,0.325,0.426,0.429,92.54,1.21,0.046,0.228,48.02,460.07,High
7376,C-scan (Pristine with Holes),Pristine,None,6,0.583,0.012,80.3,0.888,0.615,0.52,26.09,8.52,0.018,0.597,35.51,753.84,Medium
7377,C-scan (BVID with Holes),Damaged,BVID,3,0.487,0.02,32.8,0.623,0.884,0.804,117.08,3.07,0.16,1.265,49.75,642.86,Medium
7378,C-scan (Pristine with Holes),Pristine,None,2,0.555,0.01,25.38,0.913,0.327,0.259,87.41,4.8,0.029,0.18,54.18,494.48,High
7379,C-scan (BVID with Holes),Damaged,BVID,2,0.573,0.025,15.87,0.138,0.211,0.418,51.49,11.93,0.153,3.322,28.37,699.69,Low
7380,Thermograph,Mixed,None,4,0.68,0.01,0.45,0.458,0.268,0.488,41.2,4.68,0.063,1.822,53.24,788.15,High
7381,Thermograph,Mixed,None,3,0.574,0.066,1.07,0.418,0.14,0.67,104.04,5.25,0.119,2.713,51.05,474.95,Medium
7382,C-scan (Pristine with Holes),Pristine,None,3,0.619,0.07,27.16,0.796,0.572,0.375,104.89,4.65,0.029,0.214,48.2,430.36,High
7383,Thermograph,Mixed,Thermal Anomaly,4,0.612,0.071,59.44,0.41,0.193,0.573,36.6,13.18,0.129,2.186,23.67,639.73,Low
7384,Thermograph,Mixed,None,5,0.525,0.014,52.74,0.524,0.456,0.436,35.84,4.97,0.078,2.676,23.69,716.34,Low
7385,Thermograph,Mixed,Thermal Anomaly,4,0.617,0.014,73.23,0.419,0.378,0.7,96.29,14.57,0.06,1.31,39.71,606.08,Medium
7386,C-scan (BVID with Holes),Damaged,BVID,6,0.484,0.015,47.8,0.265,0.264,0.246,116.43,5.15,0.168,1.957,58.69,363.92,Medium
7387,Thermograph,Mixed,Thermal Anomaly,6,0.696,0.074,31.07,0.619,0.285,0.575,36.17,2.7,0.05,1.142,22.83,788.21,Low
7388,C-scan (BVID with Holes),Damaged,BVID,3,0.454,0.021,87.57,0.139,0.295,0.594,107.28,1.66,0.087,1.637,59.91,624.26,Medium
7389,C-scan (Pristine with Holes),Pristine,None,5,0.466,0.053,73.71,0.189,0.999,0.735,99.94,5.76,0.023,0.637,46.11,600.06,High
7390,Thermograph,Mixed,None,3,0.46,0.051,84.71,0.903,0.353,0.455,35.55,12.17,0.118,1.875,41.14,637.02,Medium
7391,Thermograph,Mixed,None,5,0.477,0.066,77.37,0.524,0.42,0.458,101.36,7.06,0.129,1.438,42.75,680.46,Medium
7392,Thermograph,Mixed,Thermal Anomaly,6,0.502,0.032,48.86,0.558,0.756,0.352,98.75,8.88,0.045,3.448,22.32,559.26,Low
7393,Thermograph,Mixed,None,2,0.472,0.076,48.12,0.234,0.535,0.414,32.11,8.6,0.104,1.208,29.83,827.26,Low
7394,C-scan (Pristine with Holes),Pristine,None,4,0.474,0.069,57.4,0.458,0.971,0.322,78.91,12.56,0.041,0.85,50.51,532.17,High
7395,C-scan (Pristine with Holes),Pristine,None,6,0.673,0.02,15.3,0.62,0.436,0.816,48.29,5.27,0.035,0.469,28.23,447.0,Low
7396,C-scan (BVID with Holes),Damaged,BVID,6,0.669,0.079,81.37,0.612,0.311,0.738,48.02,4.64,0.116,1.331,28.5,736.48,Low
7397,C-scan (BVID with Holes),Damaged,BVID,2,0.659,0.069,54.02,0.399,0.611,0.705,80.38,1.21,0.193,3.188,22.64,853.58,Low
7398,C-scan (BVID with Holes),Damaged,BVID,2,0.695,0.013,5.06,0.658,0.81,0.818,89.37,9.97,0.103,3.035,35.3,623.97,Medium
7399,C-scan (Pristine with Holes),Pristine,None,3,0.486,0.013,26.23,0.736,0.256,0.839,65.23,5.59,0.02,0.892,37.18,477.44,Medium
7400,C-scan (Pristine with Holes),Pristine,None,6,0.686,0.051,3.58,0.313,0.106,0.654,40.55,12.83,0.036,0.257,50.06,606.91,High
7401,C-scan (BVID with Holes),Damaged,BVID,3,0.56,0.059,19.37,0.466,0.746,0.214,102.03,4.19,0.112,3.367,21.84,893.19,Low
7402,C-scan (BVID with Holes),Damaged,BVID,3,0.528,0.023,12.16,0.701,0.639,0.693,38.62,0.68,0.093,4.975,56.92,527.78,Medium
7403,C-scan (BVID with Holes),Damaged,BVID,4,0.563,0.07,85.54,0.142,0.995,0.842,101.42,3.02,0.116,1.887,33.35,694.27,Medium
7404,C-scan (Pristine with Holes),Pristine,None,6,0.499,0.026,63.66,0.751,0.915,0.403,49.71,5.56,0.044,0.608,55.37,871.8,High
7405,C-scan (BVID with Holes),Damaged,BVID,3,0.685,0.065,61.8,0.561,0.282,0.371,95.91,2.95,0.167,3.254,52.39,500.03,Medium
7406,C-scan (BVID with Holes),Damaged,BVID,4,0.584,0.074,24.38,0.136,0.544,0.889,87.42,13.4,0.089,2.815,35.55,812.25,Medium
7407,C-scan (Pristine with Holes),Pristine,None,6,0.551,0.077,58.37,0.224,0.149,0.331,61.71,2.91,0.023,0.797,53.08,690.48,High
7408,C-scan (Pristine with Holes),Pristine,None,2,0.531,0.04,36.31,0.685,0.528,0.337,36.65,13.14,0.016,0.751,48.39,627.74,High
7409,C-scan (Pristine with Holes),Pristine,None,5,0.524,0.058,5.91,0.12,0.291,0.633,100.19,3.03,0.011,0.963,55.34,537.88,High
7410,C-scan (BVID with Holes),Damaged,BVID,3,0.63,0.014,10.2,0.384,0.431,0.431,36.48,0.56,0.093,4.438,48.42,652.46,Medium
7411,Thermograph,Mixed,None,5,0.492,0.019,89.12,0.25,0.317,0.362,105.77,0.53,0.142,3.181,21.01,791.72,Low
7412,Thermograph,Mixed,Thermal Anomaly,2,0.543,0.075,19.33,0.282,0.567,0.73,79.84,7.26,0.098,2.284,21.86,793.13,Low
7413,C-scan (Pristine with Holes),Pristine,None,6,0.669,0.056,52.08,0.508,0.673,0.582,91.89,4.08,0.023,0.106,22.02,543.52,Low
7414,C-scan (BVID with Holes),Damaged,BVID,6,0.579,0.042,80.27,0.347,0.384,0.772,25.51,4.1,0.114,1.962,31.41,488.97,Medium
7415,C-scan (Pristine with Holes),Pristine,None,6,0.679,0.066,80.48,0.321,0.551,0.754,41.59,5.94,0.039,0.768,39.23,446.87,Medium
7416,Thermograph,Mixed,None,4,0.51,0.034,68.0,0.745,0.152,0.718,77.79,3.06,0.094,3.47,30.98,745.79,Medium
7417,C-scan (BVID with Holes),Damaged,BVID,5,0.541,0.013,29.45,0.324,0.534,0.852,67.81,11.57,0.116,3.994,59.02,792.2,Medium
7418,Thermograph,Mixed,None,3,0.679,0.044,42.03,0.209,0.842,0.435,83.1,7.2,0.128,3.059,38.24,369.03,Medium
7419,C-scan (Pristine with Holes),Pristine,None,3,0.657,0.043,21.22,0.523,0.826,0.556,94.7,7.34,0.035,0.631,55.6,605.65,High
7420,C-scan (Pristine with Holes),Pristine,None,4,0.658,0.037,75.56,0.67,0.687,0.245,27.49,14.76,0.041,0.25,25.83,604.16,Low
7421,C-scan (Pristine with Holes),Pristine,None,4,0.507,0.072,41.9,0.437,0.186,0.204,68.73,9.71,0.039,0.709,36.47,512.78,Medium
7422,Thermograph,Mixed,Thermal Anomaly,3,0.605,0.064,40.31,0.614,0.703,0.235,111.11,9.88,0.079,1.552,49.69,613.76,High
7423,Thermograph,Mixed,Thermal Anomaly,4,0.692,0.049,53.36,0.302,0.409,0.472,53.09,7.22,0.041,2.708,40.01,437.88,Medium
7424,C-scan (Pristine with Holes),Pristine,None,4,0.555,0.031,72.89,0.752,0.681,0.56,99.29,8.02,0.044,0.734,44.54,887.95,Medium
7425,Thermograph,Mixed,None,6,0.547,0.025,41.53,0.813,0.123,0.714,90.45,7.81,0.145,3.274,26.54,423.92,Low
7426,C-scan (BVID with Holes),Damaged,BVID,2,0.475,0.047,52.94,0.189,0.66,0.6,98.33,3.31,0.109,3.805,21.32,768.29,Low
7427,C-scan (BVID with Holes),Damaged,BVID,5,0.624,0.022,33.51,0.326,0.487,0.802,101.89,1.29,0.139,2.162,23.48,382.1,Low
7428,C-scan (Pristine with Holes),Pristine,None,6,0.454,0.057,12.85,0.799,0.506,0.595,25.1,11.3,0.031,0.537,50.67,785.32,High
7429,Thermograph,Mixed,Thermal Anomaly,3,0.596,0.043,62.6,0.62,0.529,0.53,100.16,6.47,0.109,1.897,59.24,432.55,Medium
7430,C-scan (BVID with Holes),Damaged,BVID,2,0.505,0.053,44.53,0.843,0.98,0.841,33.24,12.68,0.177,1.741,45.0,471.4,Medium
7431,C-scan (BVID with Holes),Damaged,BVID,2,0.572,0.041,66.22,0.836,0.232,0.483,28.95,0.76,0.125,4.911,54.0,748.29,Medium
7432,C-scan (BVID with Holes),Damaged,BVID,5,0.666,0.07,9.68,0.468,0.465,0.755,117.74,9.04,0.144,3.06,55.57,761.6,Medium
7433,Thermograph,Mixed,Thermal Anomaly,2,0.65,0.029,84.56,0.965,0.307,0.242,29.66,7.2,0.093,1.183,31.53,445.48,Medium
7434,C-scan (BVID with Holes),Damaged,BVID,3,0.51,0.076,58.91,0.727,0.379,0.523,36.86,3.32,0.194,1.773,32.9,392.02,Medium
7435,Thermograph,Mixed,None,5,0.622,0.06,71.11,0.779,0.166,0.557,89.66,12.14,0.072,1.7,57.86,389.91,High
7436,C-scan (Pristine with Holes),Pristine,None,4,0.469,0.052,0.91,0.74,0.759,0.7,32.77,6.48,0.014,0.35,35.43,873.23,Medium
7437,C-scan (Pristine with Holes),Pristine,None,3,0.542,0.051,46.84,0.685,0.826,0.336,76.82,13.46,0.023,0.606,39.73,522.53,Medium
7438,Thermograph,Mixed,None,2,0.487,0.064,80.56,0.907,0.185,0.395,42.96,2.39,0.143,2.28,29.98,603.21,Low
7439,C-scan (BVID with Holes),Damaged,BVID,3,0.536,0.057,12.91,0.343,0.925,0.653,30.08,11.69,0.13,1.472,49.06,398.69,Medium
7440,Thermograph,Mixed,Thermal Anomaly,2,0.548,0.042,42.57,0.603,0.886,0.79,92.09,2.54,0.128,0.676,31.04,845.53,Medium
7441,C-scan (BVID with Holes),Damaged,BVID,4,0.604,0.036,11.9,0.114,0.517,0.236,31.23,11.42,0.103,2.286,34.25,514.62,Medium
7442,C-scan (BVID with Holes),Damaged,BVID,4,0.488,0.048,87.31,0.555,0.969,0.425,109.44,12.71,0.136,1.253,27.45,668.96,Low
7443,C-scan (Pristine with Holes),Pristine,None,6,0.492,0.065,51.76,0.382,0.729,0.646,107.43,1.27,0.044,0.463,41.67,488.79,Medium
7444,Thermograph,Mixed,Thermal Anomaly,6,0.588,0.058,36.56,0.763,0.167,0.663,33.45,12.31,0.136,0.649,26.41,833.57,Low
7445,Thermograph,Mixed,Thermal Anomaly,6,0.57,0.037,2.57,0.249,0.464,0.373,108.5,3.03,0.133,1.687,21.05,389.73,Low
7446,Thermograph,Mixed,Thermal Anomaly,6,0.481,0.034,52.92,0.666,0.599,0.661,82.21,8.07,0.102,1.987,35.68,776.99,Medium
7447,C-scan (Pristine with Holes),Pristine,None,6,0.68,0.017,77.92,0.612,0.24,0.577,86.31,11.43,0.035,0.269,54.51,797.9,High
7448,C-scan (Pristine with Holes),Pristine,None,2,0.623,0.035,45.68,0.553,0.769,0.56,51.28,14.38,0.027,0.788,51.49,657.71,High
7449,C-scan (BVID with Holes),Damaged,BVID,6,0.457,0.05,86.9,0.971,0.631,0.202,33.13,2.44,0.146,4.506,37.66,746.26,Medium
7450,Thermograph,Mixed,None,6,0.464,0.012,9.72,0.343,0.112,0.425,92.44,7.1,0.032,2.965,27.99,534.37,Low
7451,C-scan (BVID with Holes),Damaged,BVID,5,0.61,0.065,11.79,0.578,0.556,0.597,38.99,8.32,0.09,3.293,54.64,459.12,Medium
7452,C-scan (BVID with Holes),Damaged,BVID,6,0.487,0.022,29.39,0.885,0.715,0.822,40.0,3.1,0.175,1.483,34.83,710.7,Medium
7453,Thermograph,Mixed,None,6,0.68,0.079,51.09,0.718,0.541,0.265,37.89,3.28,0.098,0.532,23.57,553.25,Low
7454,C-scan (BVID with Holes),Damaged,BVID,3,0.605,0.055,35.45,0.535,0.892,0.541,118.48,1.95,0.092,4.692,55.25,805.61,Medium
7455,Thermograph,Mixed,Thermal Anomaly,4,0.568,0.067,86.44,0.222,0.488,0.859,33.27,2.97,0.077,1.763,50.68,900.0,High
7456,Thermograph,Mixed,None,6,0.579,0.053,77.68,0.449,0.314,0.716,81.3,4.17,0.071,2.817,53.59,742.5,High
7457,C-scan (BVID with Holes),Damaged,BVID,2,0.541,0.045,23.3,0.818,0.467,0.396,76.89,2.03,0.171,1.513,20.93,512.46,Low
7458,C-scan (Pristine with Holes),Pristine,None,2,0.635,0.078,23.76,0.653,0.378,0.246,51.82,2.55,0.05,0.562,58.68,684.38,High
7459,Thermograph,Mixed,None,4,0.569,0.072,49.54,0.745,0.649,0.319,95.37,2.54,0.094,1.354,30.91,851.62,Medium
7460,C-scan (BVID with Holes),Damaged,BVID,6,0.478,0.073,67.78,0.519,0.824,0.717,61.49,12.97,0.099,1.332,35.61,615.44,Medium
7461,Thermograph,Mixed,Thermal Anomaly,6,0.639,0.033,4.03,0.487,0.672,0.414,27.46,9.18,0.062,2.471,52.89,629.02,High
7462,C-scan (BVID with Holes),Damaged,BVID,2,0.675,0.022,10.72,0.292,0.884,0.212,66.04,14.29,0.169,4.334,26.15,896.48,Low
7463,C-scan (BVID with Holes),Damaged,BVID,6,0.51,0.049,70.08,0.471,0.972,0.588,74.51,10.55,0.192,4.501,53.4,846.15,Medium
7464,Thermograph,Mixed,Thermal Anomaly,3,0.615,0.05,50.03,0.608,0.757,0.438,67.96,12.72,0.085,1.934,42.83,385.57,Medium
7465,Thermograph,Mixed,None,3,0.528,0.05,82.87,0.65,0.752,0.402,98.31,10.56,0.122,2.936,43.76,825.89,Medium
7466,C-scan (Pristine with Holes),Pristine,None,3,0.564,0.031,87.17,0.481,0.48,0.668,102.05,8.53,0.014,0.533,58.67,351.49,High
7467,C-scan (Pristine with Holes),Pristine,None,6,0.572,0.038,53.61,0.135,0.347,0.627,35.72,3.0,0.019,0.356,43.0,893.14,Medium
7468,Thermograph,Mixed,None,2,0.557,0.019,38.78,0.669,0.315,0.245,53.82,3.07,0.08,1.135,36.28,713.81,Medium
7469,C-scan (Pristine with Holes),Pristine,None,2,0.53,0.077,41.99,0.244,0.757,0.706,71.81,0.65,0.042,0.785,21.27,456.58,Low
7470,C-scan (BVID with Holes),Damaged,BVID,6,0.519,0.058,54.15,0.239,0.301,0.737,84.24,5.71,0.194,1.724,24.1,603.72,Low
7471,C-scan (BVID with Holes),Damaged,BVID,5,0.569,0.013,57.8,0.13,0.939,0.366,69.2,7.77,0.156,1.441,22.17,469.44,Low
7472,C-scan (BVID with Holes),Damaged,BVID,6,0.645,0.049,26.7,0.875,0.615,0.396,101.36,2.36,0.158,2.148,37.29,797.91,Medium
7473,Thermograph,Mixed,None,5,0.544,0.034,88.72,0.517,0.213,0.88,77.79,6.1,0.092,3.062,46.9,584.92,Medium
7474,C-scan (BVID with Holes),Damaged,BVID,6,0.515,0.072,19.68,0.36,0.747,0.797,119.2,12.15,0.125,4.602,40.31,524.95,Medium
7475,C-scan (Pristine with Holes),Pristine,None,2,0.637,0.016,42.81,0.304,0.152,0.394,33.08,10.97,0.037,0.587,39.11,595.62,Medium
7476,C-scan (BVID with Holes),Damaged,BVID,6,0.681,0.077,28.71,0.879,0.488,0.33,32.05,6.67,0.113,3.261,50.33,587.02,Medium
7477,C-scan (BVID with Holes),Damaged,BVID,2,0.686,0.065,23.14,0.915,0.428,0.627,47.16,8.71,0.108,2.221,49.43,814.8,Medium
7478,C-scan (Pristine with Holes),Pristine,None,2,0.524,0.031,59.0,0.47,0.852,0.574,105.48,4.98,0.029,0.351,45.46,781.46,High
7479,Thermograph,Mixed,Thermal Anomaly,5,0.608,0.053,16.32,0.938,0.633,0.632,77.59,14.96,0.09,0.767,46.43,835.05,Medium
7480,C-scan (Pristine with Holes),Pristine,None,4,0.492,0.036,62.17,0.92,0.657,0.444,33.02,12.89,0.036,0.878,40.92,696.27,Medium
7481,C-scan (BVID with Holes),Damaged,BVID,6,0.605,0.072,39.54,0.596,0.139,0.887,89.19,10.87,0.137,4.264,37.4,478.36,Medium
7482,C-scan (Pristine with Holes),Pristine,None,2,0.631,0.054,32.59,0.531,0.138,0.44,46.14,1.0,0.035,0.529,43.86,430.21,Medium
7483,C-scan (BVID with Holes),Damaged,BVID,4,0.451,0.034,83.72,0.567,0.536,0.652,43.88,7.1,0.195,2.089,50.72,411.07,Medium
7484,C-scan (BVID with Holes),Damaged,BVID,2,0.541,0.069,2.24,0.449,0.765,0.696,70.21,1.53,0.106,3.923,23.71,470.68,Low
7485,C-scan (BVID with Holes),Damaged,BVID,4,0.463,0.043,85.13,0.916,0.149,0.843,94.36,7.4,0.127,2.241,56.5,887.78,Medium
7486,Thermograph,Mixed,Thermal Anomaly,3,0.534,0.067,23.08,0.824,0.416,0.645,32.84,5.06,0.117,1.26,43.75,845.77,Medium
7487,C-scan (Pristine with Holes),Pristine,None,6,0.524,0.072,82.28,0.221,0.576,0.538,85.9,7.24,0.048,0.45,42.49,757.81,Medium
7488,C-scan (Pristine with Holes),Pristine,None,4,0.496,0.02,68.06,0.263,0.856,0.845,65.89,9.09,0.04,0.957,28.03,721.83,Low
7489,C-scan (Pristine with Holes),Pristine,None,3,0.576,0.031,80.78,0.582,0.919,0.729,98.7,0.56,0.034,0.638,46.35,384.95,High
7490,C-scan (BVID with Holes),Damaged,BVID,2,0.463,0.066,8.92,0.813,0.958,0.465,90.18,12.71,0.117,4.689,39.88,369.03,Medium
7491,Thermograph,Mixed,None,6,0.465,0.014,45.79,0.385,0.766,0.751,108.62,5.86,0.085,1.111,56.39,610.43,Medium
7492,C-scan (Pristine with Holes),Pristine,None,2,0.535,0.025,55.41,0.138,0.589,0.568,95.34,8.51,0.012,0.918,30.64,858.07,Medium
7493,C-scan (Pristine with Holes),Pristine,None,6,0.538,0.024,23.67,0.675,0.995,0.454,27.93,4.85,0.036,0.759,30.26,503.55,Medium
7494,C-scan (BVID with Holes),Damaged,BVID,5,0.563,0.056,11.54,0.867,0.862,0.548,47.52,8.66,0.092,4.51,40.05,496.43,Medium
7495,C-scan (Pristine with Holes),Pristine,None,6,0.494,0.027,3.7,0.562,0.898,0.879,36.89,0.86,0.022,0.327,52.22,511.66,High
7496,C-scan (Pristine with Holes),Pristine,None,3,0.697,0.079,72.13,0.286,0.749,0.565,89.84,7.75,0.027,0.605,44.07,520.72,Medium
7497,C-scan (Pristine with Holes),Pristine,None,6,0.632,0.01,35.15,0.998,0.485,0.548,97.56,9.89,0.025,0.365,37.28,486.24,Medium
7498,C-scan (Pristine with Holes),Pristine,None,6,0.605,0.01,25.03,0.156,0.387,0.425,31.14,10.58,0.016,0.6,34.2,761.59,Medium
7499,C-scan (Pristine with Holes),Pristine,None,2,0.534,0.066,23.31,0.822,0.103,0.535,55.98,2.62,0.03,0.647,33.68,488.46,Medium
7500,C-scan (BVID with Holes),Damaged,BVID,6,0.55,0.031,60.31,0.943,0.298,0.256,82.2,13.97,0.15,2.196,29.8,652.05,Low
7501,C-scan (BVID with Holes),Damaged,BVID,6,0.688,0.013,85.94,0.434,0.155,0.888,64.36,5.96,0.128,1.85,22.57,444.37,Low
7502,C-scan (Pristine with Holes),Pristine,None,5,0.514,0.037,70.53,0.926,0.267,0.802,36.76,10.25,0.038,0.893,44.15,437.35,Medium
7503,C-scan (Pristine with Holes),Pristine,None,5,0.649,0.062,81.16,0.375,0.844,0.306,116.19,9.64,0.023,0.478,22.92,413.99,Low
7504,Thermograph,Mixed,None,6,0.534,0.049,73.97,0.67,0.41,0.835,91.15,14.84,0.035,2.998,52.53,833.22,High
7505,C-scan (BVID with Holes),Damaged,BVID,4,0.581,0.041,21.63,0.314,0.935,0.757,64.26,2.05,0.087,1.554,20.24,455.51,Low
7506,Thermograph,Mixed,Thermal Anomaly,6,0.564,0.052,73.81,0.848,0.84,0.554,95.28,2.21,0.102,1.473,51.99,762.88,Medium
7507,C-scan (BVID with Holes),Damaged,BVID,5,0.587,0.041,68.28,0.684,0.453,0.499,109.14,11.95,0.085,3.894,56.92,842.44,Medium
7508,Thermograph,Mixed,None,3,0.558,0.077,30.18,0.646,0.99,0.446,27.27,2.76,0.041,1.21,44.26,887.0,Medium
7509,Thermograph,Mixed,Thermal Anomaly,3,0.626,0.019,7.21,0.142,0.985,0.257,98.68,6.5,0.094,1.312,31.79,683.39,Medium
7510,Thermograph,Mixed,None,3,0.461,0.017,39.03,0.802,0.606,0.321,73.35,10.93,0.038,2.966,21.24,462.27,Low
7511,C-scan (BVID with Holes),Damaged,BVID,6,0.501,0.023,87.15,0.812,0.768,0.896,107.96,10.27,0.081,4.793,35.92,634.02,Medium
7512,C-scan (Pristine with Holes),Pristine,None,5,0.588,0.079,5.27,0.396,0.278,0.485,118.91,7.79,0.012,0.659,40.8,462.32,Medium
7513,Thermograph,Mixed,Thermal Anomaly,2,0.497,0.056,78.22,0.483,0.461,0.703,66.7,13.83,0.058,1.412,49.1,470.62,High
7514,Thermograph,Mixed,None,5,0.614,0.011,15.22,0.462,0.658,0.887,94.54,6.03,0.079,1.571,40.93,440.2,Medium
7515,C-scan (Pristine with Holes),Pristine,None,4,0.528,0.011,8.62,0.191,0.847,0.329,80.22,6.1,0.024,0.162,43.66,715.6,Medium
7516,C-scan (BVID with Holes),Damaged,BVID,3,0.499,0.032,9.35,0.204,0.969,0.316,65.75,6.06,0.11,3.714,28.69,431.98,Low
7517,C-scan (Pristine with Holes),Pristine,None,4,0.457,0.018,53.9,0.554,0.512,0.622,94.85,2.8,0.041,0.365,55.83,863.69,High
7518,C-scan (BVID with Holes),Damaged,BVID,3,0.592,0.045,21.44,0.922,0.373,0.4,88.11,10.13,0.149,2.462,23.34,423.09,Low
7519,C-scan (Pristine with Holes),Pristine,None,3,0.456,0.025,79.51,0.345,0.877,0.766,69.77,9.64,0.032,0.967,29.16,839.72,Low
7520,C-scan (BVID with Holes),Damaged,BVID,2,0.667,0.069,88.23,0.962,0.488,0.584,102.79,6.64,0.098,3.779,23.66,503.89,Low
7521,C-scan (BVID with Holes),Damaged,BVID,3,0.488,0.029,64.98,0.241,0.744,0.753,43.09,12.97,0.169,4.017,29.31,354.96,Low
7522,C-scan (BVID with Holes),Damaged,BVID,4,0.617,0.028,8.8,0.389,0.106,0.861,57.21,3.2,0.115,2.952,59.76,604.89,Medium
7523,C-scan (Pristine with Holes),Pristine,None,6,0.659,0.08,81.99,0.198,0.598,0.325,73.21,13.25,0.022,0.348,26.23,886.89,Low
7524,Thermograph,Mixed,None,3,0.686,0.03,27.14,0.255,0.173,0.375,56.19,3.97,0.045,1.867,53.26,634.3,High
7525,C-scan (Pristine with Holes),Pristine,None,2,0.483,0.067,35.66,0.572,0.133,0.808,103.21,12.04,0.024,0.539,48.47,898.83,High
7526,C-scan (Pristine with Holes),Pristine,None,4,0.531,0.072,51.04,0.295,0.977,0.809,119.48,4.06,0.019,0.984,44.28,621.91,Medium
7527,C-scan (BVID with Holes),Damaged,BVID,2,0.545,0.062,3.51,0.321,0.136,0.81,52.48,8.8,0.197,2.33,39.48,786.32,Medium
7528,Thermograph,Mixed,Thermal Anomaly,4,0.584,0.031,56.51,0.993,0.886,0.29,66.25,5.79,0.123,0.946,38.52,764.09,Medium
7529,C-scan (Pristine with Holes),Pristine,None,2,0.671,0.075,15.95,0.807,0.973,0.745,52.8,10.71,0.027,0.823,53.92,499.88,High
7530,C-scan (Pristine with Holes),Pristine,None,3,0.693,0.067,1.56,0.23,0.769,0.493,37.57,6.87,0.03,0.914,39.01,377.02,Medium
7531,C-scan (BVID with Holes),Damaged,BVID,3,0.535,0.054,36.94,0.736,0.148,0.683,50.86,13.15,0.149,1.8,59.44,635.45,Medium
7532,C-scan (BVID with Holes),Damaged,BVID,5,0.656,0.057,58.57,0.114,0.798,0.584,48.48,8.81,0.102,4.728,46.85,548.05,Medium
7533,C-scan (Pristine with Holes),Pristine,None,2,0.65,0.056,2.31,0.11,0.882,0.499,64.33,8.63,0.042,0.605,30.62,662.53,Medium
7534,C-scan (BVID with Holes),Damaged,BVID,2,0.605,0.035,13.82,0.457,0.706,0.815,96.81,8.69,0.122,2.469,49.94,660.12,Medium
7535,C-scan (Pristine with Holes),Pristine,None,2,0.556,0.043,80.22,0.224,0.333,0.819,65.93,3.9,0.034,0.765,44.59,872.48,Medium
7536,Thermograph,Mixed,Thermal Anomaly,6,0.625,0.032,24.54,0.977,0.593,0.826,59.98,4.52,0.06,1.566,57.98,544.56,High
7537,C-scan (Pristine with Holes),Pristine,None,3,0.616,0.019,68.19,0.67,0.695,0.865,33.84,10.23,0.043,0.306,49.25,764.17,High
7538,C-scan (Pristine with Holes),Pristine,None,5,0.663,0.04,23.13,0.434,0.504,0.425,50.0,6.67,0.043,0.297,36.61,885.86,Medium
7539,C-scan (Pristine with Holes),Pristine,None,2,0.617,0.033,66.84,0.268,0.112,0.39,38.19,14.89,0.026,0.88,23.06,613.5,Low
7540,Thermograph,Mixed,Thermal Anomaly,5,0.633,0.032,55.32,0.321,0.669,0.638,29.1,11.56,0.094,2.906,22.67,881.93,Low
7541,C-scan (BVID with Holes),Damaged,BVID,3,0.618,0.058,76.85,0.748,0.497,0.345,30.03,5.34,0.089,2.296,44.78,455.33,Medium
7542,C-scan (Pristine with Holes),Pristine,None,3,0.693,0.012,58.49,0.859,0.463,0.228,78.83,1.21,0.044,0.821,29.23,634.24,Low
7543,Thermograph,Mixed,Thermal Anomaly,6,0.481,0.03,54.1,0.314,0.543,0.401,102.35,12.82,0.138,1.029,23.05,424.17,Low
7544,C-scan (Pristine with Holes),Pristine,None,4,0.585,0.048,83.57,0.577,0.633,0.451,51.83,9.67,0.011,0.409,39.44,543.72,Medium
7545,C-scan (Pristine with Holes),Pristine,None,3,0.589,0.049,55.02,0.627,0.344,0.395,57.55,5.73,0.045,0.992,20.69,566.33,Low
7546,C-scan (Pristine with Holes),Pristine,None,6,0.584,0.073,70.02,0.18,0.105,0.704,118.17,3.51,0.011,0.399,59.08,397.87,High
7547,C-scan (BVID with Holes),Damaged,BVID,5,0.635,0.074,16.31,0.312,0.728,0.414,107.12,8.95,0.125,1.425,41.75,850.55,Medium
7548,C-scan (BVID with Holes),Damaged,BVID,2,0.654,0.058,66.0,0.994,0.481,0.688,57.44,10.88,0.155,3.236,36.8,653.27,Medium
7549,Thermograph,Mixed,Thermal Anomaly,2,0.689,0.066,11.05,0.649,1.0,0.799,44.01,11.75,0.102,0.828,33.43,716.91,Medium
7550,Thermograph,Mixed,None,2,0.551,0.066,4.45,0.921,0.531,0.613,63.04,1.99,0.033,2.237,30.5,685.0,Medium
7551,C-scan (Pristine with Holes),Pristine,None,3,0.511,0.025,57.43,0.498,0.253,0.719,32.91,7.94,0.015,0.327,27.64,470.9,Low
7552,C-scan (BVID with Holes),Damaged,BVID,6,0.55,0.055,67.07,0.4,0.966,0.473,25.04,8.75,0.138,1.071,26.61,488.48,Low
7553,Thermograph,Mixed,None,4,0.498,0.065,67.9,0.824,0.108,0.734,94.39,11.05,0.108,2.761,22.26,424.02,Low
7554,C-scan (Pristine with Holes),Pristine,None,3,0.591,0.031,12.25,0.843,0.213,0.355,42.68,11.81,0.036,0.834,26.23,372.13,Low
7555,C-scan (Pristine with Holes),Pristine,None,3,0.565,0.05,73.28,0.976,0.44,0.585,58.66,7.06,0.041,0.974,23.94,407.09,Low
7556,Thermograph,Mixed,Thermal Anomaly,2,0.679,0.043,46.81,0.452,0.238,0.723,68.2,13.0,0.145,1.574,43.26,373.65,Medium
7557,C-scan (Pristine with Holes),Pristine,None,2,0.637,0.035,72.18,0.939,0.321,0.766,59.32,9.81,0.025,0.379,37.47,394.36,Medium
7558,C-scan (Pristine with Holes),Pristine,None,6,0.459,0.024,84.51,0.865,0.66,0.41,59.4,5.16,0.012,0.611,22.29,407.34,Low
7559,C-scan (BVID with Holes),Damaged,BVID,3,0.664,0.072,62.63,0.489,0.269,0.471,52.99,11.47,0.086,1.815,32.95,884.64,Medium
7560,Thermograph,Mixed,Thermal Anomaly,4,0.609,0.057,85.88,0.559,0.716,0.801,91.24,3.51,0.086,1.656,54.67,875.09,Medium
7561,C-scan (BVID with Holes),Damaged,BVID,2,0.616,0.021,88.05,0.359,0.511,0.573,60.7,9.16,0.16,4.26,47.34,567.73,Medium
7562,C-scan (Pristine with Holes),Pristine,None,4,0.651,0.031,42.43,0.483,0.584,0.893,69.01,7.21,0.036,0.232,27.31,652.81,Low
7563,Thermograph,Mixed,None,6,0.549,0.01,11.95,0.943,0.197,0.506,80.63,6.85,0.058,3.261,55.16,496.31,High
7564,C-scan (BVID with Holes),Damaged,BVID,5,0.663,0.07,30.25,0.74,0.723,0.709,97.9,11.84,0.191,2.182,55.4,713.22,Medium
7565,Thermograph,Mixed,Thermal Anomaly,4,0.639,0.054,75.11,0.81,0.304,0.632,33.26,13.16,0.086,2.81,50.44,858.54,Medium
7566,C-scan (Pristine with Holes),Pristine,None,3,0.682,0.057,89.38,0.904,0.35,0.814,103.14,0.6,0.012,0.509,53.2,679.24,High
7567,C-scan (BVID with Holes),Damaged,BVID,5,0.637,0.072,2.98,0.628,0.214,0.203,86.29,11.2,0.168,4.131,51.99,684.61,Medium
7568,C-scan (BVID with Holes),Damaged,BVID,3,0.556,0.068,53.43,0.114,0.857,0.836,117.48,9.6,0.186,3.902,58.56,541.31,Medium
7569,Thermograph,Mixed,Thermal Anomaly,3,0.567,0.07,18.62,0.997,0.924,0.6,42.54,0.77,0.119,1.571,51.29,537.39,Medium
7570,Thermograph,Mixed,Thermal Anomaly,2,0.541,0.056,71.23,0.527,0.668,0.363,47.27,10.77,0.042,0.712,44.63,447.44,Medium
7571,C-scan (BVID with Holes),Damaged,BVID,2,0.458,0.071,18.5,0.442,0.363,0.715,112.75,6.0,0.1,3.214,49.39,366.03,Medium
7572,Thermograph,Mixed,None,5,0.494,0.046,72.53,0.706,0.308,0.314,115.23,13.96,0.087,3.313,52.73,585.86,Medium
7573,C-scan (BVID with Holes),Damaged,BVID,2,0.562,0.068,33.03,0.262,0.357,0.499,84.24,6.37,0.103,4.918,44.85,644.8,Medium
7574,C-scan (BVID with Holes),Damaged,BVID,2,0.636,0.04,11.37,0.734,0.761,0.441,26.95,4.46,0.094,1.376,55.75,350.49,Medium
7575,C-scan (BVID with Holes),Damaged,BVID,6,0.548,0.078,71.31,0.613,0.541,0.474,51.22,4.8,0.197,2.411,26.69,384.27,Low
7576,C-scan (BVID with Holes),Damaged,BVID,4,0.518,0.043,88.37,0.23,0.335,0.824,106.2,12.61,0.118,2.331,20.36,605.67,Low
7577,Thermograph,Mixed,None,5,0.534,0.023,81.98,0.172,0.487,0.642,97.06,12.25,0.075,2.211,32.76,664.69,Medium
7578,Thermograph,Mixed,None,3,0.626,0.018,36.58,0.514,0.56,0.582,65.09,7.7,0.042,2.052,46.09,631.81,High
7579,Thermograph,Mixed,None,5,0.679,0.06,41.92,0.697,0.439,0.871,41.63,6.99,0.137,2.572,40.08,481.5,Medium
7580,C-scan (Pristine with Holes),Pristine,None,6,0.688,0.064,22.84,0.336,0.504,0.701,74.39,2.1,0.042,0.103,41.97,639.19,Medium
7581,C-scan (Pristine with Holes),Pristine,None,2,0.63,0.019,33.64,0.858,0.892,0.604,68.73,14.54,0.048,0.86,23.65,691.74,Low
7582,C-scan (Pristine with Holes),Pristine,None,6,0.554,0.043,60.52,0.199,0.407,0.656,114.52,13.72,0.043,0.52,32.15,568.25,Medium
7583,Thermograph,Mixed,Thermal Anomaly,2,0.615,0.079,85.74,0.235,0.546,0.552,110.41,9.0,0.143,3.083,26.14,745.99,Low
7584,C-scan (BVID with Holes),Damaged,BVID,6,0.695,0.028,52.6,0.15,0.499,0.853,28.04,6.54,0.182,2.346,30.28,803.19,Medium
7585,Thermograph,Mixed,None,3,0.564,0.064,60.04,0.281,0.357,0.757,90.2,0.52,0.145,0.714,37.99,508.54,Medium
7586,C-scan (Pristine with Holes),Pristine,None,5,0.516,0.041,53.18,0.295,0.646,0.669,35.27,6.14,0.023,0.753,26.64,613.31,Low
7587,C-scan (BVID with Holes),Damaged,BVID,2,0.471,0.015,69.44,0.256,0.631,0.8,30.42,4.96,0.131,3.0,26.7,713.38,Low
7588,Thermograph,Mixed,None,6,0.571,0.047,61.3,0.601,0.362,0.291,68.08,5.54,0.067,2.238,32.44,620.1,Medium
7589,Thermograph,Mixed,None,3,0.587,0.025,13.41,0.812,0.661,0.679,101.21,14.63,0.095,0.988,32.02,409.16,Medium
7590,Thermograph,Mixed,None,5,0.546,0.042,81.05,0.294,0.448,0.554,73.8,13.32,0.096,3.404,42.58,820.56,Medium
7591,C-scan (Pristine with Holes),Pristine,None,3,0.591,0.041,44.51,0.933,0.743,0.387,37.69,1.73,0.018,0.524,25.03,446.17,Low
7592,C-scan (BVID with Holes),Damaged,BVID,3,0.483,0.03,63.25,0.251,0.717,0.878,66.43,1.56,0.123,2.194,29.34,451.14,Low
7593,C-scan (BVID with Holes),Damaged,BVID,2,0.608,0.046,87.78,0.634,0.184,0.597,85.7,8.06,0.193,1.184,50.67,812.12,Medium
7594,Thermograph,Mixed,None,2,0.539,0.076,56.81,0.354,0.733,0.895,80.59,11.09,0.126,2.939,27.24,779.17,Low
7595,C-scan (Pristine with Holes),Pristine,None,5,0.611,0.014,77.45,0.28,0.827,0.648,64.83,5.13,0.025,0.24,47.75,689.7,High
7596,C-scan (BVID with Holes),Damaged,BVID,3,0.648,0.045,78.56,0.157,0.792,0.533,42.58,3.31,0.196,2.982,36.78,739.34,Medium
7597,Thermograph,Mixed,Thermal Anomaly,2,0.623,0.013,69.63,0.149,0.1,0.333,56.26,13.74,0.111,1.611,41.62,754.76,Medium
7598,C-scan (BVID with Holes),Damaged,BVID,5,0.652,0.041,4.47,0.573,0.638,0.658,48.23,7.44,0.15,1.286,59.3,802.83,Medium
7599,Thermograph,Mixed,Thermal Anomaly,3,0.632,0.035,25.38,0.25,0.168,0.611,93.02,7.08,0.069,2.272,45.29,591.6,High
7600,C-scan (BVID with Holes),Damaged,BVID,6,0.539,0.041,48.85,0.855,0.669,0.293,115.69,14.59,0.127,4.119,48.19,558.8,Medium
7601,C-scan (Pristine with Holes),Pristine,None,6,0.542,0.02,43.03,0.243,0.341,0.845,73.71,2.44,0.028,0.319,55.57,430.89,High
7602,C-scan (BVID with Holes),Damaged,BVID,2,0.61,0.034,60.15,0.387,0.491,0.678,98.27,8.06,0.185,4.626,45.48,746.59,Medium
7603,Thermograph,Mixed,Thermal Anomaly,6,0.48,0.03,74.11,0.201,0.189,0.222,95.59,12.93,0.109,3.241,51.14,878.6,Medium
7604,Thermograph,Mixed,None,2,0.631,0.066,16.57,0.391,0.187,0.653,57.06,6.94,0.124,0.522,34.15,803.79,Medium
7605,Thermograph,Mixed,None,2,0.487,0.055,6.16,0.333,0.347,0.811,32.24,4.83,0.109,0.822,34.35,658.42,Medium
7606,Thermograph,Mixed,Thermal Anomaly,2,0.619,0.063,50.7,0.53,0.883,0.581,119.32,10.74,0.047,2.985,54.75,681.07,High
7607,C-scan (BVID with Holes),Damaged,BVID,5,0.566,0.026,79.27,0.654,0.716,0.452,114.91,6.14,0.153,1.645,46.16,416.5,Medium
7608,Thermograph,Mixed,Thermal Anomaly,4,0.594,0.068,55.39,0.646,0.456,0.696,80.78,8.48,0.108,1.7,42.31,581.76,Medium
7609,Thermograph,Mixed,None,3,0.49,0.032,49.5,0.499,0.268,0.426,94.95,13.03,0.103,3.16,31.62,352.68,Medium
7610,C-scan (BVID with Holes),Damaged,BVID,3,0.552,0.056,48.65,0.332,0.771,0.288,78.97,12.52,0.082,1.116,32.23,863.98,Medium
7611,Thermograph,Mixed,Thermal Anomaly,3,0.598,0.024,55.74,0.175,0.567,0.742,65.49,2.93,0.065,3.133,36.97,558.85,Medium
7612,C-scan (Pristine with Holes),Pristine,None,6,0.527,0.08,50.26,0.909,0.593,0.646,29.38,11.02,0.015,0.375,35.59,717.36,Medium
7613,C-scan (Pristine with Holes),Pristine,None,4,0.684,0.033,80.29,0.985,0.115,0.303,81.52,2.19,0.013,0.167,57.83,540.71,High
7614,Thermograph,Mixed,Thermal Anomaly,2,0.546,0.026,85.51,0.83,0.284,0.742,92.91,5.81,0.148,3.092,23.42,677.04,Low
7615,Thermograph,Mixed,None,5,0.618,0.057,7.56,0.106,0.839,0.53,58.82,7.91,0.139,0.718,47.25,487.78,Medium
7616,C-scan (BVID with Holes),Damaged,BVID,6,0.516,0.031,68.27,0.891,0.841,0.562,30.1,5.28,0.109,1.416,21.66,409.92,Low
7617,C-scan (BVID with Holes),Damaged,BVID,5,0.638,0.026,49.5,0.612,0.316,0.48,82.52,7.62,0.175,2.25,31.63,474.43,Medium
7618,C-scan (Pristine with Holes),Pristine,None,2,0.616,0.077,5.88,0.353,0.863,0.526,71.3,6.65,0.036,0.768,20.31,538.82,Low
7619,C-scan (BVID with Holes),Damaged,BVID,5,0.679,0.035,16.75,0.191,0.162,0.487,104.11,3.28,0.087,1.193,53.54,838.78,Medium
7620,Thermograph,Mixed,None,4,0.504,0.028,23.68,0.578,0.474,0.357,73.39,4.64,0.044,1.419,30.74,407.97,Medium
7621,Thermograph,Mixed,None,5,0.612,0.021,44.54,0.931,0.765,0.506,87.74,4.33,0.061,0.506,30.75,791.37,Medium
7622,C-scan (Pristine with Holes),Pristine,None,2,0.602,0.063,88.86,0.934,0.99,0.854,116.58,0.74,0.033,0.57,43.83,873.37,Medium
7623,C-scan (Pristine with Holes),Pristine,None,2,0.675,0.02,36.2,0.579,0.853,0.595,112.93,7.86,0.021,0.473,51.28,613.16,High
7624,Thermograph,Mixed,Thermal Anomaly,6,0.661,0.034,25.87,0.814,0.132,0.346,85.51,6.15,0.079,0.773,45.3,692.22,High
7625,C-scan (BVID with Holes),Damaged,BVID,6,0.526,0.029,27.74,0.802,0.817,0.456,90.76,13.89,0.13,3.033,30.59,697.3,Medium
7626,C-scan (BVID with Holes),Damaged,BVID,5,0.618,0.061,8.33,0.129,0.474,0.782,63.49,5.76,0.157,2.066,52.99,401.71,Medium
7627,C-scan (BVID with Holes),Damaged,BVID,6,0.584,0.076,2.23,0.997,0.62,0.612,80.05,4.54,0.096,1.87,32.82,540.96,Medium
7628,C-scan (BVID with Holes),Damaged,BVID,2,0.624,0.066,72.27,0.989,0.674,0.406,41.23,3.34,0.147,2.019,22.34,649.47,Low
7629,C-scan (Pristine with Holes),Pristine,None,6,0.652,0.078,69.44,0.547,0.528,0.571,73.29,4.84,0.05,0.128,45.69,720.05,High
7630,C-scan (Pristine with Holes),Pristine,None,5,0.607,0.032,24.96,0.903,0.18,0.215,29.91,13.3,0.045,0.898,56.67,531.18,High
7631,C-scan (BVID with Holes),Damaged,BVID,4,0.677,0.058,36.89,0.753,0.666,0.826,96.87,14.05,0.188,4.437,52.35,695.32,Medium
7632,C-scan (BVID with Holes),Damaged,BVID,3,0.673,0.044,7.15,0.688,0.17,0.333,88.23,8.91,0.135,2.172,43.53,591.41,Medium
7633,Thermograph,Mixed,None,5,0.558,0.079,28.71,0.235,0.143,0.368,86.14,8.98,0.063,2.941,56.02,876.61,High
7634,C-scan (BVID with Holes),Damaged,BVID,4,0.504,0.024,50.04,0.189,0.287,0.519,103.04,12.06,0.125,4.995,53.9,755.48,Medium
7635,Thermograph,Mixed,Thermal Anomaly,3,0.586,0.058,34.5,0.934,0.693,0.455,114.58,14.77,0.087,2.952,59.03,732.86,Medium
7636,C-scan (BVID with Holes),Damaged,BVID,2,0.486,0.056,12.36,0.662,0.152,0.432,105.71,8.73,0.101,2.017,53.79,420.75,Medium
7637,C-scan (Pristine with Holes),Pristine,None,2,0.559,0.027,85.37,0.499,0.558,0.212,42.08,6.79,0.049,0.476,30.14,659.87,Medium
7638,C-scan (BVID with Holes),Damaged,BVID,4,0.598,0.04,17.19,0.41,0.304,0.254,90.08,9.8,0.132,4.007,46.8,848.46,Medium
7639,C-scan (BVID with Holes),Damaged,BVID,2,0.49,0.065,89.86,0.598,0.422,0.521,95.23,4.71,0.118,2.825,56.69,664.66,Medium
7640,C-scan (BVID with Holes),Damaged,BVID,6,0.686,0.021,0.3,0.374,0.657,0.292,85.09,9.37,0.199,2.495,29.79,420.82,Low
7641,C-scan (Pristine with Holes),Pristine,None,4,0.487,0.064,61.19,0.971,0.69,0.228,28.11,11.88,0.029,0.681,30.19,553.05,Medium
7642,Thermograph,Mixed,Thermal Anomaly,6,0.516,0.014,70.78,0.337,0.285,0.646,31.2,1.78,0.143,2.499,38.44,610.43,Medium
7643,C-scan (BVID with Holes),Damaged,BVID,2,0.51,0.025,88.54,0.851,0.407,0.772,82.84,9.91,0.118,3.403,43.71,464.44,Medium
7644,Thermograph,Mixed,Thermal Anomaly,4,0.591,0.061,72.17,0.523,0.939,0.391,63.35,13.14,0.093,1.357,46.13,506.73,Medium
7645,Thermograph,Mixed,None,5,0.508,0.06,74.67,0.927,0.83,0.301,57.45,3.78,0.146,1.026,50.89,803.49,Medium
7646,Thermograph,Mixed,Thermal Anomaly,5,0.612,0.037,14.64,0.583,0.377,0.352,85.25,1.69,0.108,0.888,22.97,439.68,Low
7647,C-scan (BVID with Holes),Damaged,BVID,6,0.522,0.023,8.92,0.223,0.392,0.418,31.16,11.65,0.191,4.454,46.75,514.06,Medium
7648,Thermograph,Mixed,None,5,0.696,0.032,27.41,0.275,0.607,0.285,77.8,12.04,0.034,1.494,30.62,436.69,Medium
7649,C-scan (Pristine with Holes),Pristine,None,4,0.459,0.058,33.27,0.552,0.526,0.26,111.3,11.11,0.041,0.377,42.7,886.64,Medium
7650,C-scan (Pristine with Holes),Pristine,None,4,0.687,0.039,58.79,0.955,0.649,0.725,118.97,12.52,0.025,0.336,21.94,534.95,Low
7651,Thermograph,Mixed,None,6,0.493,0.046,16.15,0.358,0.799,0.485,59.69,9.13,0.13,1.321,55.59,660.43,Medium
7652,C-scan (Pristine with Holes),Pristine,None,3,0.66,0.011,69.82,0.895,0.524,0.898,25.28,9.43,0.033,0.856,28.33,377.89,Low
7653,C-scan (Pristine with Holes),Pristine,None,4,0.644,0.053,61.03,0.53,0.397,0.205,84.89,1.99,0.019,0.524,27.31,518.48,Low
7654,C-scan (Pristine with Holes),Pristine,None,3,0.662,0.071,84.76,0.233,0.45,0.257,85.74,12.41,0.033,0.808,33.07,670.43,Medium
7655,C-scan (Pristine with Holes),Pristine,None,6,0.665,0.034,5.43,0.325,0.791,0.411,77.79,4.38,0.047,0.333,30.25,382.95,Medium
7656,C-scan (BVID with Holes),Damaged,BVID,2,0.624,0.017,20.69,0.468,0.547,0.884,73.48,3.49,0.195,2.917,38.97,487.54,Medium
7657,C-scan (BVID with Holes),Damaged,BVID,6,0.544,0.063,6.85,0.999,0.562,0.272,101.84,10.61,0.185,4.957,38.34,546.82,Medium
7658,Thermograph,Mixed,None,5,0.584,0.064,5.18,0.99,0.904,0.713,85.88,2.37,0.052,1.945,56.01,665.67,High
7659,C-scan (BVID with Holes),Damaged,BVID,6,0.485,0.018,74.86,0.379,0.554,0.78,40.37,9.35,0.113,1.857,20.73,484.09,Low
7660,C-scan (BVID with Holes),Damaged,BVID,2,0.649,0.024,69.78,0.166,0.259,0.675,49.53,12.46,0.12,1.969,30.78,384.08,Medium
7661,Thermograph,Mixed,Thermal Anomaly,6,0.64,0.014,27.06,0.516,0.329,0.668,46.85,7.65,0.138,1.451,28.64,720.01,Low
7662,C-scan (Pristine with Holes),Pristine,None,2,0.585,0.064,12.28,0.841,0.881,0.487,92.55,12.66,0.034,0.955,59.26,708.78,High
7663,Thermograph,Mixed,Thermal Anomaly,2,0.623,0.062,37.72,0.588,0.728,0.343,96.17,4.21,0.049,2.4,54.75,804.7,High
7664,C-scan (BVID with Holes),Damaged,BVID,4,0.452,0.044,10.85,0.604,0.708,0.433,30.57,14.2,0.149,2.501,46.17,416.09,Medium
7665,C-scan (BVID with Holes),Damaged,BVID,4,0.641,0.016,20.8,0.262,0.47,0.689,81.63,3.38,0.146,4.665,56.91,435.69,Medium
7666,C-scan (BVID with Holes),Damaged,BVID,5,0.502,0.034,51.74,0.694,0.615,0.682,95.45,14.3,0.121,3.101,22.5,664.12,Low
7667,Thermograph,Mixed,Thermal Anomaly,2,0.547,0.055,23.67,0.16,0.627,0.616,80.38,9.82,0.111,3.445,33.45,670.17,Medium
7668,C-scan (Pristine with Holes),Pristine,None,2,0.529,0.064,34.19,0.565,0.419,0.301,106.63,6.27,0.039,0.768,57.39,643.68,High
7669,C-scan (BVID with Holes),Damaged,BVID,5,0.544,0.016,56.5,0.86,0.942,0.433,94.19,1.94,0.178,4.078,58.0,803.8,Medium
7670,C-scan (Pristine with Holes),Pristine,None,3,0.678,0.015,66.16,0.259,0.258,0.576,34.44,12.09,0.035,0.38,21.88,485.68,Low
7671,C-scan (Pristine with Holes),Pristine,None,5,0.698,0.029,89.9,0.545,0.246,0.747,28.99,8.58,0.048,0.809,50.52,589.05,High
7672,C-scan (Pristine with Holes),Pristine,None,5,0.523,0.072,61.42,0.487,0.873,0.621,94.77,6.8,0.013,0.84,31.82,702.23,Medium
7673,C-scan (BVID with Holes),Damaged,BVID,4,0.548,0.071,45.53,0.766,0.775,0.674,97.31,6.46,0.157,1.358,37.52,599.99,Medium
7674,C-scan (BVID with Holes),Damaged,BVID,3,0.65,0.016,49.82,0.437,0.499,0.209,76.45,6.5,0.199,3.099,30.56,464.85,Medium
7675,C-scan (Pristine with Holes),Pristine,None,4,0.525,0.046,56.14,0.346,0.853,0.232,92.45,1.3,0.031,0.367,28.04,528.98,Low
7676,Thermograph,Mixed,None,3,0.453,0.077,5.56,0.334,0.564,0.538,36.1,2.67,0.123,2.224,42.3,841.99,Medium
7677,Thermograph,Mixed,None,5,0.647,0.07,65.67,0.799,0.707,0.895,102.94,4.27,0.128,1.782,58.39,579.85,Medium
7678,C-scan (BVID with Holes),Damaged,BVID,6,0.594,0.071,74.71,0.227,0.381,0.625,95.44,3.83,0.168,1.369,53.8,432.03,Medium
7679,Thermograph,Mixed,Thermal Anomaly,6,0.681,0.014,47.85,0.548,0.429,0.395,28.69,5.54,0.081,1.263,48.17,410.28,Medium
7680,Thermograph,Mixed,None,5,0.463,0.018,76.34,0.529,0.367,0.465,85.72,14.95,0.042,0.995,43.83,464.49,Medium
7681,C-scan (BVID with Holes),Damaged,BVID,4,0.633,0.031,7.74,0.476,0.682,0.769,85.24,13.17,0.142,2.004,40.42,747.1,Medium
7682,C-scan (Pristine with Holes),Pristine,None,2,0.586,0.024,50.29,0.574,0.253,0.57,101.52,2.03,0.021,0.924,52.58,642.98,High
7683,C-scan (BVID with Holes),Damaged,BVID,3,0.689,0.041,47.01,0.225,0.696,0.201,95.51,8.48,0.175,4.287,40.71,484.01,Medium
7684,Thermograph,Mixed,None,4,0.611,0.073,24.89,0.255,0.94,0.373,71.18,11.57,0.03,2.605,40.21,676.81,Medium
7685,C-scan (BVID with Holes),Damaged,BVID,3,0.469,0.015,71.07,0.932,0.813,0.625,79.64,3.05,0.177,4.577,38.29,598.74,Medium
7686,C-scan (BVID with Holes),Damaged,BVID,3,0.654,0.073,3.96,0.288,0.233,0.512,115.08,3.68,0.151,3.268,51.25,411.88,Medium
7687,Thermograph,Mixed,Thermal Anomaly,3,0.696,0.049,23.42,0.594,0.465,0.588,104.1,5.54,0.056,2.753,27.86,592.73,Low
7688,C-scan (Pristine with Holes),Pristine,None,2,0.595,0.062,71.26,0.933,0.875,0.551,78.15,12.5,0.02,0.285,33.36,447.27,Medium
7689,C-scan (BVID with Holes),Damaged,BVID,5,0.658,0.07,25.43,0.798,0.869,0.452,84.2,8.02,0.096,1.182,57.88,478.04,Medium
7690,C-scan (Pristine with Holes),Pristine,None,3,0.584,0.02,25.5,0.931,0.535,0.555,95.0,5.82,0.015,0.533,51.95,521.48,High
7691,C-scan (BVID with Holes),Damaged,BVID,3,0.561,0.077,57.13,0.167,0.199,0.235,54.22,2.05,0.181,1.266,33.45,453.9,Medium
7692,C-scan (BVID with Holes),Damaged,BVID,3,0.505,0.04,14.15,0.523,0.953,0.867,96.06,4.2,0.105,4.047,49.2,898.18,Medium
7693,C-scan (BVID with Holes),Damaged,BVID,6,0.535,0.013,79.77,0.556,0.495,0.376,25.21,2.68,0.094,2.036,31.07,700.06,Medium
7694,C-scan (Pristine with Holes),Pristine,None,4,0.494,0.08,12.42,0.981,0.806,0.734,93.31,8.02,0.049,0.449,56.64,545.08,High
7695,C-scan (BVID with Holes),Damaged,BVID,3,0.564,0.066,87.35,0.856,0.141,0.338,30.86,7.85,0.091,2.466,40.93,590.99,Medium
7696,Thermograph,Mixed,None,2,0.513,0.015,86.66,0.395,0.958,0.226,102.52,10.63,0.119,1.535,34.55,461.3,Medium
7697,C-scan (Pristine with Holes),Pristine,None,3,0.465,0.026,8.61,0.826,0.819,0.857,50.23,13.47,0.011,0.751,45.88,579.68,High
7698,C-scan (Pristine with Holes),Pristine,None,3,0.489,0.058,86.73,0.833,0.944,0.448,89.4,6.24,0.02,0.187,31.21,842.93,Medium
7699,C-scan (Pristine with Holes),Pristine,None,2,0.678,0.032,39.12,0.363,0.548,0.4,42.83,6.63,0.033,0.219,29.86,664.52,Low
7700,Thermograph,Mixed,Thermal Anomaly,4,0.544,0.028,20.91,0.422,0.376,0.447,107.0,3.28,0.074,2.405,44.42,685.81,Medium
7701,Thermograph,Mixed,Thermal Anomaly,6,0.481,0.056,7.92,0.88,0.234,0.344,112.87,6.59,0.142,2.624,35.29,590.32,Medium
7702,Thermograph,Mixed,None,6,0.588,0.071,59.65,0.772,0.644,0.565,38.54,9.84,0.032,1.042,34.58,463.6,Medium
7703,Thermograph,Mixed,None,5,0.7,0.019,26.01,0.341,0.776,0.659,88.77,3.68,0.047,0.787,23.34,518.41,Low
7704,Thermograph,Mixed,None,2,0.599,0.03,21.61,0.245,0.867,0.39,80.42,8.05,0.118,0.753,36.27,411.58,Medium
7705,C-scan (BVID with Holes),Damaged,BVID,6,0.48,0.037,39.22,0.772,0.192,0.641,118.95,12.76,0.132,2.004,47.79,776.33,Medium
7706,C-scan (BVID with Holes),Damaged,BVID,3,0.486,0.056,26.26,0.723,0.393,0.875,44.95,14.09,0.173,4.493,27.67,492.43,Low
7707,C-scan (BVID with Holes),Damaged,BVID,4,0.61,0.059,87.99,0.179,0.469,0.307,62.06,7.36,0.116,3.828,43.97,356.56,Medium
7708,Thermograph,Mixed,Thermal Anomaly,4,0.665,0.021,37.08,0.93,0.515,0.299,80.41,8.13,0.143,0.894,32.56,870.84,Medium
7709,Thermograph,Mixed,None,6,0.48,0.028,65.5,0.752,0.869,0.442,95.05,12.07,0.096,1.952,29.39,601.94,Low
7710,C-scan (BVID with Holes),Damaged,BVID,4,0.483,0.046,57.4,0.895,0.171,0.416,100.34,11.56,0.198,3.878,37.73,476.71,Medium
7711,C-scan (Pristine with Holes),Pristine,None,4,0.66,0.012,44.22,0.336,0.365,0.752,78.63,8.48,0.027,0.207,30.39,583.24,Medium
7712,Thermograph,Mixed,Thermal Anomaly,5,0.454,0.037,2.81,0.97,0.87,0.281,42.06,1.49,0.114,3.225,26.84,396.89,Low
7713,C-scan (BVID with Holes),Damaged,BVID,6,0.526,0.032,38.42,0.413,0.384,0.206,72.15,3.8,0.119,3.372,33.08,673.91,Medium
7714,C-scan (Pristine with Holes),Pristine,None,6,0.505,0.027,70.19,0.168,0.29,0.702,114.89,2.53,0.033,0.937,27.38,366.66,Low
7715,Thermograph,Mixed,Thermal Anomaly,3,0.52,0.045,84.08,0.398,0.791,0.563,26.99,8.51,0.06,0.878,38.58,785.75,Medium
7716,C-scan (BVID with Holes),Damaged,BVID,3,0.616,0.042,52.86,0.357,0.932,0.764,78.58,14.83,0.175,3.735,25.03,887.64,Low
7717,C-scan (Pristine with Holes),Pristine,None,5,0.666,0.072,31.54,0.425,0.735,0.821,45.52,3.72,0.019,0.578,35.11,387.06,Medium
7718,C-scan (BVID with Holes),Damaged,BVID,3,0.53,0.079,20.37,0.761,0.862,0.606,52.82,14.59,0.144,1.986,47.32,699.86,Medium
7719,C-scan (Pristine with Holes),Pristine,None,6,0.666,0.069,2.6,0.32,0.172,0.301,74.3,6.77,0.05,0.986,25.85,538.31,Low
7720,C-scan (Pristine with Holes),Pristine,None,2,0.452,0.029,78.83,0.744,0.732,0.538,104.14,3.2,0.027,0.373,59.64,870.13,High
7721,C-scan (Pristine with Holes),Pristine,None,2,0.627,0.01,45.43,0.656,0.348,0.491,103.54,8.29,0.013,0.772,28.62,571.35,Low
7722,C-scan (Pristine with Holes),Pristine,None,5,0.627,0.011,48.3,0.208,0.219,0.87,104.71,7.13,0.012,0.633,31.59,503.27,Medium
7723,Thermograph,Mixed,None,2,0.653,0.03,73.34,0.538,0.16,0.495,95.61,10.58,0.135,1.273,54.39,750.96,Medium
7724,Thermograph,Mixed,None,6,0.6,0.016,86.77,0.818,0.661,0.336,103.79,4.01,0.057,2.463,25.69,723.29,Low
7725,Thermograph,Mixed,Thermal Anomaly,5,0.529,0.078,31.83,0.638,0.348,0.292,51.91,6.82,0.059,1.54,48.16,853.2,High
7726,Thermograph,Mixed,None,4,0.535,0.057,85.13,0.17,0.156,0.657,69.51,13.73,0.041,0.51,48.45,542.55,High
7727,Thermograph,Mixed,Thermal Anomaly,3,0.476,0.038,23.04,0.116,0.97,0.75,60.16,5.35,0.078,0.952,54.45,525.26,High
7728,C-scan (Pristine with Holes),Pristine,None,6,0.653,0.066,40.64,0.858,0.622,0.641,30.08,9.53,0.048,0.333,54.74,351.8,High
7729,Thermograph,Mixed,None,5,0.526,0.026,57.22,0.627,0.163,0.346,101.82,1.73,0.037,0.663,48.04,797.55,High
7730,C-scan (Pristine with Holes),Pristine,None,5,0.548,0.063,61.7,0.644,0.463,0.895,108.72,11.28,0.031,0.91,34.04,665.54,Medium
7731,Thermograph,Mixed,None,4,0.57,0.038,63.24,0.881,0.707,0.754,75.01,13.88,0.043,1.595,52.09,554.85,High
7732,C-scan (Pristine with Holes),Pristine,None,2,0.644,0.056,76.52,0.74,0.156,0.899,111.82,14.15,0.025,0.328,28.93,880.68,Low
7733,C-scan (Pristine with Holes),Pristine,None,6,0.518,0.02,60.57,0.985,0.883,0.744,101.66,12.66,0.043,0.855,51.69,452.8,High
7734,C-scan (BVID with Holes),Damaged,BVID,3,0.653,0.025,11.83,0.579,0.539,0.705,78.38,6.29,0.141,1.425,28.34,849.46,Low
7735,C-scan (BVID with Holes),Damaged,BVID,6,0.508,0.072,37.05,0.174,0.796,0.466,26.96,10.13,0.137,4.859,28.12,497.76,Low
7736,Thermograph,Mixed,None,6,0.62,0.026,46.25,0.401,0.64,0.528,113.85,12.56,0.134,3.106,43.74,731.25,Medium
7737,Thermograph,Mixed,Thermal Anomaly,4,0.467,0.06,53.03,0.809,0.929,0.676,118.48,2.89,0.124,2.929,43.94,850.36,Medium
7738,C-scan (BVID with Holes),Damaged,BVID,5,0.586,0.025,58.38,0.265,0.455,0.536,118.56,5.18,0.095,4.359,48.39,473.99,Medium
7739,Thermograph,Mixed,None,2,0.531,0.013,83.07,0.449,0.635,0.451,30.62,3.64,0.142,0.742,37.6,718.72,Medium
7740,C-scan (Pristine with Holes),Pristine,None,6,0.574,0.011,14.31,0.46,0.993,0.213,109.76,10.33,0.025,0.471,42.61,506.67,Medium
7741,C-scan (BVID with Holes),Damaged,BVID,6,0.463,0.027,37.24,0.918,0.921,0.347,42.18,9.27,0.196,3.07,32.03,459.18,Medium
7742,Thermograph,Mixed,None,2,0.564,0.015,9.88,0.875,0.409,0.818,102.26,1.69,0.111,2.699,45.09,780.47,Medium
7743,C-scan (BVID with Holes),Damaged,BVID,3,0.664,0.08,25.41,0.198,0.482,0.358,42.54,11.77,0.092,1.783,41.21,899.01,Medium
7744,Thermograph,Mixed,None,4,0.467,0.058,20.46,0.707,0.5,0.396,114.24,5.54,0.103,2.918,38.99,432.21,Medium
7745,C-scan (Pristine with Holes),Pristine,None,4,0.55,0.05,71.38,0.967,0.458,0.563,37.5,10.79,0.032,0.278,50.22,540.65,High
7746,C-scan (BVID with Holes),Damaged,BVID,5,0.536,0.014,39.59,0.981,0.456,0.227,35.6,13.9,0.087,1.314,40.44,504.12,Medium
7747,C-scan (BVID with Holes),Damaged,BVID,5,0.609,0.028,82.71,0.275,0.972,0.834,29.79,4.92,0.095,2.889,48.48,747.91,Medium
7748,C-scan (Pristine with Holes),Pristine,None,3,0.635,0.05,16.83,0.383,0.584,0.328,72.61,8.54,0.014,0.428,39.92,472.59,Medium
7749,C-scan (BVID with Holes),Damaged,BVID,5,0.521,0.071,42.7,0.943,0.495,0.772,99.04,2.13,0.127,2.135,51.04,669.3,Medium
7750,C-scan (Pristine with Holes),Pristine,None,2,0.63,0.011,64.05,0.164,0.321,0.53,111.05,10.86,0.031,0.361,50.23,636.59,High
7751,C-scan (Pristine with Holes),Pristine,None,2,0.457,0.048,48.56,0.207,0.231,0.22,65.61,10.02,0.035,0.645,24.6,726.13,Low
7752,C-scan (Pristine with Holes),Pristine,None,6,0.459,0.074,54.64,0.972,0.262,0.405,31.65,13.98,0.013,0.617,47.44,357.96,High
7753,C-scan (BVID with Holes),Damaged,BVID,5,0.681,0.051,14.95,0.634,0.542,0.759,51.95,11.62,0.195,4.564,59.94,786.45,Medium
7754,C-scan (BVID with Holes),Damaged,BVID,5,0.454,0.054,68.03,0.904,0.479,0.3,87.14,8.52,0.183,4.655,59.73,414.69,Medium
7755,Thermograph,Mixed,Thermal Anomaly,5,0.466,0.018,61.71,0.677,0.302,0.872,48.41,0.74,0.046,2.235,42.87,464.13,Medium
7756,C-scan (BVID with Holes),Damaged,BVID,6,0.695,0.075,10.75,0.386,0.298,0.726,100.07,11.82,0.111,2.387,20.68,849.07,Low
7757,Thermograph,Mixed,None,5,0.571,0.028,15.69,0.944,0.785,0.733,26.06,5.52,0.043,1.977,33.34,689.88,Medium
7758,Thermograph,Mixed,None,5,0.49,0.035,51.21,0.687,0.651,0.303,89.82,4.92,0.13,0.584,30.01,600.3,Medium
7759,C-scan (Pristine with Holes),Pristine,None,2,0.699,0.037,10.36,0.998,0.979,0.26,116.14,3.06,0.022,0.467,38.79,771.61,Medium
7760,C-scan (Pristine with Holes),Pristine,None,6,0.481,0.017,68.85,0.449,0.377,0.515,111.52,8.06,0.048,0.93,50.77,418.67,High
7761,Thermograph,Mixed,None,6,0.6,0.076,18.27,0.632,0.513,0.333,91.43,1.2,0.079,3.415,54.91,886.89,High
7762,Thermograph,Mixed,None,2,0.606,0.01,88.74,0.678,0.191,0.803,56.17,10.59,0.12,0.909,24.82,588.57,Low
7763,C-scan (Pristine with Holes),Pristine,None,6,0.462,0.044,59.01,0.12,0.976,0.291,47.76,6.32,0.027,0.208,54.03,516.04,High
7764,C-scan (BVID with Holes),Damaged,BVID,2,0.523,0.033,81.95,1.0,0.743,0.333,96.01,13.99,0.182,2.124,21.95,495.52,Low
7765,C-scan (BVID with Holes),Damaged,BVID,3,0.7,0.078,79.48,0.833,0.781,0.737,82.5,4.16,0.197,1.982,36.14,820.39,Medium
7766,C-scan (Pristine with Holes),Pristine,None,4,0.685,0.014,34.16,0.108,0.247,0.434,61.05,7.67,0.048,0.616,56.46,451.32,High
7767,C-scan (BVID with Holes),Damaged,BVID,4,0.471,0.029,80.97,0.413,0.112,0.349,82.46,10.47,0.098,3.911,34.09,535.75,Medium
7768,C-scan (Pristine with Holes),Pristine,None,5,0.517,0.071,53.57,0.27,0.485,0.2,103.09,1.47,0.016,0.685,25.73,373.51,Low
7769,C-scan (BVID with Holes),Damaged,BVID,2,0.512,0.031,15.22,0.348,0.662,0.726,25.11,13.67,0.196,2.435,37.28,735.59,Medium
7770,Thermograph,Mixed,Thermal Anomaly,5,0.451,0.036,18.94,0.136,0.931,0.825,60.92,5.58,0.053,3.086,22.86,807.36,Low
7771,C-scan (Pristine with Holes),Pristine,None,2,0.664,0.057,46.7,0.609,0.761,0.821,112.48,3.96,0.029,0.219,50.81,511.29,High
7772,Thermograph,Mixed,Thermal Anomaly,4,0.661,0.045,10.65,0.859,0.238,0.595,118.62,1.3,0.054,1.56,47.61,358.03,High
7773,C-scan (BVID with Holes),Damaged,BVID,6,0.469,0.031,19.14,0.223,0.245,0.837,82.17,14.44,0.16,1.697,26.76,653.34,Low
7774,C-scan (BVID with Holes),Damaged,BVID,5,0.678,0.047,23.3,0.195,0.377,0.256,25.14,5.45,0.108,1.851,38.23,747.55,Medium
7775,C-scan (BVID with Holes),Damaged,BVID,2,0.696,0.077,79.29,0.677,0.287,0.331,72.47,10.3,0.198,3.401,36.0,431.55,Medium
7776,C-scan (BVID with Holes),Damaged,BVID,3,0.562,0.059,89.92,0.192,0.752,0.879,69.78,1.96,0.136,2.596,35.29,383.21,Medium
7777,Thermograph,Mixed,Thermal Anomaly,6,0.492,0.057,0.74,0.456,0.973,0.641,100.75,0.9,0.061,1.82,51.25,621.23,High
7778,C-scan (Pristine with Holes),Pristine,None,3,0.659,0.026,12.77,0.804,0.367,0.213,79.23,7.57,0.034,0.439,41.01,524.32,Medium
7779,C-scan (BVID with Holes),Damaged,BVID,5,0.552,0.061,51.54,0.872,0.555,0.718,70.46,13.21,0.2,4.931,33.62,725.48,Medium
7780,Thermograph,Mixed,None,6,0.558,0.052,12.6,0.841,0.883,0.356,50.0,14.51,0.109,2.822,37.21,676.04,Medium
7781,C-scan (BVID with Holes),Damaged,BVID,5,0.613,0.061,46.82,0.658,0.302,0.611,25.71,1.75,0.164,3.637,21.27,760.15,Low
7782,C-scan (Pristine with Holes),Pristine,None,5,0.584,0.052,74.22,0.479,0.941,0.258,95.41,6.21,0.032,0.31,34.87,804.64,Medium
7783,C-scan (Pristine with Holes),Pristine,None,5,0.674,0.053,53.08,0.72,0.796,0.297,77.19,5.92,0.045,0.839,50.93,710.32,High
7784,C-scan (BVID with Holes),Damaged,BVID,5,0.557,0.046,29.08,0.949,0.892,0.801,48.61,9.82,0.186,4.677,34.64,570.92,Medium
7785,C-scan (Pristine with Holes),Pristine,None,6,0.531,0.074,75.08,0.493,0.309,0.869,39.03,10.11,0.014,0.803,30.26,497.59,Medium
7786,Thermograph,Mixed,None,4,0.548,0.012,46.4,0.178,0.521,0.553,34.25,2.64,0.046,1.123,52.61,446.79,High
7787,C-scan (BVID with Holes),Damaged,BVID,2,0.473,0.053,60.38,0.76,0.285,0.518,96.58,1.87,0.112,3.767,37.22,490.1,Medium
7788,Thermograph,Mixed,Thermal Anomaly,6,0.69,0.042,5.15,0.791,0.257,0.47,105.68,14.68,0.031,1.594,50.06,390.19,High
7789,Thermograph,Mixed,None,2,0.541,0.077,77.47,0.754,0.159,0.838,90.33,14.24,0.082,3.172,42.37,885.45,Medium
7790,C-scan (Pristine with Holes),Pristine,None,3,0.494,0.058,73.47,0.639,0.313,0.457,44.33,12.65,0.011,0.609,45.86,581.41,High
7791,C-scan (BVID with Holes),Damaged,BVID,3,0.547,0.029,61.42,0.518,0.886,0.297,103.7,4.22,0.102,1.773,26.16,463.04,Low
7792,C-scan (BVID with Holes),Damaged,BVID,3,0.463,0.025,61.24,0.646,0.673,0.626,80.05,4.53,0.107,3.54,30.63,842.66,Medium
7793,C-scan (BVID with Holes),Damaged,BVID,4,0.54,0.032,64.89,0.496,0.629,0.614,85.81,2.33,0.188,1.231,47.9,535.17,Medium
7794,C-scan (BVID with Holes),Damaged,BVID,4,0.571,0.022,85.62,0.828,0.62,0.658,33.49,11.27,0.142,1.572,59.4,787.98,Medium
7795,C-scan (BVID with Holes),Damaged,BVID,3,0.571,0.062,46.57,0.681,0.916,0.854,75.3,3.73,0.081,4.06,26.83,564.66,Low
7796,Thermograph,Mixed,None,3,0.459,0.069,50.99,0.691,0.827,0.558,44.78,9.45,0.082,2.03,46.15,679.59,Medium
7797,Thermograph,Mixed,None,3,0.581,0.023,28.97,0.836,0.526,0.247,88.17,14.53,0.108,1.523,21.03,853.33,Low
7798,C-scan (Pristine with Holes),Pristine,None,2,0.662,0.02,36.19,0.214,0.947,0.759,102.43,13.8,0.018,0.107,37.11,389.81,Medium
7799,C-scan (BVID with Holes),Damaged,BVID,2,0.591,0.037,85.19,0.508,0.754,0.309,117.54,2.92,0.082,1.555,38.03,871.83,Medium
7800,C-scan (Pristine with Holes),Pristine,None,2,0.452,0.012,16.22,0.616,0.584,0.503,84.42,2.43,0.025,0.907,50.63,800.78,High
7801,Thermograph,Mixed,None,6,0.519,0.046,26.09,0.587,0.688,0.562,94.77,6.99,0.109,2.978,44.15,576.5,Medium
7802,Thermograph,Mixed,Thermal Anomaly,5,0.572,0.068,53.37,0.286,0.486,0.662,99.01,2.48,0.065,1.884,42.92,487.0,Medium
7803,C-scan (Pristine with Holes),Pristine,None,2,0.504,0.053,30.85,0.499,0.639,0.515,48.75,3.65,0.013,0.841,57.05,744.04,High
7804,C-scan (Pristine with Holes),Pristine,None,6,0.589,0.057,29.3,0.964,0.434,0.772,74.39,3.57,0.018,0.248,23.69,504.48,Low
7805,Thermograph,Mixed,Thermal Anomaly,3,0.568,0.062,45.14,0.158,0.829,0.452,48.64,9.56,0.126,0.801,21.82,812.43,Low
7806,Thermograph,Mixed,None,2,0.551,0.038,77.08,0.888,0.39,0.693,48.35,6.09,0.076,1.003,31.62,513.09,Medium
7807,C-scan (BVID with Holes),Damaged,BVID,3,0.589,0.021,52.2,0.995,0.245,0.601,59.88,9.78,0.18,1.575,29.33,635.59,Low
7808,C-scan (Pristine with Holes),Pristine,None,5,0.457,0.027,89.46,0.13,0.205,0.257,107.16,8.37,0.033,0.753,27.53,592.18,Low
7809,C-scan (BVID with Holes),Damaged,BVID,5,0.616,0.037,30.08,0.699,0.453,0.252,56.8,8.4,0.146,1.339,30.22,524.55,Medium
7810,C-scan (BVID with Holes),Damaged,BVID,4,0.481,0.038,55.21,0.608,0.777,0.288,73.39,1.19,0.185,1.201,34.97,369.94,Medium
7811,Thermograph,Mixed,Thermal Anomaly,6,0.537,0.037,46.41,0.351,0.834,0.223,54.37,1.84,0.075,2.144,38.25,869.76,Medium
7812,C-scan (Pristine with Holes),Pristine,None,5,0.672,0.052,13.31,0.513,0.264,0.215,105.4,7.08,0.024,0.895,25.35,739.0,Low
7813,C-scan (Pristine with Holes),Pristine,None,6,0.683,0.053,73.02,0.949,0.325,0.49,115.14,11.61,0.049,0.878,41.26,494.39,Medium
7814,C-scan (BVID with Holes),Damaged,BVID,6,0.689,0.022,6.74,0.259,0.319,0.509,84.88,1.25,0.136,1.007,40.89,605.89,Medium
7815,C-scan (Pristine with Holes),Pristine,None,4,0.478,0.035,74.63,0.439,0.968,0.821,104.84,8.57,0.032,0.819,42.23,396.43,Medium
7816,C-scan (BVID with Holes),Damaged,BVID,3,0.474,0.026,28.36,0.153,0.954,0.739,112.44,0.67,0.172,1.872,26.65,593.91,Low
7817,C-scan (BVID with Holes),Damaged,BVID,6,0.536,0.027,59.68,0.874,0.44,0.793,92.06,7.83,0.185,1.354,49.53,574.59,Medium
7818,C-scan (BVID with Holes),Damaged,BVID,2,0.478,0.054,46.3,0.209,0.32,0.78,61.7,3.85,0.169,2.047,29.75,445.22,Low
7819,Thermograph,Mixed,None,6,0.574,0.025,17.9,0.803,0.847,0.837,51.0,11.56,0.053,1.95,34.67,363.78,Medium
7820,C-scan (BVID with Holes),Damaged,BVID,4,0.55,0.07,18.87,0.103,0.213,0.871,44.19,11.79,0.113,2.873,47.65,740.28,Medium
7821,C-scan (Pristine with Holes),Pristine,None,3,0.584,0.075,41.76,0.467,0.86,0.474,51.31,9.47,0.036,0.573,51.76,432.05,High
7822,C-scan (Pristine with Holes),Pristine,None,3,0.468,0.053,18.04,0.881,0.54,0.25,115.19,7.95,0.039,0.685,24.37,665.65,Low
7823,Thermograph,Mixed,Thermal Anomaly,5,0.605,0.024,38.91,0.716,0.462,0.539,36.82,5.88,0.149,1.647,43.63,622.04,Medium
7824,C-scan (BVID with Holes),Damaged,BVID,6,0.504,0.063,6.96,0.756,0.693,0.262,115.94,1.77,0.154,4.348,22.91,872.57,Low
7825,C-scan (BVID with Holes),Damaged,BVID,3,0.607,0.017,37.59,0.407,0.693,0.812,114.29,10.83,0.173,4.141,44.93,443.34,Medium
7826,Thermograph,Mixed,Thermal Anomaly,6,0.527,0.013,47.13,0.788,0.947,0.351,37.47,11.35,0.134,0.594,36.2,483.65,Medium
7827,C-scan (BVID with Holes),Damaged,BVID,3,0.685,0.049,49.96,0.34,0.942,0.587,112.67,1.34,0.113,4.995,56.12,501.69,Medium
7828,C-scan (Pristine with Holes),Pristine,None,2,0.514,0.039,0.39,0.141,0.393,0.32,74.86,11.77,0.023,0.241,31.61,432.71,Medium
7829,Thermograph,Mixed,None,5,0.661,0.04,13.27,0.985,0.356,0.34,66.26,1.44,0.11,2.995,24.43,536.82,Low
7830,C-scan (BVID with Holes),Damaged,BVID,3,0.651,0.048,4.65,0.971,0.992,0.428,106.96,14.18,0.127,1.689,55.18,877.19,Medium
7831,C-scan (BVID with Holes),Damaged,BVID,4,0.645,0.032,79.17,0.399,0.621,0.784,82.49,11.29,0.189,2.976,44.61,810.68,Medium
7832,C-scan (BVID with Holes),Damaged,BVID,5,0.693,0.039,44.16,0.425,0.715,0.631,117.06,8.4,0.174,4.949,41.17,621.41,Medium
7833,C-scan (Pristine with Holes),Pristine,None,5,0.675,0.064,26.14,0.595,0.185,0.329,75.52,9.59,0.019,0.867,29.5,411.86,Low
7834,C-scan (BVID with Holes),Damaged,BVID,4,0.621,0.078,75.93,0.332,0.604,0.526,52.8,12.61,0.145,1.729,43.12,571.93,Medium
7835,C-scan (Pristine with Holes),Pristine,None,2,0.471,0.017,21.87,0.822,0.552,0.594,105.5,0.77,0.042,0.186,59.24,408.54,High
7836,C-scan (BVID with Holes),Damaged,BVID,6,0.508,0.079,55.66,0.81,0.391,0.741,117.25,1.91,0.098,3.687,59.96,718.72,Medium
7837,C-scan (BVID with Holes),Damaged,BVID,2,0.583,0.028,8.93,0.587,0.901,0.256,81.96,13.94,0.173,3.203,28.94,521.94,Low
7838,C-scan (BVID with Holes),Damaged,BVID,2,0.464,0.024,34.0,0.512,0.597,0.62,41.81,7.58,0.131,3.263,50.41,617.08,Medium
7839,C-scan (Pristine with Holes),Pristine,None,2,0.513,0.041,6.01,0.508,0.14,0.331,59.73,3.76,0.022,0.369,58.24,673.75,High
7840,Thermograph,Mixed,Thermal Anomaly,5,0.497,0.067,47.82,0.135,0.636,0.523,66.71,14.08,0.065,0.952,49.17,700.4,High
7841,C-scan (Pristine with Holes),Pristine,None,2,0.504,0.063,73.81,0.451,0.45,0.41,78.86,12.11,0.01,0.259,54.01,719.46,High
7842,C-scan (Pristine with Holes),Pristine,None,5,0.605,0.026,65.98,0.706,0.455,0.74,100.72,6.68,0.013,0.517,23.3,575.17,Low
7843,C-scan (Pristine with Holes),Pristine,None,6,0.645,0.036,47.52,0.133,0.423,0.269,86.61,14.68,0.015,0.244,51.7,647.35,High
7844,C-scan (BVID with Holes),Damaged,BVID,6,0.579,0.01,4.85,0.783,0.899,0.824,91.59,7.34,0.196,2.597,43.75,748.72,Medium
7845,C-scan (BVID with Holes),Damaged,BVID,3,0.498,0.067,39.53,0.398,0.517,0.854,54.63,13.89,0.116,3.58,59.68,398.44,Medium
7846,C-scan (BVID with Holes),Damaged,BVID,2,0.544,0.077,20.19,0.616,0.933,0.419,38.77,7.82,0.103,4.013,28.99,480.49,Low
7847,C-scan (BVID with Holes),Damaged,BVID,6,0.491,0.047,66.86,0.459,0.573,0.713,111.52,2.23,0.104,4.918,35.75,411.54,Medium
7848,Thermograph,Mixed,Thermal Anomaly,2,0.475,0.071,34.21,0.579,0.563,0.457,39.94,1.57,0.05,2.495,44.18,415.9,Medium
7849,C-scan (Pristine with Holes),Pristine,None,5,0.66,0.028,24.88,0.518,0.121,0.669,79.82,11.31,0.048,0.631,49.28,685.98,High
7850,C-scan (Pristine with Holes),Pristine,None,2,0.685,0.026,86.52,0.764,0.762,0.545,61.37,11.55,0.032,0.366,31.83,417.43,Medium
7851,C-scan (Pristine with Holes),Pristine,None,2,0.482,0.078,8.58,0.577,0.742,0.27,69.85,14.55,0.041,0.728,25.86,383.07,Low
7852,C-scan (Pristine with Holes),Pristine,None,4,0.635,0.043,19.64,0.116,0.857,0.499,56.87,8.78,0.02,0.562,33.0,444.8,Medium
7853,C-scan (Pristine with Holes),Pristine,None,2,0.652,0.04,9.61,0.144,0.777,0.432,92.94,14.26,0.042,0.157,46.31,764.65,High
7854,Thermograph,Mixed,Thermal Anomaly,5,0.5,0.049,21.71,0.537,0.457,0.389,66.21,2.06,0.114,3.203,58.84,549.03,Medium
7855,Thermograph,Mixed,Thermal Anomaly,3,0.498,0.067,47.31,0.801,0.202,0.702,28.03,4.09,0.047,2.451,50.62,759.03,High
7856,C-scan (BVID with Holes),Damaged,BVID,2,0.622,0.03,79.8,0.581,0.403,0.316,91.78,13.14,0.097,3.968,34.35,552.85,Medium
7857,Thermograph,Mixed,Thermal Anomaly,3,0.489,0.014,70.1,0.956,0.952,0.379,74.33,4.15,0.059,0.652,37.06,432.65,Medium
7858,C-scan (BVID with Holes),Damaged,BVID,4,0.664,0.075,34.72,0.742,0.725,0.78,110.89,8.74,0.163,4.049,54.93,537.02,Medium
7859,C-scan (Pristine with Holes),Pristine,None,4,0.524,0.034,3.42,0.308,0.14,0.322,101.34,12.99,0.037,0.564,58.28,444.39,High
7860,Thermograph,Mixed,Thermal Anomaly,3,0.49,0.013,80.72,0.978,0.434,0.804,106.73,9.62,0.084,1.212,28.43,534.23,Low
7861,C-scan (Pristine with Holes),Pristine,None,5,0.505,0.056,89.05,0.27,0.162,0.651,86.89,12.11,0.026,0.343,47.85,549.14,High
7862,Thermograph,Mixed,Thermal Anomaly,5,0.633,0.071,50.55,0.342,0.814,0.344,59.74,6.59,0.05,2.432,31.47,660.48,Medium
7863,C-scan (BVID with Holes),Damaged,BVID,5,0.661,0.034,19.25,0.108,0.547,0.773,85.89,0.79,0.098,4.646,38.97,738.72,Medium
7864,C-scan (BVID with Holes),Damaged,BVID,3,0.667,0.063,51.36,0.807,0.445,0.852,115.29,8.72,0.166,1.349,39.48,656.47,Medium
7865,Thermograph,Mixed,None,3,0.496,0.044,71.5,0.702,0.277,0.276,38.35,8.77,0.048,3.42,57.56,622.29,High
7866,C-scan (BVID with Holes),Damaged,BVID,2,0.468,0.078,48.76,0.139,0.631,0.207,107.42,9.7,0.172,1.106,52.0,476.53,Medium
7867,Thermograph,Mixed,None,2,0.465,0.053,41.86,0.923,0.688,0.873,29.71,4.28,0.146,2.964,20.6,623.55,Low
7868,Thermograph,Mixed,Thermal Anomaly,6,0.699,0.019,27.79,0.938,0.521,0.714,85.66,5.26,0.128,1.485,30.98,789.23,Medium
7869,C-scan (BVID with Holes),Damaged,BVID,3,0.588,0.037,43.06,0.862,0.242,0.72,111.64,14.59,0.141,3.717,34.62,471.29,Medium
7870,C-scan (BVID with Holes),Damaged,BVID,4,0.536,0.047,65.59,0.245,0.831,0.535,29.3,3.24,0.117,4.503,52.38,588.51,Medium
7871,C-scan (Pristine with Holes),Pristine,None,4,0.453,0.077,88.19,0.206,0.343,0.857,113.02,13.86,0.019,0.242,25.32,678.98,Low
7872,Thermograph,Mixed,None,3,0.521,0.074,25.71,0.639,0.861,0.423,74.57,13.71,0.122,3.37,53.59,713.78,Medium
7873,C-scan (BVID with Holes),Damaged,BVID,4,0.616,0.046,37.44,0.902,0.687,0.547,89.74,11.78,0.126,1.952,45.44,709.89,Medium
7874,C-scan (Pristine with Holes),Pristine,None,3,0.694,0.017,51.69,0.234,0.196,0.44,25.22,11.49,0.016,0.298,31.89,836.74,Medium
7875,C-scan (BVID with Holes),Damaged,BVID,4,0.692,0.037,86.78,0.565,0.551,0.671,26.25,2.11,0.159,4.402,49.08,502.28,Medium
7876,C-scan (Pristine with Holes),Pristine,None,5,0.606,0.068,55.1,0.467,0.545,0.892,95.66,1.46,0.049,0.249,25.51,874.37,Low
7877,Thermograph,Mixed,None,6,0.546,0.04,33.79,0.176,0.569,0.792,28.39,4.38,0.103,1.055,43.24,517.04,Medium
7878,C-scan (BVID with Holes),Damaged,BVID,5,0.628,0.012,3.26,0.285,0.314,0.413,26.42,12.17,0.129,4.054,37.83,844.94,Medium
7879,Thermograph,Mixed,None,6,0.525,0.042,66.0,0.563,0.612,0.713,62.14,4.34,0.113,0.854,32.99,893.54,Medium
7880,Thermograph,Mixed,None,4,0.589,0.048,9.1,0.159,0.417,0.281,85.94,6.07,0.069,1.122,39.5,411.19,Medium
7881,Thermograph,Mixed,None,2,0.593,0.059,26.55,0.738,0.769,0.789,109.81,6.06,0.034,1.222,23.54,656.7,Low
7882,C-scan (BVID with Holes),Damaged,BVID,3,0.613,0.021,31.73,0.927,0.564,0.605,99.45,10.3,0.12,1.086,45.23,682.38,Medium
7883,C-scan (Pristine with Holes),Pristine,None,3,0.491,0.018,9.79,0.296,0.578,0.641,91.76,4.06,0.046,0.586,23.8,401.4,Low
7884,C-scan (BVID with Holes),Damaged,BVID,3,0.477,0.074,73.47,0.863,0.496,0.869,34.5,3.19,0.107,3.319,34.85,818.73,Medium
7885,Thermograph,Mixed,None,4,0.629,0.021,86.2,0.24,0.713,0.589,94.82,6.83,0.08,1.218,33.2,559.84,Medium
7886,Thermograph,Mixed,None,4,0.471,0.069,33.46,0.631,0.535,0.888,57.62,12.82,0.048,1.35,37.65,518.78,Medium
7887,C-scan (Pristine with Holes),Pristine,None,5,0.665,0.032,54.04,0.729,0.405,0.6,53.46,14.08,0.01,0.884,22.82,404.72,Low
7888,C-scan (Pristine with Holes),Pristine,None,3,0.682,0.014,50.8,0.625,0.166,0.512,49.34,6.76,0.012,0.778,50.27,789.7,High
7889,C-scan (BVID with Holes),Damaged,BVID,4,0.567,0.062,5.04,0.67,0.399,0.571,76.55,7.14,0.191,3.405,28.66,858.28,Low
7890,C-scan (BVID with Holes),Damaged,BVID,6,0.489,0.015,49.06,0.453,0.224,0.334,58.39,5.29,0.081,2.881,59.03,672.75,Medium
7891,C-scan (Pristine with Holes),Pristine,None,5,0.638,0.039,40.94,0.431,0.742,0.302,117.85,12.21,0.027,0.426,24.72,728.51,Low
7892,C-scan (BVID with Holes),Damaged,BVID,2,0.511,0.029,50.51,0.524,0.364,0.774,82.5,10.81,0.197,2.186,39.07,775.05,Medium
7893,C-scan (Pristine with Holes),Pristine,None,5,0.608,0.013,60.75,0.184,0.667,0.73,25.64,14.89,0.028,0.215,23.53,769.61,Low
7894,Thermograph,Mixed,None,6,0.531,0.029,4.4,0.439,0.9,0.867,68.65,7.17,0.069,1.934,24.25,471.47,Low
7895,Thermograph,Mixed,None,5,0.563,0.046,72.95,0.554,0.142,0.697,105.24,7.67,0.101,1.159,22.62,389.63,Low
7896,C-scan (BVID with Holes),Damaged,BVID,2,0.644,0.014,22.58,0.89,0.869,0.872,37.07,12.57,0.188,3.975,29.15,438.89,Low
7897,C-scan (Pristine with Holes),Pristine,None,2,0.576,0.073,83.51,0.809,0.679,0.841,56.64,11.45,0.039,0.632,28.39,459.8,Low
7898,C-scan (Pristine with Holes),Pristine,None,4,0.518,0.038,5.21,0.905,0.241,0.753,67.66,13.84,0.039,0.529,43.21,791.63,Medium
7899,Thermograph,Mixed,None,2,0.609,0.068,67.0,0.66,0.414,0.772,53.92,12.35,0.065,3.437,37.13,426.74,Medium
7900,C-scan (Pristine with Holes),Pristine,None,5,0.55,0.075,46.58,0.679,0.979,0.455,48.03,14.15,0.019,0.985,33.51,635.63,Medium
7901,C-scan (Pristine with Holes),Pristine,None,2,0.636,0.069,20.41,0.945,0.294,0.365,49.06,10.59,0.023,0.427,58.86,352.03,High
7902,Thermograph,Mixed,None,2,0.523,0.062,64.88,0.356,0.369,0.886,101.24,9.63,0.146,0.818,33.13,808.55,Medium
7903,C-scan (Pristine with Holes),Pristine,None,5,0.5,0.03,81.72,0.365,0.569,0.351,98.78,6.07,0.012,0.389,50.68,694.04,High
7904,C-scan (BVID with Holes),Damaged,BVID,2,0.512,0.021,46.82,0.225,0.245,0.601,73.1,14.33,0.157,4.493,31.55,629.54,Medium
7905,C-scan (BVID with Holes),Damaged,BVID,6,0.565,0.019,12.58,0.789,0.918,0.432,34.07,8.81,0.089,3.085,36.58,773.44,Medium
7906,C-scan (Pristine with Holes),Pristine,None,3,0.624,0.074,60.63,0.69,0.379,0.685,49.38,1.05,0.044,0.868,39.27,898.29,Medium
7907,C-scan (BVID with Holes),Damaged,BVID,5,0.464,0.03,31.31,0.609,0.31,0.58,67.37,3.92,0.103,1.467,27.36,823.45,Low
7908,C-scan (BVID with Holes),Damaged,BVID,3,0.59,0.049,65.94,0.529,0.649,0.443,40.44,14.04,0.085,1.617,20.47,633.16,Low
7909,Thermograph,Mixed,Thermal Anomaly,2,0.637,0.036,9.92,0.491,0.908,0.43,29.72,2.72,0.032,2.541,40.1,833.73,Medium
7910,C-scan (Pristine with Holes),Pristine,None,5,0.601,0.049,27.93,0.792,0.543,0.625,62.22,3.48,0.043,0.715,44.51,387.45,Medium
7911,C-scan (Pristine with Holes),Pristine,None,6,0.536,0.019,44.18,0.24,0.611,0.483,41.52,2.24,0.039,0.45,45.49,869.8,High
7912,Thermograph,Mixed,Thermal Anomaly,4,0.675,0.035,31.56,0.123,0.764,0.545,87.63,11.85,0.12,1.501,42.99,424.79,Medium
7913,Thermograph,Mixed,Thermal Anomaly,6,0.588,0.033,5.51,0.556,0.159,0.895,85.53,6.6,0.078,2.513,52.85,817.79,High
7914,C-scan (Pristine with Holes),Pristine,None,6,0.677,0.012,42.74,0.323,0.911,0.471,37.71,5.86,0.049,0.322,31.23,514.75,Medium
7915,Thermograph,Mixed,None,5,0.513,0.059,82.17,0.269,0.461,0.839,45.48,3.79,0.15,0.514,52.21,417.33,Medium
7916,C-scan (BVID with Holes),Damaged,BVID,2,0.533,0.078,89.28,0.847,0.866,0.759,51.88,8.04,0.117,1.15,55.77,865.45,Medium
7917,Thermograph,Mixed,Thermal Anomaly,3,0.587,0.025,81.8,0.606,0.467,0.551,106.58,14.16,0.052,2.682,49.2,884.5,High
7918,C-scan (BVID with Holes),Damaged,BVID,2,0.573,0.054,44.06,0.257,0.829,0.399,114.62,12.04,0.131,1.919,33.36,433.81,Medium
7919,C-scan (Pristine with Holes),Pristine,None,2,0.479,0.02,75.37,0.525,0.807,0.432,34.25,13.19,0.027,0.153,36.32,533.71,Medium
7920,C-scan (BVID with Holes),Damaged,BVID,3,0.585,0.023,88.76,0.394,0.912,0.254,48.51,1.29,0.15,3.72,34.27,365.51,Medium
7921,C-scan (BVID with Holes),Damaged,BVID,4,0.482,0.02,45.08,0.123,0.403,0.454,82.07,3.5,0.088,1.92,38.79,887.1,Medium
7922,C-scan (BVID with Holes),Damaged,BVID,4,0.616,0.051,61.03,0.281,0.283,0.751,32.91,8.56,0.137,4.335,52.04,711.53,Medium
7923,Thermograph,Mixed,None,5,0.672,0.015,10.08,0.75,0.42,0.382,73.76,14.84,0.075,0.957,28.1,634.63,Low
7924,C-scan (Pristine with Holes),Pristine,None,6,0.451,0.041,7.84,0.411,0.801,0.225,95.39,5.59,0.023,0.256,36.83,520.54,Medium
7925,Thermograph,Mixed,None,6,0.63,0.036,80.83,0.398,0.442,0.535,27.12,3.82,0.062,2.87,37.11,411.3,Medium
7926,Thermograph,Mixed,None,5,0.59,0.028,45.93,0.634,0.453,0.211,56.95,7.63,0.034,2.585,35.84,427.7,Medium
7927,C-scan (Pristine with Holes),Pristine,None,5,0.634,0.041,1.67,0.536,0.915,0.569,77.89,12.7,0.026,0.965,53.1,579.5,High
7928,C-scan (BVID with Holes),Damaged,BVID,4,0.522,0.076,75.86,0.854,0.867,0.328,72.13,2.04,0.176,2.426,21.5,804.21,Low
7929,Thermograph,Mixed,Thermal Anomaly,3,0.563,0.016,26.74,0.969,0.806,0.855,107.21,14.85,0.037,1.426,33.21,355.64,Medium
7930,Thermograph,Mixed,Thermal Anomaly,4,0.514,0.019,22.47,0.798,0.537,0.828,111.66,9.12,0.116,2.25,25.57,560.32,Low
7931,C-scan (Pristine with Holes),Pristine,None,5,0.512,0.019,88.59,0.271,0.501,0.581,111.99,4.52,0.04,0.807,22.1,703.32,Low
7932,C-scan (Pristine with Holes),Pristine,None,6,0.62,0.047,27.34,0.33,0.703,0.674,115.9,11.21,0.047,0.159,55.28,429.05,High
7933,C-scan (Pristine with Holes),Pristine,None,2,0.566,0.025,24.77,0.829,0.636,0.59,29.06,8.28,0.03,0.174,53.51,429.26,High
7934,C-scan (Pristine with Holes),Pristine,None,3,0.504,0.077,80.53,0.953,0.419,0.394,112.24,12.16,0.038,0.398,27.02,797.32,Low
7935,C-scan (BVID with Holes),Damaged,BVID,2,0.644,0.014,68.82,0.363,0.321,0.436,71.63,2.43,0.197,3.373,54.46,511.04,Medium
7936,C-scan (BVID with Holes),Damaged,BVID,6,0.545,0.069,33.74,0.883,0.933,0.304,86.85,2.83,0.1,3.555,22.89,757.26,Low
7937,C-scan (Pristine with Holes),Pristine,None,2,0.515,0.017,34.2,0.867,0.69,0.51,26.24,10.31,0.039,0.263,47.73,699.15,High
7938,C-scan (BVID with Holes),Damaged,BVID,5,0.466,0.013,60.5,0.692,0.73,0.524,58.69,3.48,0.13,2.115,32.34,408.69,Medium
7939,C-scan (Pristine with Holes),Pristine,None,4,0.638,0.064,43.23,0.873,0.394,0.268,96.51,13.2,0.017,0.616,32.01,605.08,Medium
7940,C-scan (BVID with Holes),Damaged,BVID,3,0.625,0.031,50.41,0.604,0.88,0.343,116.63,4.86,0.142,2.609,29.58,554.53,Low
7941,Thermograph,Mixed,Thermal Anomaly,5,0.495,0.024,89.57,0.287,0.806,0.27,39.62,8.58,0.046,2.424,39.72,350.44,Medium
7942,C-scan (BVID with Holes),Damaged,BVID,3,0.584,0.08,88.85,0.567,0.597,0.659,99.0,12.67,0.095,1.333,26.84,391.4,Low
7943,C-scan (Pristine with Holes),Pristine,None,3,0.689,0.019,34.38,0.794,0.502,0.366,27.99,11.09,0.043,0.167,27.26,705.07,Low
7944,C-scan (BVID with Holes),Damaged,BVID,5,0.595,0.067,16.7,0.975,0.934,0.585,95.37,6.06,0.145,1.937,40.42,517.3,Medium
7945,C-scan (BVID with Holes),Damaged,BVID,6,0.489,0.074,65.26,0.671,0.673,0.461,59.77,13.66,0.092,1.702,28.46,437.27,Low
7946,Thermograph,Mixed,None,2,0.66,0.044,81.52,0.612,0.72,0.613,37.25,7.88,0.057,1.669,52.57,525.14,High
7947,Thermograph,Mixed,Thermal Anomaly,6,0.693,0.034,75.65,0.302,0.273,0.468,44.14,2.57,0.129,2.273,29.94,747.86,Low
7948,Thermograph,Mixed,None,5,0.526,0.078,70.57,0.928,0.613,0.58,43.66,8.58,0.05,3.374,44.8,363.85,Medium
7949,C-scan (BVID with Holes),Damaged,BVID,6,0.539,0.051,28.2,0.335,0.994,0.367,26.21,2.47,0.086,1.291,40.81,616.49,Medium
7950,C-scan (BVID with Holes),Damaged,BVID,6,0.649,0.027,43.45,0.157,0.235,0.404,96.15,1.45,0.124,4.165,49.04,585.81,Medium
7951,C-scan (Pristine with Holes),Pristine,None,6,0.621,0.054,27.2,0.953,0.152,0.807,54.06,5.4,0.019,0.408,41.03,750.02,Medium
7952,Thermograph,Mixed,None,6,0.564,0.067,81.5,0.738,0.837,0.547,104.19,2.28,0.067,2.887,55.32,808.27,High
7953,C-scan (BVID with Holes),Damaged,BVID,3,0.517,0.032,66.56,0.733,0.732,0.806,108.29,8.1,0.13,1.273,22.69,674.07,Low
7954,C-scan (BVID with Holes),Damaged,BVID,6,0.534,0.035,76.23,0.9,0.513,0.395,63.3,6.78,0.11,2.153,25.01,413.85,Low
7955,C-scan (Pristine with Holes),Pristine,None,3,0.573,0.042,20.09,0.855,0.123,0.269,67.67,4.14,0.028,0.339,50.37,662.61,High
7956,C-scan (Pristine with Holes),Pristine,None,2,0.667,0.024,55.45,0.615,0.409,0.628,73.2,11.39,0.04,0.801,23.73,462.19,Low
7957,C-scan (Pristine with Holes),Pristine,None,6,0.51,0.011,28.25,0.624,0.666,0.835,52.85,0.97,0.041,0.124,29.62,651.57,Low
7958,C-scan (Pristine with Holes),Pristine,None,6,0.506,0.076,70.52,0.92,0.255,0.704,76.16,6.28,0.048,0.494,24.55,485.84,Low
7959,Thermograph,Mixed,Thermal Anomaly,5,0.692,0.079,61.89,0.704,0.717,0.246,49.99,5.63,0.125,2.628,48.54,726.23,Medium
7960,C-scan (Pristine with Holes),Pristine,None,4,0.553,0.046,63.79,0.704,0.254,0.777,103.39,4.39,0.021,0.326,39.34,575.82,Medium
7961,C-scan (Pristine with Holes),Pristine,None,4,0.495,0.048,4.21,0.324,0.679,0.738,42.85,1.12,0.017,0.661,27.33,897.4,Low
7962,C-scan (BVID with Holes),Damaged,BVID,4,0.476,0.034,86.8,0.188,0.783,0.371,107.72,6.01,0.137,4.665,53.84,398.26,Medium
7963,Thermograph,Mixed,None,3,0.694,0.076,81.16,0.383,0.116,0.489,52.24,9.16,0.079,0.537,22.94,812.57,Low
7964,C-scan (Pristine with Holes),Pristine,None,3,0.68,0.015,87.3,0.195,0.868,0.57,100.8,2.59,0.028,0.26,25.97,889.63,Low
7965,C-scan (BVID with Holes),Damaged,BVID,4,0.547,0.052,87.92,0.688,0.864,0.785,90.52,14.63,0.167,1.678,24.28,815.41,Low
7966,C-scan (Pristine with Holes),Pristine,None,2,0.688,0.04,27.19,0.732,0.709,0.795,83.99,0.77,0.027,0.929,27.79,563.46,Low
7967,Thermograph,Mixed,None,4,0.523,0.039,41.63,0.851,0.546,0.34,68.77,4.45,0.091,2.582,24.81,612.26,Low
7968,Thermograph,Mixed,None,4,0.596,0.011,23.24,0.486,0.118,0.412,90.66,7.65,0.13,2.387,29.63,704.95,Low
7969,C-scan (Pristine with Holes),Pristine,None,5,0.453,0.059,44.38,0.427,0.716,0.682,71.52,2.05,0.021,0.643,48.05,441.82,High
7970,C-scan (BVID with Holes),Damaged,BVID,2,0.58,0.032,79.16,0.817,0.698,0.643,83.08,2.82,0.109,2.316,23.02,627.85,Low
7971,C-scan (Pristine with Holes),Pristine,None,4,0.667,0.069,14.67,0.766,0.657,0.3,100.36,5.46,0.048,0.836,40.5,884.1,Medium
7972,C-scan (BVID with Holes),Damaged,BVID,6,0.653,0.079,38.44,0.242,0.731,0.405,95.8,12.54,0.166,1.517,36.47,388.94,Medium
7973,C-scan (BVID with Holes),Damaged,BVID,3,0.491,0.041,3.82,0.669,0.258,0.452,30.36,10.24,0.137,2.655,52.31,647.59,Medium
7974,C-scan (Pristine with Holes),Pristine,None,4,0.599,0.014,66.3,0.492,0.241,0.403,107.8,11.3,0.04,0.198,32.23,375.09,Medium
7975,Thermograph,Mixed,Thermal Anomaly,5,0.559,0.059,32.35,0.963,0.272,0.336,93.95,10.3,0.126,1.366,56.64,818.73,Medium
7976,Thermograph,Mixed,Thermal Anomaly,5,0.452,0.024,79.83,0.408,0.993,0.369,108.61,14.38,0.135,1.533,22.62,657.66,Low
7977,C-scan (BVID with Holes),Damaged,BVID,2,0.488,0.036,40.49,0.511,0.756,0.724,83.79,11.05,0.096,4.204,54.86,786.54,Medium
7978,Thermograph,Mixed,Thermal Anomaly,4,0.598,0.035,13.47,0.264,0.696,0.583,115.84,12.94,0.065,0.924,38.22,837.67,Medium
7979,C-scan (BVID with Holes),Damaged,BVID,2,0.696,0.062,27.39,0.307,0.184,0.417,62.0,13.55,0.187,4.883,24.45,548.69,Low
7980,C-scan (BVID with Holes),Damaged,BVID,5,0.618,0.068,49.82,0.953,0.805,0.514,79.26,11.25,0.091,1.558,52.81,453.07,Medium
7981,C-scan (Pristine with Holes),Pristine,None,3,0.473,0.045,2.94,0.81,0.819,0.749,97.24,13.57,0.042,0.824,30.08,491.14,Medium
7982,Thermograph,Mixed,None,2,0.569,0.07,10.71,0.739,0.411,0.51,106.27,3.76,0.062,1.022,26.05,463.15,Low
7983,Thermograph,Mixed,Thermal Anomaly,5,0.51,0.015,66.31,0.918,0.257,0.507,60.4,3.43,0.035,1.118,28.93,752.02,Low
7984,C-scan (Pristine with Holes),Pristine,None,2,0.697,0.039,38.94,0.949,0.285,0.283,69.31,8.45,0.025,0.434,21.02,842.22,Low
7985,C-scan (BVID with Holes),Damaged,BVID,4,0.484,0.037,53.9,0.981,0.419,0.703,99.7,7.83,0.151,4.198,28.59,720.24,Low
7986,C-scan (Pristine with Holes),Pristine,None,5,0.629,0.046,30.35,0.631,0.241,0.221,45.91,13.14,0.016,0.888,25.05,476.32,Low
7987,Thermograph,Mixed,None,2,0.544,0.035,34.41,0.824,0.236,0.775,55.86,1.3,0.135,1.442,35.79,467.67,Medium
7988,C-scan (Pristine with Holes),Pristine,None,3,0.462,0.072,8.97,0.558,0.188,0.625,99.28,10.21,0.03,0.512,27.96,810.28,Low
7989,Thermograph,Mixed,None,5,0.672,0.076,77.6,0.437,0.55,0.309,80.6,4.86,0.104,1.632,53.58,485.35,Medium
7990,C-scan (Pristine with Holes),Pristine,None,4,0.484,0.014,22.1,0.994,0.569,0.277,99.62,14.55,0.032,0.401,59.66,854.96,High
7991,C-scan (BVID with Holes),Damaged,BVID,2,0.519,0.072,37.76,0.218,0.932,0.87,72.14,7.48,0.119,1.101,40.85,406.77,Medium
7992,Thermograph,Mixed,Thermal Anomaly,5,0.514,0.023,28.44,0.584,0.299,0.726,90.01,1.64,0.137,3.145,23.1,718.96,Low
7993,Thermograph,Mixed,Thermal Anomaly,4,0.644,0.073,88.46,0.89,0.646,0.769,76.18,14.96,0.079,0.94,43.71,560.11,Medium
7994,Thermograph,Mixed,Thermal Anomaly,5,0.483,0.05,83.82,0.781,0.814,0.584,115.93,1.49,0.128,0.919,40.06,723.14,Medium
7995,C-scan (Pristine with Holes),Pristine,None,4,0.508,0.025,63.63,0.4,0.54,0.204,50.9,12.46,0.032,0.926,45.68,574.87,High
7996,Thermograph,Mixed,Thermal Anomaly,3,0.642,0.079,21.71,0.206,0.97,0.805,65.53,4.51,0.132,1.591,43.47,685.92,Medium
7997,C-scan (BVID with Holes),Damaged,BVID,6,0.621,0.029,7.25,0.211,0.343,0.889,49.18,3.61,0.095,2.129,21.62,802.99,Low
7998,C-scan (BVID with Holes),Damaged,BVID,4,0.612,0.018,18.3,0.738,0.832,0.366,35.01,9.1,0.149,4.021,21.16,385.73,Low
7999,C-scan (BVID with Holes),Damaged,BVID,5,0.481,0.063,5.55,0.294,0.946,0.653,82.05,12.75,0.126,1.268,55.04,619.07,Medium
8000,C-scan (BVID with Holes),Damaged,BVID,4,0.467,0.048,21.55,0.578,0.226,0.873,119.73,1.84,0.081,3.105,59.07,426.95,Medium
8001,C-scan (BVID with Holes),Damaged,BVID,3,0.466,0.019,45.53,0.921,0.56,0.481,76.36,12.99,0.106,3.792,28.04,843.83,Low
8002,C-scan (BVID with Holes),Damaged,BVID,6,0.577,0.066,26.95,0.507,0.527,0.299,72.89,4.63,0.169,3.251,21.24,533.08,Low
8003,C-scan (Pristine with Holes),Pristine,None,5,0.479,0.015,88.38,0.124,0.151,0.595,69.13,12.02,0.02,0.829,40.06,893.15,Medium
8004,C-scan (Pristine with Holes),Pristine,None,2,0.681,0.066,1.81,0.651,0.117,0.48,102.08,14.05,0.044,0.247,32.51,549.48,Medium
8005,C-scan (Pristine with Holes),Pristine,None,3,0.509,0.029,82.91,0.337,0.771,0.235,67.03,3.25,0.023,0.551,31.34,442.08,Medium
8006,C-scan (BVID with Holes),Damaged,BVID,5,0.612,0.05,25.05,0.466,0.534,0.37,79.77,10.44,0.09,3.93,22.44,411.42,Low
8007,C-scan (BVID with Holes),Damaged,BVID,4,0.514,0.043,59.47,0.185,0.612,0.769,79.78,12.95,0.114,2.919,24.38,383.63,Low
8008,C-scan (BVID with Holes),Damaged,BVID,6,0.573,0.014,85.83,0.31,0.128,0.391,100.61,7.74,0.175,4.532,30.06,768.68,Medium
8009,C-scan (BVID with Holes),Damaged,BVID,2,0.454,0.041,44.74,0.138,0.775,0.315,85.36,3.35,0.129,4.363,49.64,392.65,Medium
8010,C-scan (BVID with Holes),Damaged,BVID,4,0.577,0.057,22.88,0.158,0.101,0.818,46.66,2.2,0.11,2.895,20.11,606.42,Low
8011,C-scan (Pristine with Holes),Pristine,None,3,0.582,0.069,7.71,0.683,0.597,0.588,27.79,14.24,0.046,0.195,25.87,821.76,Low
8012,Thermograph,Mixed,Thermal Anomaly,2,0.638,0.017,1.62,0.565,0.237,0.802,30.75,14.1,0.117,2.232,48.83,529.98,Medium
8013,C-scan (Pristine with Holes),Pristine,None,3,0.518,0.026,86.85,0.159,0.39,0.741,64.55,1.04,0.013,0.276,38.67,629.93,Medium
8014,Thermograph,Mixed,None,5,0.513,0.061,37.56,0.875,0.221,0.612,104.76,13.04,0.036,0.542,39.5,504.54,Medium
8015,Thermograph,Mixed,Thermal Anomaly,5,0.524,0.037,68.67,0.45,0.367,0.499,63.85,5.55,0.037,3.208,33.05,553.53,Medium
8016,C-scan (BVID with Holes),Damaged,BVID,5,0.471,0.067,81.95,0.232,0.591,0.467,62.34,8.22,0.188,4.795,25.12,686.29,Low
8017,Thermograph,Mixed,Thermal Anomaly,6,0.65,0.033,17.87,0.601,0.999,0.533,46.18,1.59,0.13,2.848,39.49,668.38,Medium
8018,C-scan (BVID with Holes),Damaged,BVID,3,0.48,0.061,88.21,0.382,0.661,0.738,43.12,7.8,0.083,2.443,35.34,724.12,Medium
8019,C-scan (BVID with Holes),Damaged,BVID,5,0.463,0.075,86.95,0.558,0.474,0.84,80.04,11.28,0.088,2.851,36.64,813.27,Medium
8020,Thermograph,Mixed,None,3,0.636,0.024,8.47,0.531,0.789,0.242,38.73,9.86,0.046,2.899,33.52,619.24,Medium
8021,Thermograph,Mixed,None,2,0.616,0.061,69.5,0.486,0.82,0.433,59.37,7.18,0.126,1.079,42.64,609.21,Medium
8022,C-scan (BVID with Holes),Damaged,BVID,2,0.622,0.045,20.12,0.898,0.145,0.499,81.02,6.64,0.127,2.827,55.26,494.54,Medium
8023,C-scan (Pristine with Holes),Pristine,None,6,0.565,0.014,57.08,0.355,0.178,0.886,101.01,6.96,0.038,0.953,57.27,885.55,High
8024,Thermograph,Mixed,Thermal Anomaly,3,0.458,0.066,43.77,0.833,0.502,0.246,54.83,10.92,0.042,1.624,39.68,806.14,Medium
8025,Thermograph,Mixed,Thermal Anomaly,2,0.513,0.073,23.18,0.651,0.244,0.559,35.69,13.97,0.063,0.743,41.32,678.15,Medium
8026,Thermograph,Mixed,Thermal Anomaly,2,0.521,0.037,34.64,0.815,0.445,0.417,57.91,10.0,0.129,1.164,22.77,765.33,Low
8027,C-scan (Pristine with Holes),Pristine,None,2,0.525,0.077,32.93,0.195,0.161,0.773,69.7,11.53,0.013,0.484,35.73,772.67,Medium
8028,C-scan (BVID with Holes),Damaged,BVID,4,0.492,0.058,88.98,0.608,0.124,0.512,81.59,14.16,0.182,1.378,41.66,828.07,Medium
8029,Thermograph,Mixed,None,6,0.574,0.052,52.83,0.849,0.512,0.677,74.48,5.54,0.043,3.366,32.87,869.37,Medium
8030,C-scan (Pristine with Holes),Pristine,None,2,0.575,0.071,71.57,0.186,0.555,0.897,63.15,4.2,0.048,0.352,32.6,623.31,Medium
8031,C-scan (BVID with Holes),Damaged,BVID,5,0.546,0.044,44.66,0.194,0.567,0.747,78.32,11.99,0.192,1.845,21.87,862.2,Low
8032,C-scan (Pristine with Holes),Pristine,None,6,0.472,0.071,13.83,0.353,0.508,0.583,59.7,2.87,0.048,0.173,47.12,698.92,High
8033,C-scan (BVID with Holes),Damaged,BVID,5,0.454,0.023,58.92,0.48,0.692,0.314,118.86,7.31,0.1,2.609,22.01,377.2,Low
8034,Thermograph,Mixed,None,4,0.572,0.016,36.47,0.685,0.176,0.651,31.61,13.89,0.11,1.475,29.71,856.58,Low
8035,C-scan (Pristine with Holes),Pristine,None,5,0.591,0.041,22.85,0.427,0.189,0.747,89.32,3.84,0.012,0.72,23.87,578.9,Low
8036,C-scan (BVID with Holes),Damaged,BVID,6,0.517,0.015,39.18,0.138,0.231,0.875,110.44,4.88,0.174,3.123,42.44,603.06,Medium
8037,C-scan (Pristine with Holes),Pristine,None,2,0.474,0.05,2.8,0.868,0.153,0.267,59.12,11.92,0.048,0.789,33.68,460.79,Medium
8038,Thermograph,Mixed,None,4,0.634,0.077,74.72,0.859,0.294,0.465,84.82,12.29,0.04,3.155,33.39,861.09,Medium
8039,C-scan (Pristine with Holes),Pristine,None,2,0.683,0.033,61.99,0.179,0.43,0.578,85.22,7.0,0.023,0.493,46.8,863.09,High
8040,C-scan (BVID with Holes),Damaged,BVID,5,0.609,0.073,58.78,0.134,0.76,0.267,112.52,6.79,0.109,1.597,39.4,700.24,Medium
8041,C-scan (Pristine with Holes),Pristine,None,2,0.614,0.043,15.37,0.94,0.601,0.815,93.16,8.81,0.032,0.652,32.9,619.41,Medium
8042,C-scan (Pristine with Holes),Pristine,None,4,0.64,0.064,71.22,0.191,0.938,0.772,47.17,1.82,0.032,0.46,27.57,420.53,Low
8043,C-scan (BVID with Holes),Damaged,BVID,2,0.502,0.07,6.92,0.573,0.344,0.413,99.63,9.26,0.17,3.982,59.0,392.59,Medium
8044,C-scan (BVID with Holes),Damaged,BVID,2,0.632,0.03,13.96,0.273,0.546,0.238,89.81,7.87,0.111,2.704,38.44,487.17,Medium
8045,Thermograph,Mixed,Thermal Anomaly,5,0.617,0.024,44.87,0.154,0.372,0.237,116.55,7.5,0.136,1.363,31.04,695.76,Medium
8046,Thermograph,Mixed,None,6,0.617,0.026,61.29,0.791,0.93,0.666,68.01,1.8,0.052,1.136,25.28,707.28,Low
8047,C-scan (Pristine with Holes),Pristine,None,6,0.576,0.073,52.76,0.956,0.79,0.243,48.41,10.19,0.022,0.497,57.8,359.85,High
8048,C-scan (Pristine with Holes),Pristine,None,4,0.635,0.067,33.96,0.165,0.477,0.504,69.64,4.97,0.038,0.326,41.68,372.82,Medium
8049,C-scan (Pristine with Holes),Pristine,None,6,0.469,0.071,57.58,0.168,0.879,0.31,101.39,7.01,0.04,0.92,21.73,538.1,Low
8050,Thermograph,Mixed,None,5,0.554,0.039,73.54,0.28,0.543,0.824,109.47,0.8,0.054,2.805,50.25,451.79,High
8051,C-scan (Pristine with Holes),Pristine,None,3,0.479,0.063,15.86,0.12,0.209,0.237,27.88,4.85,0.035,0.786,33.04,651.69,Medium
8052,C-scan (BVID with Holes),Damaged,BVID,2,0.595,0.074,26.66,0.308,0.782,0.861,76.39,12.61,0.146,4.684,41.3,845.24,Medium
8053,Thermograph,Mixed,Thermal Anomaly,2,0.575,0.051,29.11,0.773,0.709,0.647,40.01,7.44,0.11,2.866,37.7,469.34,Medium
8054,C-scan (BVID with Holes),Damaged,BVID,6,0.54,0.066,82.6,0.732,0.807,0.351,117.36,10.43,0.18,3.871,50.17,550.02,Medium
8055,Thermograph,Mixed,Thermal Anomaly,4,0.658,0.076,88.65,0.102,0.606,0.205,33.71,12.93,0.082,2.211,40.95,613.52,Medium
8056,Thermograph,Mixed,Thermal Anomaly,3,0.691,0.05,12.54,0.163,0.253,0.688,27.41,13.71,0.043,2.948,33.77,457.63,Medium
8057,Thermograph,Mixed,Thermal Anomaly,2,0.678,0.048,86.17,0.611,0.867,0.826,109.95,2.92,0.139,0.968,49.27,715.71,Medium
8058,C-scan (Pristine with Holes),Pristine,None,3,0.699,0.052,46.65,0.38,0.635,0.817,37.84,4.57,0.028,0.679,34.27,796.09,Medium
8059,Thermograph,Mixed,Thermal Anomaly,5,0.539,0.078,75.18,0.593,0.126,0.512,70.18,4.97,0.051,2.442,37.18,600.59,Medium
8060,C-scan (BVID with Holes),Damaged,BVID,6,0.572,0.027,30.65,0.362,0.938,0.606,113.93,12.95,0.159,1.747,28.87,664.92,Low
8061,C-scan (BVID with Holes),Damaged,BVID,3,0.559,0.042,26.09,0.793,0.996,0.752,82.0,12.75,0.161,2.973,39.61,752.79,Medium
8062,Thermograph,Mixed,None,6,0.632,0.08,9.26,0.262,0.45,0.521,30.4,13.93,0.082,3.03,55.77,367.6,Medium
8063,C-scan (Pristine with Holes),Pristine,None,4,0.673,0.021,69.28,0.548,0.349,0.38,113.33,14.58,0.032,0.407,21.02,472.59,Low
8064,C-scan (BVID with Holes),Damaged,BVID,3,0.473,0.012,31.11,0.389,0.353,0.607,84.16,6.1,0.137,4.609,56.46,704.02,Medium
8065,Thermograph,Mixed,None,5,0.49,0.028,35.22,0.841,0.446,0.791,96.06,0.72,0.124,1.012,20.73,607.44,Low
8066,C-scan (BVID with Holes),Damaged,BVID,6,0.548,0.028,57.48,0.409,0.645,0.322,64.13,2.6,0.194,2.337,39.59,693.27,Medium
8067,C-scan (BVID with Holes),Damaged,BVID,5,0.586,0.036,71.83,0.503,0.127,0.463,77.76,13.01,0.115,2.389,44.95,559.41,Medium
8068,C-scan (BVID with Holes),Damaged,BVID,2,0.483,0.028,32.42,0.35,0.294,0.803,75.2,8.39,0.13,1.792,39.82,713.48,Medium
8069,Thermograph,Mixed,None,3,0.495,0.076,23.11,0.353,0.619,0.466,66.84,12.39,0.051,3.48,48.55,846.67,High
8070,C-scan (BVID with Holes),Damaged,BVID,3,0.679,0.054,9.78,0.871,0.784,0.66,42.57,4.97,0.175,1.762,23.05,763.1,Low
8071,Thermograph,Mixed,Thermal Anomaly,6,0.56,0.018,89.96,0.769,0.503,0.73,28.7,6.67,0.13,2.703,45.55,419.81,Medium
8072,Thermograph,Mixed,None,2,0.697,0.048,41.37,0.601,0.981,0.562,107.37,5.14,0.099,1.705,45.33,417.12,Medium
8073,Thermograph,Mixed,Thermal Anomaly,4,0.545,0.025,43.03,0.312,0.715,0.777,112.29,12.83,0.042,1.705,44.98,815.45,Medium
8074,Thermograph,Mixed,Thermal Anomaly,2,0.607,0.054,38.21,0.629,0.953,0.738,36.0,3.99,0.132,3.03,27.77,426.56,Low
8075,Thermograph,Mixed,Thermal Anomaly,5,0.68,0.047,19.02,0.961,0.859,0.439,40.18,4.28,0.084,1.12,21.48,631.94,Low
8076,Thermograph,Mixed,None,2,0.551,0.034,36.3,0.142,0.987,0.867,89.96,5.41,0.049,2.721,23.11,757.75,Low
8077,C-scan (Pristine with Holes),Pristine,None,5,0.475,0.052,24.11,0.518,0.318,0.268,33.48,13.97,0.026,0.405,59.09,812.89,High
8078,Thermograph,Mixed,None,5,0.679,0.029,87.01,0.343,0.556,0.499,108.07,9.7,0.118,2.267,52.39,510.06,Medium
8079,C-scan (Pristine with Holes),Pristine,None,3,0.451,0.053,9.51,0.624,0.685,0.464,111.62,8.11,0.047,0.119,56.76,755.22,High
8080,C-scan (BVID with Holes),Damaged,BVID,5,0.678,0.068,1.13,0.86,0.914,0.423,72.39,12.6,0.117,1.867,59.66,722.63,Medium
